date,capital,period_return,borrow_cost,turnover,ic,n_long,n_short,ret_value,ret_momentum,ret_quality,ret_low_vol,ret_size
2016-01-04,1071105.1412094464,0.07432812558620494,0.0024999999999999996,2.0,0.18732210943233057,94,94,-0.007600810704436229,0.06416779025754532,0.036740686507033146,0.11314797205964616,-0.0027554908671424405
2016-02-03,1055831.704154005,-0.013346332954023231,0.0024999999999999996,0.6170212765957446,-0.09556605673736891,94,94,0.05672592097143496,-0.08157637208603487,-0.03614325873599012,-0.06689944718839341,0.04581744747974453
2016-03-04,1046582.7857683571,-0.0073976531792156975,0.0024999999999999996,0.9148936170212766,0.04344976621504669,94,94,-0.03761248154677189,0.03370553822473343,-0.039046473159263156,-0.02049959578442599,0.0006913012057150163
2016-04-05,1057116.3929146635,0.011150418711289394,0.0025000000000000014,0.7157894736842105,0.1456047829627527,95,95,0.06949666439303705,-0.012623226726597462,0.01673386087396344,-0.03783929928850492,0.04028690819861977
2016-05-04,1056893.6760171398,0.0007690167748712713,0.0025000000000000014,0.6526315789473683,0.08413285022278413,95,95,-0.0059102704864960765,0.0020244142180656666,-0.002843751977281034,-0.004755764113893502,-0.017039781173941816
2016-06-03,1076644.126215968,0.020040158474108272,0.0025000000000000014,0.8842105263157894,0.12790983607463668,95,95,-0.01918360474083388,0.0529653548282646,-0.01870422779212516,0.014068823397245493,0.010799842092226836
2016-07-05,1041506.8228067728,-0.03196341889369045,0.0025000000000000014,0.4631578947368421,-0.08599342714094399,95,95,0.03678895190748536,-0.03816376685586396,-0.024829661600201544,-0.05551816053395146,-0.0015827442467957129
2016-08-03,1011109.492292018,-0.028265325131422516,0.0025000000000000014,0.631578947368421,0.03200734361511967,95,95,0.030555216231299604,-0.05672308867657227,-0.008552648119965964,-0.03647698383325369,0.08426847985134812
2016-09-01,985510.3546584325,-0.024464275204289197,0.0025,0.5833333333333334,0.044246182084794694,96,96,-0.0036296166047723143,0.005701877139508647,-0.038925315438763916,-0.05696272814665174,0.06628630900249904
2016-10-03,1022250.5116572445,0.03805888000339992,0.0025,0.49999999999999994,0.12829743066077184,96,96,0.048608174141990104,0.010119850283467105,0.03695032550399558,0.05545455135179807,-0.016552618826015816
2016-11-01,1088077.2808652653,0.06528353708355364,0.0025000000000000005,0.556701030927835,0.14479008558983567,97,97,0.09882471622667521,-0.02836177784509166,0.015652621183254268,-0.035115392399401035,0.08568551833002123
2016-12-01,1077697.5087052877,-0.008312724549062908,0.0025000000000000005,0.8247422680412371,0.07227405579851215,97,97,0.020144329515015838,-0.05474701816329139,0.02017779654586204,-0.020023200662867773,0.061461665456341685
2017-01-03,1034581.8717651513,-0.038918607033991366,0.0024999999999999996,0.7551020408163265,-0.1388451243453912,98,98,0.005272613748775719,-0.0018201490982430978,-0.048336079000081245,-0.030897189087081296,0.005632432020718135
2017-02-02,1025600.076548112,-0.0075574772058020065,0.0024999999999999996,0.7551020408163265,-0.023731569206526096,98,98,-0.02244409122484836,-0.017393507395720074,0.029679947922595908,0.008668928841071073,-0.004322238453498925
2017-03-06,1028866.6220942251,0.004384120724446266,0.0024999999999999996,0.7959183673469388,0.06601546259910505,98,98,0.006224349290483395,0.010562649520902573,0.0005186442855508412,0.025099039732089698,0.008012305366363373
2017-04-04,1059845.902659486,0.03083589620468401,0.0024999999999999996,0.4693877551020408,0.17691504948300227,98,98,0.009978420964634433,0.007231517608910551,0.031206894559095547,0.015066968289487469,0.003579835981345342
2017-05-04,1046286.9681606536,-0.012044856599343387,0.0024999999999999996,0.5050505050505047,-0.022979523336619637,99,99,-0.03312047477951254,0.023183356704001408,-0.004237628675822256,0.02297082850829844,-0.020131945310412847
2017-06-05,1032972.3554826893,-0.011587411906430752,0.0024999999999999996,0.7676767676767677,-0.016657721661770156,99,99,-0.0073440218837922695,-0.02845638623099301,-0.01878742996242988,-0.03933081447547245,0.03629236639825603
2017-07-05,1032201.3634889497,1.1202223672976928e-05,0.0024999999999999996,0.5050505050505051,0.02441495303094844,99,99,-0.006045211810270941,0.02455508928075329,-0.028865840241751824,0.00854409386357609,-0.004557196934679585
2017-08-03,1002385.158745537,-0.028090836623268667,0.0024999999999999996,0.5454545454545455,-0.005107807206656161,99,99,-0.045781416117537735,0.013635043597317292,-0.0191795863829994,-0.05052187919162658,0.03157606243429299
2017-09-01,1017383.0523644473,0.016039824377058354,0.0024999999999999996,0.7070707070707072,0.1162254174910162,99,99,0.016015951044090943,0.01441027598923536,-0.014345028586899893,-0.02645433796663985,0.03672155400164647
2017-10-03,1024448.3240177517,0.007670076560762241,0.0024999999999999996,0.48000000000000015,0.0033143172572690288,100,100,-0.006266696424931245,0.029288803910460293,-0.03966019600645482,0.025702713098583678,0.0011634547245311221
2017-11-01,1013714.4755146126,-0.009675523799838864,0.0024999999999999996,0.54,-0.06307044849099296,100,100,-0.07188269580904927,-0.06742574534171426,0.07321622473915801,-0.07124297077969252,0.0788511556960496
2017-12-01,994607.6212876044,-0.017476717456540433,0.0024999999999999996,0.9306930693069307,-0.1307223575511685,101,101,-0.00393504062265154,-0.01404134053101734,0.04002967998778176,-0.07014478771448716,0.016636251461510803
2018-01-03,1013298.0421551312,0.019609459713407235,0.0024999999999999996,0.5346534653465347,0.06596194553785352,101,101,0.009897309685596548,0.009337060993717627,-0.0046716319546813555,-0.01763553414751053,-0.0027439969123771637
2018-02-02,1009968.959558938,-0.0024932555888280417,0.0024999999999999988,0.5294117647058825,0.02132921073982117,102,102,-0.024932882569794795,-0.001803409026361202,0.025942988478333717,-0.04304598561743314,0.04999184486786312
2018-03-06,1046829.621517369,0.03777878860330243,0.0024999999999999988,0.8235294117647058,0.1917552314218014,102,102,0.004896191795691559,0.01223911632012376,0.009783216449719809,0.007913759945191225,0.03353878110179177
2018-04-05,1039066.72004521,-0.006539047117645459,0.0024999999999999988,0.588235294117647,-0.007080330671992468,102,102,-0.007119038253458764,-0.010005229654253333,-0.012734171085271523,-0.03873247947732664,0.056675496451777746
2018-05-04,1026687.9336625237,-0.011020407932694112,0.002499999999999999,0.6019417475728156,0.04131753394302454,103,103,-0.01543645386297834,0.013911437049702265,-0.011594594481233672,-0.05767929765769701,0.05880693553117464
2018-06-05,1024202.3167363377,-0.0014612447462458663,0.002499999999999999,0.6407766990291262,0.043906089871439374,103,103,0.010199491071037039,-0.03846351828233304,0.008508520082248179,0.019654713167459252,0.04232731213740901
2018-07-05,1029861.7904022211,0.006280448340752059,0.0024999999999999996,0.4999999999999998,0.06386478099133583,104,104,-0.008852977238057124,0.014380617155479036,0.001277565088303425,0.009893476091185113,-0.0047778974412548934
2018-08-03,1025498.3590162002,-0.003489526822401408,0.0024999999999999996,0.5,-0.019466313169387097,104,104,-0.04347371339376814,0.01970889672940098,0.012476853783497882,-0.01939029432345416,0.0003174420080993938
2018-09-04,1014858.094977866,-0.009575742642900276,0.0024999999999999996,0.5384615384615385,-0.021714815547943155,104,104,-0.01717037307716908,-0.011279359481168361,-0.027975534760237064,0.0007001216493489077,0.01324782932511965
2018-10-03,1007795.7536009572,-0.006334354881307416,0.0024999999999999996,0.41904761904761906,0.049563177128525336,105,105,0.015155076564448613,-0.0037806244265680034,0.0027069754301270454,0.01254523615668249,0.022043374560131557
2018-11-01,1020660.4391979224,0.013605015621346275,0.0024999999999999996,0.5523809523809524,0.01020719383501759,105,105,0.004673407859716912,0.015512000637479702,-0.005732596996068258,0.006771667274524631,0.024864406530923925
2018-12-03,1036948.087073189,0.01697492455182066,0.0024999999999999996,0.6666666666666667,0.11524924855791212,105,105,0.0003932990319921027,-0.01150266552193905,-0.0031873270360945694,0.003997130053492993,0.04288232204123402
2019-01-04,1023122.9151559351,-0.012570828278029248,0.0024999999999999996,0.5142857142857142,-0.08286363474240208,105,105,0.010122384381415203,-0.027387623167207407,-0.022822203992509702,-0.03863015921229264,-0.0006731233561138791
2019-02-05,1000343.0273108402,-0.021678061707409157,0.0024999999999999996,0.4000000000000001,-0.04663050773815121,105,105,-0.07394947117046946,-0.007195302849272887,-0.0056860407892029355,-0.01758687667783846,0.030261598414249552
2019-03-07,982444.1227104604,-0.016684693802197448,0.0024999999999999996,0.8190476190476191,-0.025621986530785616,105,105,-0.027039561762514333,-0.01932854271090526,-0.018709194504590156,-0.03791894220289087,0.042748461825984324
2019-04-05,993482.1302063675,0.011779322217824587,0.0024999999999999996,0.3584905660377361,0.0066860397751236315,106,106,-0.0007267647282851624,0.017308190222391398,-0.008294558998064597,0.01725151218280132,0.007495500660351952
2019-05-07,1007129.1439421509,0.014569259264217635,0.0024999999999999996,0.5471698113207548,0.07278308022417158,106,106,-0.03957669223533479,0.06944162765930914,-0.01614714007793534,0.029567503245886147,-0.012745433021495039
2019-06-06,993280.8226585117,-0.012884239068274572,0.0024999999999999996,0.5849056603773586,-0.0022235669246887056,106,106,-0.006694039658344185,0.008574110802016616,-0.019093463313773,-0.024762221813651352,0.02835060931304245
2019-07-08,1018528.2879190532,0.026252684776800105,0.0025,0.5420560747663552,0.1119888063619736,107,107,0.03211037710820879,0.0023633135866331246,-0.005523535261122436,0.029918737230768835,0.014398746961940797
2019-08-06,1012735.7929623591,-0.0049896851804184985,0.0025,0.46728971962616817,-0.006231652824818468,107,107,-0.045517241136756065,0.008345051063290173,0.0198652505515927,-0.023943925116313908,0.02487765548539656
2019-09-05,1047701.0885335329,0.03539647910512185,0.0025,0.5607476635514018,0.1587617329375676,107,107,0.04971140076671739,-0.017725722470031097,0.005645497330673731,0.015935569708090108,0.01769030252992384
2019-10-04,1051621.0932639113,0.004501947053109575,0.0025,0.5046728971962615,-0.007659374510520546,107,107,0.07454629655769918,-0.062341917686643,0.02112824491538746,-0.013028197987143893,0.03536439000047874
2019-11-04,1018635.4510985086,-0.03049663586420542,0.0025,0.5981308411214952,-0.019987408966127697,107,107,-0.050411741608140416,0.01364928537173998,-0.04358530102831781,-0.02306534723375752,0.014596422443395507
2019-12-04,994812.7977678482,-0.022317774822656684,0.0025,0.7289719626168223,-0.07306302078699625,107,107,0.030637946372130857,-0.04553200237045833,-0.016454319263639657,-0.03329199688733373,0.014451113455082154
2020-01-06,971110.2841234071,-0.023113981948882666,0.0025,0.48598130841121484,-0.03776366161660043,107,107,-0.047831669926492945,0.04007502931313633,-0.011501334656632644,-0.021972480799701335,0.0040091089528817726
2020-02-05,952897.0665005496,-0.01790144588247072,0.0025,0.5794392523364484,0.02018562071668816,107,107,-0.051988242033113405,0.054890263134003185,-0.04475247499992445,-0.016490542375570467,0.0014995386401505453
2020-03-06,925522.4887843835,-0.027458030900183776,0.0025,0.8703703703703703,-0.022086876536308805,108,108,-0.06932090951270609,-0.004701605937974857,0.005548059458120166,0.054498231456442066,-0.03927548010710957
2020-04-06,932144.1074195773,0.009088551804209071,0.0025,1.2777777777777777,-0.04689514634061769,108,108,0.07183502391163661,0.013953543443805269,-0.028959552553789056,-0.20109827294167665,0.10791387307906021
2020-05-06,799137.6922788391,-0.14132912086785643,0.0025,1.0555555555555554,-0.22611188034246332,108,108,0.11587401379997647,-0.26432257389506597,-0.0634193760626246,-0.32014849156608916,0.16777471182776893
2020-06-05,823553.755307516,0.03178542177279367,0.0025,0.7962962962962963,0.11751965427661751,108,108,-0.09556368682539582,0.14173803352006467,-0.04225712922048338,0.042636931127512614,-0.025464338776946767
2020-07-07,784383.9245778979,-0.04668809070346621,0.0025,0.6111111111111112,-0.009725665397745803,108,108,-0.056647455588977776,-0.01273924483913743,-0.03056994724163895,-0.12550498769922266,0.09722857590661202
2020-08-05,764876.072432982,-0.023948459043444895,0.0025,0.6296296296296295,-0.05397226116395061,108,108,0.012386925156579881,-0.0653304549710681,0.042263113705465524,-0.04996846975082865,0.05732249449573571
2020-09-03,766011.1673775333,0.0024773049139361876,0.0024999999999999996,0.6605504587155961,0.02252754665733619,109,109,-0.01682936801733163,0.026616618864452102,0.004791094730791196,-0.028854550994318755,-0.010131726610481478
2020-10-05,763807.3450283462,-0.0021079930383137964,0.0024999999999999996,0.5137614678899083,-0.012035056802317784,109,109,0.03628999678482404,-0.04246566597030066,0.0073296725299916874,-0.011332238818828954,0.029839363225930393
2020-11-03,671667.605192874,-0.11986405442380658,0.0024999999999999996,0.581818181818182,-0.1685249241408004,110,110,0.057055917058400504,-0.13979189053904678,0.009032727468431253,-0.20775506612297384,0.1017884887901511
2020-12-03,666777.3641053144,-0.00633224474906876,0.0024999999999999996,0.6363636363636364,0.13341484760012337,110,110,-0.02133794959288905,0.04078657077995104,-0.03570921385666731,-0.044407971688792486,0.07555537927726055
2021-01-05,676941.5318565288,0.015908678873595174,0.0024999999999999996,0.4363636363636364,0.06322892612892184,110,110,-0.0045820315923666265,0.05290534962694417,0.017133010453016892,-0.10443375546221927,0.05395319605458401
2021-02-04,706696.9914650118,0.044782058231191794,0.0024999999999999996,0.5272727272727272,0.08043624436337463,110,110,0.13960724091178997,-0.12923294096299975,0.03675302675151469,-0.04083223248753277,0.11548403468584904
2021-03-08,706943.2077343253,0.0017020557248012512,0.0025000000000000005,0.9009009009009008,0.02342365740542506,111,111,-0.004386539991678551,0.036845710083352655,-0.007453928134445818,-0.004732915489700521,-0.0026784623753790026
2021-04-07,739548.2023785366,0.047933736857499354,0.0025000000000000005,1.153153153153153,0.1209915255378948,111,111,0.0638712504481197,-0.0066968024817238864,0.017911766032044564,0.027984517768618815,0.03530087706333601
2021-05-06,747572.881737997,0.011853605304620285,0.002499999999999999,0.6607142857142858,0.042093610903460435,112,112,0.007544628176501329,0.009009006398784436,0.017369612718829343,-0.07100759764575502,0.03734593728976304
2021-06-07,738227.4814869557,-0.01117667188182678,0.002499999999999999,0.8928571428571428,-0.04959206587843807,112,112,-0.036271335847100794,0.003141596259531332,0.025088755187934887,0.01998739838459747,-0.022709855813923655
2021-07-07,743048.7126585047,0.007788326290097366,0.0025,0.831858407079646,0.05973420782077309,113,113,0.0010309412510443264,-0.014267660279735592,0.01424037742110108,0.023488200589667094,0.020365068973608014
2021-08-05,760304.0470285752,0.024138680703068353,0.0025,0.5964912280701755,0.06853268246439663,114,114,0.013944107474917063,0.017159683152660286,0.03735182533945995,-0.017293622035489422,0.02486109363121218
2021-09-03,790322.5190568675,0.04049530804265631,0.0025,0.6491228070175439,0.12470409118948153,114,114,0.035765449000928526,0.006934477296253596,0.030471551512241325,-0.01186019849590035,0.026152814874788856
2021-10-05,757155.659017431,-0.041335534034097524,0.0025,0.43859649122807015,-0.078189168545778,114,114,-0.04701401638664292,0.01773040813232126,-0.03214332565301545,-0.049410245541097624,0.0016966786373161123
2021-11-03,801668.7161756117,0.05964676791641301,0.0025000000000000005,0.5391304347826086,0.12093760432096175,115,115,0.006175573406107308,-0.002410743491807782,-0.00994530874992543,0.07565066696645523,0.05468632129513144
2021-12-03,810835.4159515633,0.012464596178140776,0.0025000000000000005,0.6782608695652174,0.020563098315072793,115,115,0.043688967257751975,-0.03220189993823366,-0.016481161213921198,0.008769656355362553,0.04097162033411616
2022-01-04,859422.6154167994,0.060780242618543645,0.0025000000000000005,0.5391304347826087,0.1750700494656721,115,115,0.07796162564181836,-0.016810949336081335,0.01622146668281923,0.06552378031271511,0.016469778528967808
2022-02-03,868415.3743998375,0.01130794388192771,0.0025000000000000005,0.5565217391304348,0.10276199208602688,115,115,0.02850753938233673,-0.033270626634993306,-0.006028266676512069,0.011678027168523921,0.07727770192199795
2022-03-07,803444.1013529759,-0.07397038921884354,0.0025000000000000005,0.6086956521739131,-0.2079523661428793,115,115,-0.037187713827772265,-0.0026848531189152224,-0.026892292973040924,-0.08356014137001334,-0.007875496579296065
2022-04-05,898151.9961528307,0.1188697802443934,0.0025000000000000005,0.591304347826087,0.2984680992597988,115,115,0.11092960699167437,0.04229278435945207,0.05867689165365498,0.05458239447758258,0.05036180035018514
2022-05-05,940392.4655494958,0.04787783847594597,0.0025000000000000005,0.5391304347826087,0.14312740672257396,115,115,0.030979206142752264,-0.002803098063665809,0.02129052681102256,0.0324638766258948,0.03279784478618064
2022-06-06,920106.1787136435,-0.02070355611147639,0.0025000000000000005,0.5913043478260869,0.01898866978293488,115,115,-0.04129611219066669,-0.031836288885023704,-0.015848017702503974,0.035508124802904904,0.016219614877294487
2022-07-07,889467.7468223638,-0.032491140721274764,0.0025000000000000005,0.5565217391304348,-0.057038774479407854,115,115,-0.008391453900583925,-0.011792419226342277,0.006426154124139365,-0.1004287244722634,0.06046413436210545
2022-08-05,905077.1767845657,0.018452503504944595,0.0025000000000000005,0.591304347826087,0.1130365810156578,115,115,-0.0038903635136251155,0.057903817870186516,0.006629670037685321,0.012126860937617879,0.004216111860299056
2022-09-06,905168.9120769543,0.0007540219869923391,0.0025000000000000005,0.43478260869565216,0.03166074509762707,115,115,-0.017157317620951257,0.023054954733054023,-0.015816207879611747,0.01118304172357281,0.006396408165141967
2022-10-05,980431.541171248,0.08382617656961129,0.0025000000000000005,0.4173913043478261,0.30181616078311857,115,115,0.0504991008243289,0.04579622916149885,-0.006181385191396872,0.06417538708730028,0.08328544376303847
2022-11-03,956143.9400102199,-0.023964604598536637,0.0025000000000000005,0.5517241379310346,-0.03595859227512157,116,116,0.04482106429814735,-0.06716966727188652,0.003898999423417468,-0.031017577776771273,0.03837672243781069
2022-12-05,978278.5345925427,0.024076822147386066,0.0025000000000000005,0.603448275862069,0.04934466421880708,116,116,0.022943959314677936,-0.014554604634141313,-0.01225746874259639,0.02125882110492769,0.023300631120933966
2023-01-05,876760.4572224696,-0.10319232822409982,0.0025000000000000005,0.43103448275862066,-0.2556301288182714,116,116,-0.028909180487866643,-0.10706925545265944,-0.03751152125493573,-0.12452389739448083,0.07878629060392459
2023-02-06,877535.6340199104,0.0016094408867378014,0.0025000000000000005,0.48275862068965514,0.056772509216012075,116,116,-0.02708752753612244,0.03274344190103994,-0.02361370025107533,0.007922357612934895,0.022537209385282524
2023-03-08,888150.0508365389,0.01319625106640467,0.0025000000000000005,0.7241379310344827,0.08050530964829669,116,116,-0.017713269368828926,0.01675703094489628,0.02301957653081447,0.04529046249704123,0.005493275552320072
2023-04-06,864934.9251904403,-0.025357348146968273,0.0025000000000000005,0.5344827586206897,-0.026843874470928532,116,116,-0.025075822024870967,0.009063394215046636,-0.00312834006401015,-0.03730036136633051,0.024454758141400926
2023-05-08,896914.8975754244,0.0377790212989363,0.0025000000000000005,0.5172413793103448,0.1324501486474931,116,116,0.06117028701744544,-0.023902711965859136,-0.0068895020583357724,-0.03143795432144163,0.10259057084871764
2023-06-07,853557.6341918709,-0.047428930918856124,0.0025000000000000005,0.6379310344827587,-0.15579915905581448,116,116,0.007621843945386177,-0.03579255724974685,-0.01973572820357246,-0.06759011512713076,-0.0014408073512862298
2023-07-10,898944.9783564719,0.053985074686860354,0.002499999999999999,0.5128205128205127,0.1526775428092524,117,117,0.06233516157258577,-0.06117277163254371,0.018442759360770073,0.004957838647109618,0.07682263113202192
2023-08-08,899882.5519671609,0.002173628502302558,0.002499999999999999,0.7521367521367521,0.025796318957838207,117,117,-0.037855742274674344,0.03095699332761803,-0.01078392761395792,0.010582407692423518,-0.0025200550241122003
2023-09-07,944497.5435957203,0.050629312142507724,0.002499999999999999,0.6666666666666667,0.23708078083479134,117,117,0.011813623064909292,0.051734301660222096,0.003960164676569181,0.056142828292693285,0.026544880066876386
2023-10-06,956984.745752821,0.014175012228824958,0.0025000000000000005,0.6271186440677968,0.034388726643662305,118,118,0.03428375680739884,0.005284360950909492,0.0005726202061785198,-0.016336016196467212,0.05008352627323612
2023-11-06,914538.0583817128,-0.04333308660887779,0.0025000000000000005,0.711864406779661,-0.10657130005675312,118,118,-0.014950065615842209,-0.026712201485450206,-0.013126131426077074,-0.0906226143884644,0.03611524704315989
2023-12-06,891057.3733998779,-0.024583769308039224,0.0025000000000000005,0.7457627118644068,-0.07709675717782136,118,118,0.014561226805770783,-0.018244852553634075,-0.028456904944967686,-0.05232138312515637,0.004564237613793116
2024-01-08,888133.3160693081,-0.002419243416579211,0.0025000000000000005,0.576271186440678,0.10558802482985635,118,118,-0.042540164693770366,0.05506464192207171,-0.02371699042493397,0.012790030031765695,0.008609650083115507
2024-02-07,869730.4595918629,-0.02002321605024804,0.0025000000000000005,0.47457627118644063,-0.04647680027106672,118,118,-0.013926055994552563,0.0221452481038808,-0.07844302302652385,-0.06773918164849815,0.039645672524277364
2024-03-08,882925.1319361347,0.016359614230547832,0.0025000000000000005,0.7796610169491525,0.06671749167533318,118,118,-0.005136757682907222,0.02460938043661514,-0.011242486577610542,-0.009025351063552407,0.014146821631170769
2024-04-09,909281.4142744619,0.030794534458464334,0.0025000000000000005,0.6101694915254237,0.09705021593723114,118,118,-0.004617723008269317,0.04217990699966321,-0.028383378628485802,0.040076600543122065,0.04511040132339925
2024-05-08,898827.1884601641,-0.010516140680837118,0.0025000000000000005,0.6610169491525424,-0.01525889679346678,118,118,-0.006049006325062471,-0.019804282398132447,-0.010330556307553113,-0.02025804018807743,0.027571179424670616
2024-06-07,900035.8567850519,0.002380791401899085,0.002499999999999999,0.6890756302521008,0.015163991160832854,119,119,-0.02317952994811744,0.019135435896954687,0.00112539085954611,0.022454183441634006,-0.0024248623711122814
2024-07-10,950827.2556585713,0.05712554513116633,0.002499999999999999,0.43697478991596644,0.08185777463313983,119,119,0.06281159636931438,-0.0608134190747295,0.0654997968289477,-0.037297493009285844,0.0759341458137673
2024-08-08,950508.5679313891,0.0007749343866565845,0.002499999999999999,0.7394957983193278,0.02642554411354414,119,119,-0.015451888968483506,0.02213640452837751,-0.010074670000510573,0.006016049033955938,0.0018888767798026498
2024-09-09,940006.1012211966,-0.0102758311222112,0.002499999999999999,0.5210084033613445,-0.013873665887386285,119,119,-0.025012132488786414,0.05127752497720216,0.00017218586805294728,-0.044000219651253496,-0.000111896663794144
2024-10-08,942303.5630998237,0.0031521999530035555,0.002499999999999999,0.47058823529411764,0.07682375338650471,119,119,-0.020568732545184674,0.0019298552304720818,-0.03053581014617572,-0.04347736044156273,0.09186793772551823
2024-11-06,933383.7348194361,-0.008466115594087704,0.002499999999999999,0.6722689075630253,-0.01359635066247536,119,119,-0.009162134553868087,0.03328315608059306,-0.0053923092384826656,-0.03836644104818292,0.027479840445010326
2024-12-06,927977.6292718259,-0.004888817054099789,0.002499999999999999,0.6050420168067228,0.019485988352940516,119,119,0.0074721207314395535,-0.028940247993227204,-0.004693004874609517,0.0016869301144311678,0.027276979157414876
2025-01-08,942435.24715468,0.01642530270630322,0.002499999999999999,0.5546218487394958,0.03250702163174719,119,119,0.01647258508234956,0.011068069019593117,-0.0037433858921227005,0.010889824702611791,0.007884940453560335
2025-02-10,949716.8787129218,0.008659409810431885,0.0024999999999999996,0.6166666666666666,0.057378770496584706,120,120,0.015738410691495376,-0.006819556850935352,-0.009863649201050272,0.05181976783722171,0.025863915368249578
2025-03-12,972531.910322045,0.025201964392466438,0.0024999999999999996,0.7666666666666667,0.10132361478781884,120,120,-0.046365552785404496,0.06258056724730127,0.029185377902914977,0.044815571761008276,-0.009045172454628683
2025-04-10,959744.3355874729,-0.01228449459226819,0.0024999999999999996,0.5833333333333334,-0.05570882141339282,120,120,0.00021131749966230712,-0.029773487812982256,0.011821115222732584,-0.12427674151751149,0.048654114906559534
2025-05-12,940831.956659979,-0.01857700622283291,0.0024999999999999996,0.7666666666666667,-0.07763043786232739,120,120,-0.023320542290158664,0.005034474658891028,-0.010690284283729964,-0.030076329930618994,0.010264400841114175
2025-06-11,949835.21465048,0.01037776669292315,0.0024999999999999996,0.5333333333333334,0.042443506787518855,120,120,0.054959250284426595,-0.012897962223810566,0.010283519166897861,-0.026771463571880115,0.0315417837530237
2025-07-14,967717.0782615622,0.01943794266685904,0.0024999999999999996,0.4,0.05465359506028159,120,120,-0.01961136797478093,0.004964015661463877,0.003446214410033446,0.0018169002353355841,0.03259537436311198
2025-08-12,957518.3827134453,-0.009325346316249011,0.0024999999999999996,0.8166666666666668,-0.016810355067279275,120,120,0.03525251262497623,-0.02423973857914539,-0.016281283644305165,-0.04486708320544881,0.019321472111924944
2025-09-11,930907.9502106728,-0.026988306217414815,0.0024999999999999996,0.55,-0.023448681875722084,120,120,-0.024771142661878916,0.02578300847169887,-0.031916549032211444,-0.0325652846311736,-0.008515257413527494
2025-10-10,951631.7650542312,0.022875663153250455,0.0024999999999999996,0.4,0.04126527769332398,120,120,0.006032303550351955,0.029412412530080576,0.013386783994597659,0.005977946487589513,0.035380625800207996
2025-11-10,925076.5158398601,-0.026493378420680898,0.0024999999999999996,0.9666666666666668,-0.015032807999955778,120,120,0.029470865748964917,-0.0780836481926982,-0.011353194030234793,-0.04912691208092424,0.06289379268076037
2025-12-10,937455.2821772384,0.014370354287501212,0.0024999999999999996,0.6500000000000001,0.041613645032365774,120,120,0.030836322158878,-0.005075769643813155,-0.011843608944471855,-0.01026968176145468,0.024726020249091055
2026-01-12,954726.5412970192,0.019213445600133102,0.0024999999999999996,0.5166666666666666,0.07925527337579795,120,120,0.04121093444750033,0.025565540937807635,-0.04663002708330811,0.014872897248154403,0.04181942071297126
2026-02-11,947616.136635832,-0.006354572508746417,0.0024999999999999996,0.7333333333333334,0.012631768218459611,120,120,-0.01814894113553442,-0.004493888003068589,-0.005890936837657518,0.005267382282911253,0.008446886277517992
2026-03-13,958819.8139842774,0.013292286230398687,0.0024999999999999996,0.9666666666666667,0.04929567519552937,120,120,0.04055694431261734,0.05890334068361247,-0.03790382263817604,-0.05729547141509106,0.01670298333325159
2026-04-14,928491.7926355228,-0.03068549263676978,0.0024999999999999996,0.65,-0.037338060802944335,120,120,-0.028021932646345143,0.04705018015062732,-0.03370696789959229,-0.031246906534837627,-0.019215838137577834
2026-05-13,926371.9988361998,-0.0009093009480948648,0.0024999999999999996,0.9166666666666667,0.0031751239212355533,120,120,0.007582587515361469,-0.003453337634078191,-0.01139021156481638,-0.030588376261694236,0.03516572451427792
2026-06-12,909132.2136522393,-0.01782426187678104,0.00047619047619047614,0.5333333333333333,-0.09774969989550536,120,120,-0.02698341768816196,0.01178745942009247,-0.007289539006517669,-0.008904651456481963,-0.015205026356032861
