ctrl,g,k,gmv,turn,gross_sr,net_sr,alpha_ratio,risk_ratio,cost_ratio,borrow_bps,pred_net_ann,real_net_ann,shortfall_ann,shortfall_rel
quintile,,,1.0,0.1788291612326824,0.8193749073659704,0.5350171166930632,0.9643147384477743,1.0663290457244998,1.818501168821624,49.99999999999999,0.02696971592467491,0.018718865587754298,0.008250850336920613,0.3059301907242517
g0.25_k0.25,0.25,0.25,11.838195738172322,2.2134476410529107,0.8073607198776446,0.18933581395081608,0.4544829971422473,1.5426879380518401,0.9222789234352275,593.4976290040178,0.2878474020964735,0.03832412384106265,0.24952327825541087,0.8668595805874775
g0.25_k1,0.25,1.0,10.93979868828062,1.5780143702635445,0.9223391112179753,0.4074356458964548,0.5286788112301918,1.5222844588775455,1.1732221834514818,548.2399966779166,0.2913207268137976,0.07641017708041198,0.21491054973338564,0.7377111545860295
g0.25_k4,0.25,4.0,9.507679813875834,1.0157112198557439,1.074380355566001,0.6335260804831161,0.6259819042351262,1.4750849343210064,1.3579248917389661,476.31294239062186,0.26099824626258983,0.1029386130770868,0.15805963318550303,0.6055965334949951
g0.25_k16,0.25,16.0,7.515475822076312,0.5852003956767315,1.2653585656169106,0.8721507610731372,0.7410327089608937,1.3888648362927363,1.784483388362743,376.30462373579377,0.2088288027079207,0.11005526109242586,0.09877354161549484,0.4729881143511218
g0.25_k64,0.25,64.0,5.15207652885357,0.2987901635623376,1.4532921263781795,1.0962699329046426,0.8615939367503634,1.2957112100263042,2.9767264454199283,257.70355014302237,0.14362776123329957,0.0941308988796189,0.04949686235368067,0.34461904807481175
g0.5_k0.25,0.5,0.25,6.064496113396099,1.2662917700308458,0.770158654686808,0.16141083255891112,0.4308747180388128,1.548190997308089,1.3141304117639918,304.0884379524585,0.159993299790716,0.016721192002024925,0.14327210778869107,0.8954881734123049
g0.5_k1,0.5,1.0,5.724420327524372,0.9458363296631256,0.8590820554616897,0.3407744075997576,0.4876025824193402,1.5343691399560928,1.7580576482623642,286.93188568510425,0.159821365396797,0.03337675923236006,0.12644460616443695,0.7911620943152065
g0.5_k4,0.5,4.0,5.1482360959261255,0.6415651301813704,0.993766436985194,0.5471252102893273,0.5750974990657506,1.5037555467672006,2.1455014333452174,257.95594578397817,0.14601771277400116,0.0482900054652122,0.09772770730878896,0.6692866601696308
g0.5_k16,0.5,16.0,4.288244976522064,0.39100766132738135,1.1660940423852546,0.7674723389940603,0.6816734585074588,1.4355733248208926,2.621650011132794,214.78594048975057,0.12144810396523596,0.05578962241428645,0.06565848155094951,0.5406299432159383
g0.5_k64,0.5,64.0,3.1784198124708247,0.21229194694615458,1.3637379965448724,0.9976648717875886,0.8013338069507805,1.3402671031489504,3.9797638508654716,159.07150226457944,0.0894288391092147,0.05284074219921579,0.03658809690999891,0.4091308494445139
g1_k0.25,1.0,0.25,3.0848251939557576,0.707789029542431,0.7453599668899886,0.14740406876644718,0.4152952576348791,1.5516941728245948,1.9215192391287692,154.69868881420857,0.08598394093083572,0.007763441192200808,0.07822049973863492,0.909710567937851
g1_k1,1.0,1.0,2.9595489345430805,0.5533619102632277,0.8073607198776446,0.28538384087132,0.4544829971422473,1.5426879380518401,2.5942472834718924,148.37440725100444,0.08524803797514083,0.014429906604611374,0.07081813137052945,0.8307303376336941
g1_k4,1.0,4.0,2.734949672070155,0.39450359256588613,0.9223391112179753,0.467662290600184,0.5286788112301918,1.5222844588775455,3.41797133697468,137.05999916947914,0.07945723343851742,0.021918858785682623,0.057538374652834796,0.7241426886154149
g1_k16,1.0,16.0,2.3769199534689585,0.25392780496393597,1.074380355566001,0.669442126592997,0.6259819042351262,1.4750849343210064,4.1086871157482925,119.07823559765546,0.068531136795901,0.027181841565671626,0.04134929523022938,0.6033650857532427
g1_k64,1.0,64.0,1.878868955519078,0.14630009891918289,1.2653585656169106,0.8923871799243273,0.7410327089608937,1.3888648362927363,5.64380006026634,94.07615593394844,0.05347641194394577,0.02814593896107333,0.02533047298287244,0.4736756274701131
g2_k0.25,2.0,0.25,1.5605322611289305,0.38604896493976215,0.7283585067754674,0.14322510673241248,0.4049172693287656,1.554127461666775,2.9154783960119426,78.26374673183231,0.04514691324335804,0.0038156653730745294,0.041331247870283506,0.9154833608795753
g2_k1,2.0,1.0,1.5161240283490247,0.31657294250771145,0.770158654686808,0.24485446027922686,0.4308747180388128,1.548190997308089,3.8591952216190384,76.02210948811462,0.04462758299260471,0.0063364928659533,0.03829109012665141,0.8580139805496224
g2_k4,2.0,4.0,1.431105081881093,0.2364590824157814,0.8590820554616897,0.39494955811767396,0.4876025824193402,1.5343691399560928,5.334562980385749,71.73297142127606,0.04229594400786191,0.009668711583998745,0.03262723242386316,0.7714033387463123
g2_k16,2.0,16.0,1.2870590239815314,0.1603912825453426,0.993766436985194,0.5801881121686105,0.5750974990657506,1.5037555467672006,6.736227909213214,64.48898644599454,0.03768511423900127,0.01279892940633302,0.02488618483266825,0.6603717498155424
g2_k64,2.0,64.0,1.072061244130516,0.09775191533184534,1.1660940423852546,0.786693691765353,0.6816734585074588,1.4355733248208926,8.54148455578247,53.69648512243764,0.0308955117493351,0.014293302740559413,0.016602209008775688,0.5373663703303317
g4_k0.25,4.0,0.25,0.7861374799945631,0.20586341329683172,0.7165788404474845,0.1454543499229308,0.3980115171330318,1.5559721165084872,4.6191612650238145,39.42795462936202,0.023305956522979468,0.0019524743651628215,0.021353482157816645,0.9162242337423945
g4_k1,4.0,1.0,0.7712062984889394,0.17694725738560774,0.7453599668899886,0.21801382222145488,0.4152952576348791,1.5516941728245948,5.893963108695989,38.67467220355214,0.023048968012120002,0.0028685676128525897,0.020180400399267412,0.8755446399066659
g4_k4,4.0,4.0,0.7398872336357701,0.13834047756580692,0.8073607198776446,0.3333913146744503,0.4544829971422473,1.5426879380518401,8.187252313349532,37.09360181275111,0.02214239620947411,0.004213586106696055,0.017928810102778053,0.8097050532542235
g4_k16,4.0,16.0,0.6837374180175387,0.09862589814147153,0.9223391112179753,0.4977605017839436,0.5286788112301918,1.5222844588775455,11.122050554236228,34.264999792369785,0.020278499093071105,0.005831754010868113,0.014446745082202991,0.7124168813078892
g4_k64,4.0,64.0,0.5942299883672396,0.06348195124098399,1.074380355566001,0.68738827113422,0.6259819042351262,1.4750849343210064,13.788723560578024,29.769558899413866,0.017337882650866103,0.0069763589284679035,0.0103615237223982,0.5976233621169984
g8_k0.25,8.0,0.25,0.3948590785906775,0.1076066259882564,0.7094869139120038,0.1522616764868849,0.3939945112777339,1.55731739726701,7.646067979697782,19.804184717988868,0.011886131390983216,0.00102681762789554,0.010859313763087675,0.9136121253389397
g8_k1,8.0,1.0,0.3901330652822326,0.09651224123494054,0.7283585067754674,0.20108587122950797,0.4049172693287656,1.554127461666775,9.33476051122808,19.56593668295808,0.011782538145365142,0.0013385248032521497,0.010444013342112993,0.8863975836424448
g8_k4,8.0,4.0,0.3790310070872562,0.07914323562692786,0.770158654686808,0.28656423521599517,0.4308747180388128,1.548190997308089,12.6421280356023,19.005527372028656,0.011446224375959036,0.0018536475746692073,0.009592576801289828,0.8380559812019276
g8_k16,8.0,16.0,0.35777627047027327,0.05911477060394535,0.8590820554616897,0.4220220162894463,0.4876025824193402,1.5343691399560928,17.942916696215573,17.933242855319016,0.010720273668131894,0.0025827431179882765,0.008137530550143619,0.7590786206862365
g8_k64,8.0,64.0,0.32176475599538285,0.04009782063633565,0.993766436985194,0.5967128683574028,0.5750974990657506,1.5037555467672006,23.25335598851754,16.122246611498635,0.009495071437594127,0.003290535856587001,0.006204535581007126,0.653448014702435
