,0,0,0,0,0,0,0,0,1,1,1,1,1,1,1,1,2,2,2,2,2,2,2,2,4,4,4,4,4,4,4,4,surrogate_value,surrogate_value,surrogate_value,surrogate_value,surrogate_value,surrogate_value,surrogate_value,surrogate_value,quintile,quintile,quintile,quintile,quintile,quintile,quintile,quintile
,gross,lin,imp,borrow,net,turn,gmv,nmv,gross,lin,imp,borrow,net,turn,gmv,nmv,gross,lin,imp,borrow,net,turn,gmv,nmv,gross,lin,imp,borrow,net,turn,gmv,nmv,gross,lin,imp,borrow,net,turn,gmv,nmv,gross,lin,imp,borrow,net,turn,gmv,nmv
date,,,,,,,,,,,,,,,,,,,,,,,,,,,,,,,,,,,,,,,,,,,,,,,,
2020-01-06,-0.0063314048721842976,0.0014891022772764804,0.0014614644389250933,0.0014200290399654196,-0.01070200062835129,1.4891022772764804,3.3975979826099723,-0.010471713307034447,-0.0063314048721842976,0.0014891022772764804,0.0014614644389250933,0.0014200290399654196,-0.01070200062835129,1.4891022772764804,3.3975979826099723,-0.010471713307034447,-0.0063314048721842976,0.0014891022772764804,0.0014614644389250933,0.0014200290399654196,-0.01070200062835129,1.4891022772764804,3.3975979826099723,-0.010471713307034447,-0.0063314048721842976,0.0014891022772764804,0.0014614644389250933,0.0014200290399654196,-0.01070200062835129,1.4891022772764804,3.3975979826099723,-0.010471713307034447,-0.0010752973028541758,0.002542439927682033,0.003187663543125763,0.00017308325608554555,-0.006978484029747516,2.542439927682033,0.41115600162855115,-0.004243812976758101,-0.007053239241688171,0.00011627906976744185,0.00012559044621668073,0.0004166666666666667,-0.007711775424338961,0.11627906976744184,1.0,0.0
2020-02-05,0.025453714021426,0.00025268378645665145,7.620774399474207e-05,0.0015011862368270294,0.023623636254147578,0.25268378645665146,3.591158139574655,-0.011688828810215462,0.025453714021426,0.00025268378645665145,7.620774399474207e-05,0.0015011862368270294,0.023623636254147578,0.25268378645665146,3.591158139574655,-0.011688828810215462,0.025453714021426,0.00025268378645665145,7.620774399474207e-05,0.0015011862368270294,0.023623636254147578,0.25268378645665146,3.591158139574655,-0.011688828810215462,0.025453714021426,0.00025268378645665145,7.620774399474207e-05,0.0015011862368270294,0.023623636254147578,0.25268378645665146,3.591158139574655,-0.011688828810215462,0.0022798308961662003,6.702980130723591e-05,1.3877286089587529e-05,0.00016603506144435436,0.0020328887473250222,0.0670298013072359,0.39795215749771384,-0.000531989968736624,0.001522648803245142,0.00012643678160919542,0.00010324739322818331,0.00041666666666666664,0.0008762979617410964,0.12643678160919541,1.0,0.0
2020-03-06,0.040590915554240346,0.00018772954379840562,6.899296755959593e-05,0.0015390798001899228,0.03879511324269242,0.18772954379840562,3.6718827268784806,-0.021908793577333704,0.040590915554240346,0.00018772954379840562,6.899296755959593e-05,0.0015390798001899228,0.03879511324269242,0.18772954379840562,3.6718827268784806,-0.021908793577333704,0.040590915554240346,0.00018772954379840562,6.899296755959593e-05,0.0015390798001899228,0.03879511324269242,0.18772954379840562,3.6718827268784806,-0.021908793577333704,0.040590915554240346,0.00018772954379840562,6.899296755959593e-05,0.0015390798001899228,0.03879511324269242,0.18772954379840562,3.6718827268784806,-0.021908793577333704,0.0033632407107841798,0.00015232412208930797,5.6862427624453316e-05,0.00015319137786624055,0.003000862783204178,0.15232412208930796,0.3673234926406842,-0.00033581423829308864,0.0012863499819523987,0.00028735632183908046,0.00034973953539924437,0.0004166666666666667,0.00023258745804740716,0.28735632183908044,1.0,0.0
2020-04-06,-0.003639140642144201,0.00022959931530144775,0.00020485480115282483,0.0015361868884477836,-0.005609781647046257,0.22959931530144775,3.6538203418594444,-0.0330281904152361,-0.003639140642144201,0.00022959931530144775,0.00020485480115282483,0.0015361868884477836,-0.005609781647046257,0.22959931530144775,3.6538203418594444,-0.0330281904152361,-0.003639140642144201,0.00022959931530144775,0.00020485480115282483,0.0015361868884477836,-0.005609781647046257,0.22959931530144775,3.6538203418594444,-0.0330281904152361,-0.003639140642144201,0.00022959931530144775,0.00020485480115282483,0.0015361868884477836,-0.005609781647046257,0.22959931530144775,3.6538203418594444,-0.0330281904152361,0.0022059981728524084,0.00014105942527628654,0.00014392768484566297,0.000137539232287501,0.001783471830442958,0.14105942527628654,0.3309766157512582,0.0008824582612557861,0.0007685819146680395,0.00022988505747126436,0.0006956841076868883,0.0004166666666666667,-0.0005736539171567799,0.22988505747126436,0.9999999999999999,0.0
2020-05-06,0.00015684765069744343,0.00018839649744532196,0.00015436963064781962,0.001529360129722196,-0.0017152786071178944,0.18839649744532194,3.6318605798549246,-0.038603731478345345,0.00015684765069744343,0.00018839649744532196,0.00015436963064781962,0.001529360129722196,-0.0017152786071178944,0.18839649744532194,3.6318605798549246,-0.038603731478345345,0.00015684765069744343,0.00018839649744532196,0.00015436963064781962,0.001529360129722196,-0.0017152786071178944,0.18839649744532194,3.6318605798549246,-0.038603731478345345,0.00015684765069744343,0.00018839649744532196,0.00015436963064781962,0.001529360129722196,-0.0017152786071178944,0.18839649744532194,3.6318605798549246,-0.038603731478345345,0.0002305962101758967,9.45753498233001e-05,0.00011220059022080446,0.00012043688156685574,-9.661661143506359e-05,0.0945753498233001,0.29283678764101806,0.0037882718805643126,0.035528712247366256,0.00022988505747126436,0.0008319299887859519,0.0004166666666666667,0.03405023053444237,0.22988505747126436,1.0,0.0
2020-06-05,0.01671066457956098,0.00014887353036587993,0.0001343130541271013,0.0015414811934884231,0.014885996801579572,0.1488735303658799,3.654685025140776,-0.04486983923143931,0.01671066457956098,0.00014887353036587993,0.0001343130541271013,0.0015414811934884231,0.014885996801579572,0.1488735303658799,3.654685025140776,-0.04486983923143931,0.01671066457956098,0.00014887353036587993,0.0001343130541271013,0.0015414811934884231,0.014885996801579572,0.1488735303658799,3.654685025140776,-0.04486983923143931,0.01671066457956098,0.00014887353036587993,0.0001343130541271013,0.0015414811934884231,0.014885996801579572,0.1488735303658799,3.654685025140776,-0.04486983923143931,0.001044992540642034,0.00013447309358175308,0.00011044767797361153,0.00011193352923178733,0.000688138239854882,0.13447309358175308,0.26986104158680513,0.0012205714305155938,-0.0181996908409027,0.00021590909090909085,0.0006530691398052562,0.0004166666666666667,-0.01948533573828371,0.21590909090909086,1.0,-6.938893903907228e-18
2020-07-07,0.0216869151732628,0.00017380342943710576,8.614176854259813e-05,0.001549774197470284,0.019877195777812814,0.17380342943710575,3.6678749736624763,-0.05158310026620484,0.0216869151732628,0.00017380342943710576,8.614176854259813e-05,0.001549774197470284,0.019877195777812814,0.17380342943710575,3.6678749736624763,-0.05158310026620484,0.0216869151732628,0.00017380342943710576,8.614176854259813e-05,0.001549774197470284,0.019877195777812814,0.17380342943710575,3.6678749736624763,-0.05158310026620484,0.0216869151732628,0.00017380342943710576,8.614176854259813e-05,0.001549774197470284,0.019877195777812814,0.17380342943710575,3.6678749736624763,-0.05158310026620484,0.00158732364140878,4.965851747803275e-05,1.9107999378047936e-05,0.00010172896012940972,0.0014168281644232894,0.04965851747803275,0.24445875891787316,0.0003092546072898583,-0.004740340119811075,0.000125,0.00027326700161796927,0.0004166666666666667,-0.005555273788095711,0.125,1.0,1.3877787807814457e-17
2020-08-05,0.006298999938535807,0.00015057579899167435,6.0899130303994334e-05,0.001560567059879677,0.004526957949360461,0.15057579899167434,3.6891532725445915,-0.05620767116663347,0.006298999938535807,0.00015057579899167435,6.0899130303994334e-05,0.001560567059879677,0.004526957949360461,0.15057579899167434,3.6891532725445915,-0.05620767116663347,0.006298999938535807,0.00015057579899167435,6.0899130303994334e-05,0.001560567059879677,0.004526957949360461,0.15057579899167434,3.6891532725445915,-0.05620767116663347,0.006298999938535807,0.00015057579899167435,6.0899130303994334e-05,0.001560567059879677,0.004526957949360461,0.15057579899167434,3.6891532725445915,-0.05620767116663347,0.000552821682293695,8.60570031898528e-05,4.221484398724219e-05,9.462761269722599e-05,0.000329922222419374,0.0860570031898528,0.22513927205203363,-0.001966998421308746,0.006430320015697829,0.00023863636363636364,0.0004930547783504413,0.0004166666666666667,0.005281962207044358,0.23863636363636365,1.0,0.0
2020-09-03,-0.019528758197015907,0.00014751714120364305,5.5211897246511935e-05,0.0015761350230995945,-0.021307622258565657,0.14751714120364304,3.722701239495864,-0.06002281594316285,-0.019528758197015907,0.00014751714120364305,5.5211897246511935e-05,0.0015761350230995945,-0.021307622258565657,0.14751714120364304,3.722701239495864,-0.06002281594316285,-0.019528758197015907,0.00014751714120364305,5.5211897246511935e-05,0.0015761350230995945,-0.021307622258565657,0.14751714120364304,3.722701239495864,-0.06002281594316285,-0.019528758197015907,0.00014751714120364305,5.5211897246511935e-05,0.0015761350230995945,-0.021307622258565657,0.14751714120364304,3.722701239495864,-0.06002281594316285,-8.749164877912147e-05,4.460038847199575e-05,1.0613057455758289e-05,9.638563721188302e-05,-0.00023909073191875853,0.044600388471995746,0.22832931350795685,-0.002996215800562408,-0.0025790257378131994,0.00018181818181818183,0.0003036809960288038,0.0004166666666666667,-0.003481191582326852,0.18181818181818182,1.0,6.938893903907228e-18
2020-10-05,0.0034418202761013657,0.00015829686911396736,9.554399616638754e-05,0.0015843495451153212,0.0016036298657056893,0.15829686911396737,3.7376908115401593,-0.0647480967366116,0.0034418202761013657,0.00015829686911396736,9.554399616638754e-05,0.0015843495451153212,0.0016036298657056893,0.15829686911396737,3.7376908115401593,-0.0647480967366116,0.0034418202761013657,0.00015829686911396736,9.554399616638754e-05,0.0015843495451153212,0.0016036298657056893,0.15829686911396737,3.7376908115401593,-0.0647480967366116,0.0034418202761013657,0.00015829686911396736,9.554399616638754e-05,0.0015843495451153212,0.0016036298657056893,0.15829686911396737,3.7376908115401593,-0.0647480967366116,-0.0008944232059991875,3.181308566044136e-05,6.5884284591033985e-06,9.234967640884204e-05,-0.0010251743965275742,0.03181308566044136,0.21868506983708066,-0.002954153544140232,0.006715517288368712,0.00010227272727272728,0.000172555089472704,0.0004166666666666667,0.006024022804956615,0.10227272727272728,1.0,0.0
2020-11-03,0.0008497762953820046,0.0001453597015642136,4.983983343007477e-05,0.0015931989828210293,-0.0009386222224333132,0.1453597015642136,3.7539944839134725,-0.06968307485699812,0.0008497762953820046,0.0001453597015642136,4.983983343007477e-05,0.0015931989828210293,-0.0009386222224333132,0.1453597015642136,3.7539944839134725,-0.06968307485699812,0.0008497762953820046,0.0001453597015642136,4.983983343007477e-05,0.0015931989828210293,-0.0009386222224333132,0.1453597015642136,3.7539944839134725,-0.06968307485699812,0.0008497762953820046,0.0001453597015642136,4.983983343007477e-05,0.0015931989828210293,-0.0009386222224333132,0.1453597015642136,3.7539944839134725,-0.06968307485699812,0.00043338193245343076,4.737281382992625e-05,1.438794666534843e-05,9.033570134778849e-05,0.0002812854706103676,0.04737281382992625,0.21329237192621048,-0.003513311308481889,0.01692440846655106,0.00018181818181818183,0.0002256699779994804,0.0004166666666666667,0.01610025364006673,0.18181818181818182,1.0,0.0
2020-12-03,-0.0011672873712411937,0.00018663879750256245,8.206912172075071e-05,0.0016138737067972536,-0.0030498689972617604,0.18663879750256246,3.803118836826934,-0.07017805948647379,-0.0011672873712411937,0.00018663879750256245,8.206912172075071e-05,0.0016138737067972536,-0.0030498689972617604,0.18663879750256246,3.803118836826934,-0.07017805948647379,-0.0011672873712411937,0.00018663879750256245,8.206912172075071e-05,0.0016138737067972536,-0.0030498689972617604,0.18663879750256246,3.803118836826934,-0.07017805948647379,-0.0011672873712411937,0.00018663879750256245,8.206912172075071e-05,0.0016138737067972536,-0.0030498689972617604,0.18663879750256246,3.803118836826934,-0.07017805948647379,0.00013524107264933872,9.397653464920282e-05,3.1564973811112516e-05,9.528362856982121e-05,-8.558406438079782e-05,0.09397653464920282,0.2261533436004307,-0.0025273649671402063,-0.005963598738825498,0.0002159090909090909,0.00040902847120291054,0.0004166666666666667,-0.007005202967604166,0.2159090909090909,1.0,0.0
2021-01-05,0.00275613982529295,0.00024840951003456753,0.0013965019691410893,0.0016054811403782275,-0.0004942527942609343,0.24840951003456752,3.7779264187038297,-0.07522831820391596,0.00275613982529295,0.00024840951003456753,0.0013965019691410893,0.0016054811403782275,-0.0004942527942609343,0.24840951003456752,3.7779264187038297,-0.07522831820391596,0.00275613982529295,0.00024840951003456753,0.0013965019691410893,0.0016054811403782275,-0.0004942527942609343,0.24840951003456752,3.7779264187038297,-0.07522831820391596,0.00275613982529295,0.00024840951003456753,0.0013965019691410893,0.0016054811403782275,-0.0004942527942609343,0.24840951003456752,3.7779264187038297,-0.07522831820391596,0.0010864410198266573,3.390209752948903e-05,1.6086314402109105e-05,9.259558775718666e-05,0.0009438570201378725,0.03390209752948903,0.21869068111000933,-0.0035387295072386313,0.006275914169413551,7.954545454545455e-05,0.0001433434706241074,0.0004166666666666667,0.005636358577577323,0.07954545454545454,1.0000000000000002,6.938893903907228e-18
2021-02-04,0.011641050726359466,0.00018287498508184397,6.813153366186749e-05,0.001612780555238948,0.009777263652376807,0.18287498508184397,3.805548066468235,-0.06512526610524026,0.011641050726359466,0.00018287498508184397,6.813153366186749e-05,0.001612780555238948,0.009777263652376807,0.18287498508184397,3.805548066468235,-0.06512526610524026,0.011641050726359466,0.00018287498508184397,6.813153366186749e-05,0.001612780555238948,0.009777263652376807,0.18287498508184397,3.805548066468235,-0.06512526610524026,0.011641050726359466,0.00018287498508184397,6.813153366186749e-05,0.001612780555238948,0.009777263652376807,0.18287498508184397,3.805548066468235,-0.06512526610524026,0.0019514973710825043,4.222324308851245e-05,8.838638677073422e-06,8.768924998513148e-05,0.0018127462393317869,0.042223243088512455,0.20757226632348502,-0.002881933640830464,0.02631685839611013,0.0001573033707865169,0.00021886432610914027,0.0004166666666666667,0.025524024032547808,0.1573033707865169,1.0,0.0
2021-03-08,-0.0003582453914270359,0.00026860993444786826,0.00010553318238322654,0.0016607763048309815,-0.0023931648130891122,0.26860993444786824,3.9216013148797715,-0.06426181671458409,-0.0003582453914270359,0.00026860993444786826,0.00010553318238322654,0.0016607763048309815,-0.0023931648130891122,0.26860993444786824,3.9216013148797715,-0.06426181671458409,-0.0003582453914270359,0.00026860993444786826,0.00010553318238322654,0.0016607763048309815,-0.0023931648130891122,0.26860993444786824,3.9216013148797715,-0.06426181671458409,-0.0003582453914270359,0.00026860993444786826,0.00010553318238322654,0.0016607763048309815,-0.0023931648130891122,0.26860993444786824,3.9216013148797715,-0.06426181671458409,0.0003357569609123962,8.440107779540173e-05,2.0607961209862845e-05,0.00010686481820367865,0.00012388310370345292,0.08440107779540174,0.25207904070742265,-0.004396522981406059,-0.0012672987991113136,0.0002808988764044944,0.000293251089782179,0.0004166666666666667,-0.002258115431964654,0.2808988764044944,1.0,0.0
2021-04-07,0.01049545282646537,0.00032120129459391953,0.000155733393643519,0.001714252998339423,0.00830426513988851,0.32120129459391955,4.049946221298201,-0.06426097471641387,0.01049545282646537,0.00032120129459391953,0.000155733393643519,0.001714252998339423,0.00830426513988851,0.32120129459391955,4.049946221298201,-0.06426097471641387,0.01049545282646537,0.00032120129459391953,0.000155733393643519,0.001714252998339423,0.00830426513988851,0.32120129459391955,4.049946221298201,-0.06426097471641387,0.01049545282646537,0.00032120129459391953,0.000155733393643519,0.001714252998339423,0.00830426513988851,0.32120129459391955,4.049946221298201,-0.06426097471641387,0.0007167402917634865,0.00010589047023889209,2.766225097516303e-05,0.00012623684495027923,0.00045695072559915224,0.10589047023889209,0.29772931363879773,-0.005239114241872373,0.015972153873066292,0.00010112359550561798,0.00012370826322883566,0.0004166666666666667,0.015330655347665173,0.10112359550561797,1.0,0.0
2021-05-06,0.005342661744397058,0.0003362369999646398,0.00013158204755051682,0.001803352792965403,0.0030714899039164982,0.3362369999646398,4.256620321431543,-0.0714263816854243,0.005342661744397058,0.0003362369999646398,0.00013158204755051682,0.001803352792965403,0.0030714899039164982,0.3362369999646398,4.256620321431543,-0.0714263816854243,0.005342661744397058,0.0003362369999646398,0.00013158204755051682,0.001803352792965403,0.0030714899039164982,0.3362369999646398,4.256620321431543,-0.0714263816854243,0.005342661744397058,0.0003362369999646398,0.00013158204755051682,0.001803352792965403,0.0030714899039164982,0.3362369999646398,4.256620321431543,-0.0714263816854243,-0.0005216704412758941,9.979063056480964e-05,2.4106038544209317e-05,0.00014750996374005885,-0.000793077074124972,0.09979063056480963,0.34839515600791743,-0.005628756968223861,0.003036740443796979,0.0002444444444444444,0.000223585397718228,0.0004166666666666667,0.0021520439349676404,0.24444444444444438,1.0,0.0
2021-06-07,-0.0007650057949340135,0.0003669342122426267,0.0001375125364761569,0.001894041561491615,-0.0031634941051444125,0.3669342122426267,4.463999786456953,-0.08169996112292248,-0.0007650057949340135,0.0003669342122426267,0.0001375125364761569,0.001894041561491615,-0.0031634941051444125,0.3669342122426267,4.463999786456953,-0.08169996112292248,-0.0007650057949340135,0.0003669342122426267,0.0001375125364761569,0.001894041561491615,-0.0031634941051444125,0.3669342122426267,4.463999786456953,-0.08169996112292248,-0.0007650057949340135,0.0003669342122426267,0.0001375125364761569,0.001894041561491615,-0.0031634941051444125,0.3669342122426267,4.463999786456953,-0.08169996112292248,-5.3752286580006175e-05,9.443465273750529e-05,2.2866274831574668e-05,0.00015882790062952818,-0.0003298811147786143,0.09443465273750529,0.3754777308478886,-0.0057092306629789695,-0.012252712342110225,0.00019999999999999998,0.00023595658246763034,0.0004166666666666667,-0.013105335591244521,0.19999999999999998,1.0,1.0408340855860843e-17
2021-07-07,0.015851591238150484,0.0003195170136577329,0.00010700482185372259,0.0019732669077113505,0.013451802494927678,0.3195170136577329,4.642175840565197,-0.09366473794204372,0.015851591238150484,0.0003195170136577329,0.00010700482185372259,0.0019732669077113505,0.013451802494927678,0.3195170136577329,4.642175840565197,-0.09366473794204372,0.015851591238150484,0.0003195170136577329,0.00010700482185372259,0.0019732669077113505,0.013451802494927678,0.3195170136577329,4.642175840565197,-0.09366473794204372,0.015851591238150484,0.0003195170136577329,0.00010700482185372259,0.0019732669077113505,0.013451802494927678,0.3195170136577329,4.642175840565197,-0.09366473794204372,0.0003037690539520826,8.37148109201765e-05,1.4087672876124749e-05,0.00015996849420501865,4.599807595076272e-05,0.08371481092017649,0.37476851792035915,-0.009155868171685585,0.009489902584719824,6.666666666666667e-05,6.585228428830499e-05,0.0004166666666666667,0.008940716967098188,0.06666666666666667,1.0,6.938893903907228e-18
2021-08-05,0.005306378234269975,0.00033330498804484915,0.00011269051266647452,0.0020533231608010796,0.0028070595727575716,0.33330498804484915,4.826783093225501,-0.10119249269709048,0.005306378234269975,0.00033330498804484915,0.00011269051266647452,0.0020533231608010796,0.0028070595727575716,0.33330498804484915,4.826783093225501,-0.10119249269709048,0.005306378234269975,0.00033330498804484915,0.00011269051266647452,0.0020533231608010796,0.0028070595727575716,0.33330498804484915,4.826783093225501,-0.10119249269709048,0.005306378234269975,0.00033330498804484915,0.00011269051266647452,0.0020533231608010796,0.0028070595727575716,0.33330498804484915,4.826783093225501,-0.10119249269709048,-0.00043770294661432555,0.00010989141502434669,2.51724396176555e-05,0.00017017434955500586,-0.0007429411508113336,0.10989141502434668,0.3985249854075837,-0.009893453524430322,-0.0015130751994808852,0.0002111111111111111,0.00020735337972661085,0.0004166666666666667,-0.0023482063569852736,0.2111111111111111,1.0,-1.3877787807814457e-17
2021-09-03,0.019948439078832928,0.0003027449741620142,9.978168764457213e-05,0.0021240620351052784,0.01742185038192106,0.3027449741620142,4.999866737087176,-0.09788214716549198,0.019948439078832928,0.0003027449741620142,9.978168764457213e-05,0.0021240620351052784,0.01742185038192106,0.3027449741620142,4.999866737087176,-0.09788214716549198,0.019948439078832928,0.0003027449741620142,9.978168764457213e-05,0.0021240620351052784,0.01742185038192106,0.3027449741620142,4.999866737087176,-0.09788214716549198,0.019948439078832928,0.0003027449741620142,9.978168764457213e-05,0.0021240620351052784,0.01742185038192106,0.3027449741620142,4.999866737087176,-0.09788214716549198,0.0020286987274902497,8.130140013520763e-05,2.0964122727573056e-05,0.00016826877338528456,0.0017581644312421845,0.08130140013520763,0.39569914666609507,-0.008145909458587872,0.004704934048512049,0.00020879120879120877,0.00023415033603463737,0.0004166666666666667,0.0038453258370195354,0.20879120879120877,1.0,-1.3877787807814457e-17
2021-10-05,0.028147824792811884,0.0003460126424988949,0.00024696286010470326,0.0021905095882991856,0.0253643397019091,0.3460126424988949,5.171849111728275,-0.085373900189769,0.028147824792811884,0.0003460126424988949,0.00024696286010470326,0.0021905095882991856,0.0253643397019091,0.3460126424988949,5.171849111728275,-0.085373900189769,0.028147824792811884,0.0003460126424988949,0.00024696286010470326,0.0021905095882991856,0.0253643397019091,0.3460126424988949,5.171849111728275,-0.085373900189769,0.028147824792811884,0.0003460126424988949,0.00024696286010470326,0.0021905095882991856,0.0253643397019091,0.3460126424988949,5.171849111728275,-0.085373900189769,0.001873747699819466,8.614299743814158e-05,2.0279652542694406e-05,0.0001764260346136489,0.0015908990152249812,0.08614299743814158,0.41901295194682786,-0.0044095311259294435,0.012207468388345353,0.00012087912087912086,0.0001278980220845765,0.0004166666666666667,0.01154202457871499,0.12087912087912085,0.9999999999999999,-6.938893903907228e-18
2021-11-03,0.006268139013909802,0.000332826617725752,0.00011232530988565329,0.002246794064747254,0.0035761930215511425,0.332826617725752,5.342882283693768,-0.049423471699640155,0.006268139013909802,0.000332826617725752,0.00011232530988565329,0.002246794064747254,0.0035761930215511425,0.332826617725752,5.342882283693768,-0.049423471699640155,0.006268139013909802,0.000332826617725752,0.00011232530988565329,0.002246794064747254,0.0035761930215511425,0.332826617725752,5.342882283693768,-0.049423471699640155,0.006268139013909802,0.000332826617725752,0.00011232530988565329,0.002246794064747254,0.0035761930215511425,0.332826617725752,5.342882283693768,-0.049423471699640155,-1.2007162703642169e-05,0.00010964613651254846,2.8633394511909355e-05,0.00017755398161755037,-0.00032784067534565037,0.10964613651254845,0.4263056946228727,0.00017613874075184457,0.017390487147815825,0.00021111111111111113,0.0001837470660413035,0.0004166666666666667,0.016578962303996747,0.21111111111111114,1.0,0.0
2021-12-03,0.03703700774394236,0.0003345111197844447,0.00012189372475201153,0.0022981564926010034,0.0342824464068049,0.3345111197844447,5.493664186973962,-0.021911395268444517,0.03703700774394236,0.0003345111197844447,0.00012189372475201153,0.0022981564926010034,0.0342824464068049,0.3345111197844447,5.493664186973962,-0.021911395268444517,0.03703700774394236,0.0003345111197844447,0.00012189372475201153,0.0022981564926010034,0.0342824464068049,0.3345111197844447,5.493664186973962,-0.021911395268444517,0.03703700774394236,0.0003345111197844447,0.00012189372475201153,0.0022981564926010034,0.0342824464068049,0.3345111197844447,5.493664186973962,-0.021911395268444517,0.0018250358731874319,0.0001190448548322787,3.0497601520817168e-05,0.0001903591773700949,0.0014851342394642411,0.1190448548322787,0.45644300314023245,-0.0004190225479953971,0.009637933038729096,0.0002222222222222222,0.00021470851395767682,0.0004166666666666667,0.008784335635882531,0.2222222222222222,1.0,3.469446951953614e-18
2022-01-04,0.04395172392786303,0.00035132183498199574,0.00022143672235376598,0.002353410358103109,0.04102555501242416,0.35132183498199576,5.6405491055722194,-0.00763575387524168,0.04395172392786303,0.00035132183498199574,0.00022143672235376598,0.002353410358103109,0.04102555501242416,0.35132183498199576,5.6405491055722194,-0.00763575387524168,0.04395172392786303,0.00035132183498199574,0.00022143672235376598,0.002353410358103109,0.04102555501242416,0.35132183498199576,5.6405491055722194,-0.00763575387524168,0.04395172392786303,0.00035132183498199574,0.00022143672235376598,0.002353410358103109,0.04102555501242416,0.35132183498199576,5.6405491055722194,-0.00763575387524168,0.0027561556576248636,5.971617212368528e-05,1.1940138159387022e-05,0.00019752427632047562,0.0024869750710213158,0.05971617212368528,0.47256912511407345,-0.0014891380550680101,0.012014859678571474,5.494505494505491e-05,5.1187396557537184e-05,0.0004166666666666667,0.011492060560402216,0.05494505494505491,1.0,0.0
2022-02-03,0.08103179066002283,0.00035128700154954596,0.00014010662995660446,0.0024254891123275525,0.07811490791618914,0.35128700154954595,5.807731106643738,-0.013442762942386818,0.08103179066002283,0.00035128700154954596,0.00014010662995660446,0.0024254891123275525,0.07811490791618914,0.35128700154954595,5.807731106643738,-0.013442762942386818,0.08103179066002283,0.00035128700154954596,0.00014010662995660446,0.0024254891123275525,0.07811490791618914,0.35128700154954595,5.807731106643738,-0.013442762942386818,0.08103179066002283,0.00035128700154954596,0.00014010662995660446,0.0024254891123275525,0.07811490791618914,0.35128700154954595,5.807731106643738,-0.013442762942386818,0.007112300174304618,0.00010899490728898047,2.4709187280800602e-05,0.00020362854329898216,0.006774967536435855,0.10899490728898047,0.4868032178944996,-0.001905286023057588,0.011907808310384392,0.00012087912087912089,0.00010749168632520918,0.0004166666666666667,0.011262770836513397,0.12087912087912088,1.0000000000000002,6.938893903907228e-18
2022-03-07,0.04185393043100017,0.0003796270479991326,0.0001648872300513633,0.002474772222769651,0.038834643930180025,0.3796270479991326,5.933495755484042,-0.0059575791631206465,0.04185393043100017,0.0003796270479991326,0.0001648872300513633,0.002474772222769651,0.038834643930180025,0.3796270479991326,5.933495755484042,-0.0059575791631206465,0.04185393043100017,0.0003796270479991326,0.0001648872300513633,0.002474772222769651,0.038834643930180025,0.3796270479991326,5.933495755484042,-0.0059575791631206465,0.04185393043100017,0.0003796270479991326,0.0001648872300513633,0.002474772222769651,0.038834643930180025,0.3796270479991326,5.933495755484042,-0.0059575791631206465,0.003294579166173297,0.00016001410152615452,5.806831679147331e-05,0.0002112313414634944,0.0028652654063921748,0.16001410152615453,0.5040596544873293,-0.0028955650250572784,-0.017916580731687524,0.0002857142857142857,0.0003149302466791572,0.0004166666666666667,-0.018933891930747633,0.2857142857142857,1.0,-1.3877787807814457e-17
2022-04-05,0.008660413581725182,0.00034366204394649857,0.00014245747951003896,0.002511859657189269,0.005662434401079375,0.3436620439464986,6.043104783501186,0.014641606246940442,0.008660413581725182,0.00034366204394649857,0.00014245747951003896,0.002511859657189269,0.005662434401079375,0.3436620439464986,6.043104783501186,0.014641606246940442,0.008660413581725182,0.00034366204394649857,0.00014245747951003896,0.002511859657189269,0.005662434401079375,0.3436620439464986,6.043104783501186,0.014641606246940442,0.008660413581725182,0.00034366204394649857,0.00014245747951003896,0.002511859657189269,0.005662434401079375,0.3436620439464986,6.043104783501186,0.014641606246940442,9.390023185414582e-05,0.00010088587827631701,2.424848133206608e-05,0.00019960412335739012,-0.0002308382511116274,0.10088587827631701,0.4759550120367566,-0.0030948840209796876,0.024217587296519655,8.791208791208791e-05,9.372929235497864e-05,0.0004166666666666667,0.023619279249585925,0.0879120879120879,1.0,3.469446951953614e-18
2022-05-05,-0.0010552455733678818,0.0003298308248545088,0.00015382412632294863,0.0025513178940618497,-0.0040902184186071885,0.32983082485450876,6.158684712041373,0.03552176629293352,-0.0010552455733678818,0.0003298308248545088,0.00015382412632294863,0.0025513178940618497,-0.0040902184186071885,0.32983082485450876,6.158684712041373,0.03552176629293352,-0.0010552455733678818,0.0003298308248545088,0.00015382412632294863,0.0025513178940618497,-0.0040902184186071885,0.32983082485450876,6.158684712041373,0.03552176629293352,-0.0010552455733678818,0.0003298308248545088,0.00015382412632294863,0.0025513178940618497,-0.0040902184186071885,0.32983082485450876,6.158684712041373,0.03552176629293352,-0.0008693108871656201,0.00013457493172997018,4.616070086898916e-05,0.0001963162982005616,-0.0012463628179651411,0.13457493172997018,0.47012119573321115,-0.001037919948136663,0.0020916971309852383,0.00030434782608695666,0.00033820229150743376,0.0004166666666666667,0.0010324803467241812,0.30434782608695665,1.0,-1.0408340855860843e-17
2022-06-06,-0.0057223005560995705,0.00031372918554224504,0.00014492124336945548,0.002588230391198679,-0.00876918137620995,0.31372918554224505,6.249459279953051,0.037706341076220895,-0.0057223005560995705,0.00031372918554224504,0.00014492124336945548,0.002588230391198679,-0.00876918137620995,0.31372918554224505,6.249459279953051,0.037706341076220895,-0.0057223005560995705,0.00031372918554224504,0.00014492124336945548,0.002588230391198679,-0.00876918137620995,0.31372918554224505,6.249459279953051,0.037706341076220895,-0.0057223005560995705,0.00031372918554224504,0.00014492124336945548,0.002588230391198679,-0.00876918137620995,0.31372918554224505,6.249459279953051,0.037706341076220895,0.00015196726940254113,0.0001021501485348512,3.0611580970299445e-05,0.00018997637569667365,-0.00017077083579928316,0.1021501485348512,0.4543885232451884,-0.00155477842682826,0.008005821362214236,0.00019565217391304346,0.0002534678821176933,0.0004166666666666667,0.007140034639516832,0.19565217391304346,1.0,0.0
2022-07-07,0.013551079928201083,0.0002893395389811298,0.00014700415399728945,0.0026264342730621362,0.010488301962160527,0.2893395389811298,6.3269730878014006,0.023530832452274136,0.013551079928201083,0.0002893395389811298,0.00014700415399728945,0.0026264342730621362,0.010488301962160527,0.2893395389811298,6.3269730878014006,0.023530832452274136,0.013551079928201083,0.0002893395389811298,0.00014700415399728945,0.0026264342730621362,0.010488301962160527,0.2893395389811298,6.3269730878014006,0.023530832452274136,0.013551079928201083,0.0002893395389811298,0.00014700415399728945,0.0026264342730621362,0.010488301962160527,0.2893395389811298,6.3269730878014006,0.023530832452274136,0.001925129167736882,7.162361104276e-05,1.8731119681469224e-05,0.00018235367462424772,0.001652420762388405,0.07162361104276,0.4367421986529838,-0.0009066204452107332,-0.010593563480182172,0.00011956521739130434,0.000120940001409931,0.0004166666666666667,-0.011250735365650074,0.11956521739130434,1.0,1.3877787807814457e-17
2022-08-05,0.013767957620758319,0.00028162871104184185,0.0001315837645927284,0.0026565549222119875,0.01069819022291176,0.28162871104184184,6.386239125093687,0.010507311784917817,0.013767957620758319,0.00028162871104184185,0.0001315837645927284,0.0026565549222119875,0.01069819022291176,0.28162871104184184,6.386239125093687,0.010507311784917817,0.013767957620758319,0.00028162871104184185,0.0001315837645927284,0.0026565549222119875,0.01069819022291176,0.28162871104184184,6.386239125093687,0.010507311784917817,0.013767957620758319,0.00028162871104184185,0.0001315837645927284,0.0026565549222119875,0.01069819022291176,0.28162871104184184,6.386239125093687,0.010507311784917817,-0.0007574645706245536,0.0001068552382332241,3.718939155606957e-05,0.00017688605974167955,-0.001078395260155527,0.1068552382332241,0.42240919061065924,-0.0021173527693717636,0.0011368233839861306,0.0002173913043478261,0.00026530046870573,0.0004166666666666667,0.00023746494426590787,0.21739130434782608,1.0,-3.469446951953614e-18
2022-09-06,-0.01944561526259188,0.0002730713751098207,0.0001247483567341417,0.00269279228520066,-0.022536227279636507,0.2730713751098207,6.457755866886364,-0.004945617595218804,-0.01944561526259188,0.0002730713751098207,0.0001247483567341417,0.00269279228520066,-0.022536227279636507,0.2730713751098207,6.457755866886364,-0.004945617595218804,-0.01944561526259188,0.0002730713751098207,0.0001247483567341417,0.00269279228520066,-0.022536227279636507,0.2730713751098207,6.457755866886364,-0.004945617595218804,-0.01944561526259188,0.0002730713751098207,0.0001247483567341417,0.00269279228520066,-0.022536227279636507,0.2730713751098207,6.457755866886364,-0.004945617595218804,-0.003081763248990059,6.32101752599773e-05,1.8305965790393794e-05,0.00017692306131825868,-0.0033402024513586887,0.0632101752599773,0.42074131685142846,-0.0038740303123923313,-0.0031219169922419047,0.00015217391304347827,0.00017547454996943063,0.00041666666666666664,-0.0038662321219214806,0.15217391304347827,1.0,0.0
2022-10-05,-0.03779668108788499,0.0002623042862311999,0.0001176320724752599,0.002728346840711163,-0.040904964287302614,0.2623042862311999,6.517004050783412,-0.031028366923379513,-0.03779668108788499,0.0002623042862311999,0.0001176320724752599,0.002728346840711163,-0.040904964287302614,0.2623042862311999,6.517004050783412,-0.031028366923379513,-0.03779668108788499,0.0002623042862311999,0.0001176320724752599,0.002728346840711163,-0.040904964287302614,0.2623042862311999,6.517004050783412,-0.031028366923379513,-0.03779668108788499,0.0002623042862311999,0.0001176320724752599,0.002728346840711163,-0.040904964287302614,0.2623042862311999,6.517004050783412,-0.031028366923379513,-0.004188510292434792,6.132843756723168e-05,1.399021686139387e-05,0.00017243914662333251,-0.00443626809348675,0.06132843756723168,0.4081321871836249,-0.005721764712373071,0.0012015566279684224,8.602150537634399e-05,9.428578816220886e-05,0.0004166666666666667,0.0006045826677632028,0.08602150537634398,1.0000000000000002,0.0
2022-11-03,0.0040867130904138375,0.00024437620637227293,0.00010189710810997237,0.002730477876807562,0.0010099618991240302,0.24437620637227292,6.531272202646669,-0.021874701691479648,0.0040867130904138375,0.00024437620637227293,0.00010189710810997237,0.002730477876807562,0.0010099618991240302,0.24437620637227292,6.531272202646669,-0.021874701691479648,0.0040867130904138375,0.00024437620637227293,0.00010189710810997237,0.002730477876807562,0.0010099618991240302,0.24437620637227292,6.531272202646669,-0.021874701691479648,0.0040867130904138375,0.00024437620637227293,0.00010189710810997237,0.002730477876807562,0.0010099618991240302,0.24437620637227292,6.531272202646669,-0.021874701691479648,0.0017593168701171018,0.00010112999399808457,3.581268315505129e-05,0.000156229512501474,0.0014661446804624919,0.10112999399808456,0.37203884692809075,-0.0029119830754468223,0.005692107042959376,0.0001935483870967742,0.0002144171281352151,0.0004166666666666668,0.00486747486106072,0.1935483870967742,1.0000000000000002,1.3877787807814457e-17
2022-12-05,0.0008863732690057025,0.00023748460726946406,0.00010218398106817605,0.0027324936046521555,-0.0021857889239840934,0.23748460726946405,6.537829631434011,-0.020155019731161433,0.0008863732690057025,0.00023748460726946406,0.00010218398106817605,0.0027324936046521555,-0.0021857889239840934,0.23748460726946405,6.537829631434011,-0.020155019731161433,0.0008863732690057025,0.00023748460726946406,0.00010218398106817605,0.0027324936046521555,-0.0021857889239840934,0.23748460726946405,6.537829631434011,-0.020155019731161433,0.0008863732690057025,0.00023748460726946406,0.00010218398106817605,0.0027324936046521555,-0.0021857889239840934,0.23748460726946405,6.537829631434011,-0.020155019731161433,0.00035205104342174627,9.387268112965678e-05,3.11877320113186e-05,0.00015408559113854028,7.290503914223059e-05,0.09387268112965678,0.3691553253663709,-0.0006500933661257591,0.012421336362090949,0.00022580645161290324,0.0003654128217086301,0.0004166666666666667,0.011413450422102749,0.22580645161290325,1.0000000000000002,0.0
2023-01-05,0.019674748129432672,0.00026585314537187673,0.00017743491851524338,0.002734881791333891,0.016496578274211658,0.2658531453718767,6.5409470538896475,-0.02276924531169036,0.019674748129432672,0.00026585314537187673,0.00017743491851524338,0.002734881791333891,0.016496578274211658,0.2658531453718767,6.5409470538896475,-0.02276924531169036,0.019674748129432672,0.00026585314537187673,0.00017743491851524338,0.002734881791333891,0.016496578274211658,0.2658531453718767,6.5409470538896475,-0.02276924531169036,0.019674748129432672,0.00026585314537187673,0.00017743491851524338,0.002734881791333891,0.016496578274211658,0.2658531453718767,6.5409470538896475,-0.02276924531169036,0.001250847745231467,4.870274357830681e-05,1.0001489207313078e-05,0.00015747316268587374,0.0010346703497599735,0.04870274357830681,0.37710135519104165,-0.0008342352550552469,0.006108212235364938,9.574468085106395e-05,0.00011910801718019697,0.0004166666666666667,0.00547669287066701,0.09574468085106394,0.9999999999999999,0.0
2023-02-06,-0.004076643135357907,0.0002950387835041914,0.00011364127718966043,0.002744840310282887,-0.007230163506334646,0.2950387835041914,6.57852512336382,-0.009091621315109044,-0.004076643135357907,0.0002950387835041914,0.00011364127718966043,0.002744840310282887,-0.007230163506334646,0.2950387835041914,6.57852512336382,-0.009091621315109044,-0.004076643135357907,0.0002950387835041914,0.00011364127718966043,0.002744840310282887,-0.007230163506334646,0.2950387835041914,6.57852512336382,-0.009091621315109044,-0.004076643135357907,0.0002950387835041914,0.00011364127718966043,0.002744840310282887,-0.007230163506334646,0.2950387835041914,6.57852512336382,-0.009091621315109044,-0.0014630106407878228,6.776458223238437e-05,1.4201615907372006e-05,0.0001587934612531594,-0.0017037703001807384,0.06776458223238437,0.3813302019429738,0.000225894935391234,-0.010529154509944962,9.574468085106382e-05,8.669287157629311e-05,0.00041666666666666664,-0.011128258729038984,0.09574468085106383,1.0,8.673617379884035e-18
2023-03-08,0.03264112644243378,0.00029428881997159347,0.00010256728569358706,0.00276116480175132,0.029483105535017276,0.29428881997159345,6.619602186022122,-0.007193338181045145,0.03264112644243378,0.00029428881997159347,0.00010256728569358706,0.00276116480175132,0.029483105535017276,0.29428881997159345,6.619602186022122,-0.007193338181045145,0.03264112644243378,0.00029428881997159347,0.00010256728569358706,0.00276116480175132,0.029483105535017276,0.29428881997159345,6.619602186022122,-0.007193338181045145,0.03264112644243378,0.00029428881997159347,0.00010256728569358706,0.00276116480175132,0.029483105535017276,0.29428881997159345,6.619602186022122,-0.007193338181045145,0.0015819261111009101,7.82547542766828e-05,1.8818801503591787e-05,0.00015537796118372666,0.0013294745941369087,0.07825475427668281,0.3716348185576386,-0.0012722882833053582,-0.002356684374852587,0.00019148936170212765,0.0002075708348187421,0.0004166666666666667,-0.0031724112380401236,0.19148936170212766,1.0,1.0408340855860843e-17
2023-04-06,0.012571287288036994,0.00025560885036394587,0.00010158044575985324,0.0027794972783689634,0.009434600713544232,0.25560885036394587,6.666210363756278,-0.0045831043292340334,0.012571287288036994,0.00025560885036394587,0.00010158044575985324,0.0027794972783689634,0.009434600713544232,0.25560885036394587,6.666210363756278,-0.0045831043292340334,0.012571287288036994,0.00025560885036394587,0.00010158044575985324,0.0027794972783689634,0.009434600713544232,0.25560885036394587,6.666210363756278,-0.0045831043292340334,0.012571287288036994,0.00025560885036394587,0.00010158044575985324,0.0027794972783689634,0.009434600713544232,0.25560885036394587,6.666210363756278,-0.0045831043292340334,-0.00025098972429152597,6.28195599841915e-05,1.2355349960041892e-05,0.00015686766000725934,-0.00048303229424301867,0.0628195599841915,0.3754626420129983,-0.001019742004424111,-0.011809354124410447,0.0001276595744680851,0.0001428217503706735,0.0004166666666666667,-0.01249650211591587,0.1276595744680851,0.9999999999999999,-1.734723475976807e-18
2023-05-08,0.060112833811260036,0.00024603107857443034,8.721952146352707e-05,0.0027938243314021287,0.05698575887981995,0.24603107857443035,6.697170406684885,-0.008007988680223427,0.060112833811260036,0.00024603107857443034,8.721952146352707e-05,0.0027938243314021287,0.05698575887981995,0.24603107857443035,6.697170406684885,-0.008007988680223427,0.060112833811260036,0.00024603107857443034,8.721952146352707e-05,0.0027938243314021287,0.05698575887981995,0.24603107857443035,6.697170406684885,-0.008007988680223427,0.060112833811260036,0.00024603107857443034,8.721952146352707e-05,0.0027938243314021287,0.05698575887981995,0.24603107857443035,6.697170406684885,-0.008007988680223427,0.0025009820523711236,0.00010897387936120287,3.332752429177719e-05,0.00015607781714185528,0.0022026028315762884,0.10897387936120287,0.37149548504344065,-0.0030912760970119944,0.007636102651940594,0.00027659574468085103,0.0003016235106809826,0.0004166666666666667,0.006641216729912094,0.276595744680851,1.0,0.0
2023-06-07,-0.022877659013271615,0.0002878333197168267,0.0001200109786837053,0.0028158342185419186,-0.026101337530214062,0.28783331971682674,6.756325890177308,-0.0016762343232976096,-0.022877659013271615,0.0002878333197168267,0.0001200109786837053,0.0028158342185419186,-0.026101337530214062,0.28783331971682674,6.756325890177308,-0.0016762343232976096,-0.022877659013271615,0.0002878333197168267,0.0001200109786837053,0.0028158342185419186,-0.026101337530214062,0.28783331971682674,6.756325890177308,-0.0016762343232976096,-0.022877659013271615,0.0002878333197168267,0.0001200109786837053,0.0028158342185419186,-0.026101337530214062,0.28783331971682674,6.756325890177308,-0.0016762343232976096,-0.0016037192473483943,9.679137780038405e-05,2.1563143060977283e-05,0.00016757307799447846,-0.0018896468462042339,0.09679137780038405,0.39890886988433666,-0.0032665173024116305,-0.007170844682834181,0.00014893617021276596,0.00016221628381935403,0.0004166666666666667,-0.007898663803532968,0.14893617021276595,1.0,8.673617379884035e-19
2023-07-10,0.022581145453399815,0.000268788383883101,8.652842718946026e-05,0.0028452377751017866,0.019380590867225468,0.268788383883101,6.835018669212932,0.006448008968645863,0.022581145453399815,0.000268788383883101,8.652842718946026e-05,0.0028452377751017866,0.019380590867225468,0.268788383883101,6.835018669212932,0.006448008968645863,0.022581145453399815,0.000268788383883101,8.652842718946026e-05,0.0028452377751017866,0.019380590867225468,0.268788383883101,6.835018669212932,0.006448008968645863,0.022581145453399815,0.000268788383883101,8.652842718946026e-05,0.0028452377751017866,0.019380590867225468,0.268788383883101,6.835018669212932,0.006448008968645863,0.0006508898117267779,4.60773448888305e-05,6.814457904655609e-06,0.00016847862825400064,0.00042951938067929105,0.0460773448888305,0.40215363982438357,-0.002195067985218001,0.012395878908087994,6.31578947368421e-05,4.662624027584289e-05,0.0004166666666666667,0.011869428106408644,0.06315789473684211,1.0,5.204170427930421e-18
2023-08-08,-0.01086363313112157,0.0003172519897861008,9.947740067508007e-05,0.002883562892582943,-0.014163925414165694,0.3172519897861008,6.93785425922033,0.01730331702126947,-0.01086363313112157,0.0003172519897861008,9.947740067508007e-05,0.002883562892582943,-0.014163925414165694,0.3172519897861008,6.93785425922033,0.01730331702126947,-0.01086363313112157,0.0003172519897861008,9.947740067508007e-05,0.002883562892582943,-0.014163925414165694,0.3172519897861008,6.93785425922033,0.01730331702126947,-0.01086363313112157,0.0003172519897861008,9.947740067508007e-05,0.002883562892582943,-0.014163925414165694,0.3172519897861008,6.93785425922033,0.01730331702126947,-0.0014232521746117175,0.00011205116164487488,2.7089388298935897e-05,0.00017429671986475968,-0.001736689444420288,0.11205116164487489,0.41866551163242927,0.00035338395700599233,-0.009589205575527875,0.00013684210526315787,0.0001235496523610604,0.00041666666666666664,-0.010266263999818758,0.13684210526315788,1.0,-3.469446951953614e-18
2023-09-07,0.023870268472470944,0.0003193910289703359,0.00010003069217821077,0.002915273174289815,0.020535573577032583,0.3193910289703359,7.023191159987745,0.026535541692189857,0.023870268472470944,0.0003193910289703359,0.00010003069217821077,0.002915273174289815,0.020535573577032583,0.3193910289703359,7.023191159987745,0.026535541692189857,0.023870268472470944,0.0003193910289703359,0.00010003069217821077,0.002915273174289815,0.020535573577032583,0.3193910289703359,7.023191159987745,0.026535541692189857,0.023870268472470944,0.0003193910289703359,0.00010003069217821077,0.002915273174289815,0.020535573577032583,0.3193910289703359,7.023191159987745,0.026535541692189857,0.0005829471707696615,7.498896236375155e-05,1.5908948912012688e-05,0.00017100210057249503,0.0003210471589214023,0.07498896236375155,0.41032201785918027,-8.302351480774135e-05,0.003558675400409143,0.00013684210526315787,0.00013946847656774077,0.00041666666666666664,0.002865698151911578,0.13684210526315788,1.0,-2.6020852139652106e-18
2023-10-06,0.06258252216723244,0.00038664581141602337,0.00046532751263222576,0.002908897155291214,0.05882165168789298,0.3866458114160234,7.051839331600181,0.07048615890126594,0.06258252216723244,0.00038664581141602337,0.00046532751263222576,0.002908897155291214,0.05882165168789298,0.3866458114160234,7.051839331600181,0.07048615890126594,0.06258252216723244,0.00038664581141602337,0.00046532751263222576,0.002908897155291214,0.05882165168789298,0.3866458114160234,7.051839331600181,0.07048615890126594,0.06258252216723244,0.00038664581141602337,0.00046532751263222576,0.002908897155291214,0.05882165168789298,0.3866458114160234,7.051839331600181,0.07048615890126594,0.004078697244677941,8.222234232804319e-05,1.6865161380548907e-05,0.00017660673059491337,0.0038030030103744354,0.0822223423280432,0.428299287315425,0.004443133887632976,0.011166196716298695,9.473684210526315e-05,9.326595111403511e-05,0.0004166666666666667,0.01056152725641273,0.09473684210526315,1.0,3.469446951953614e-18
2023-11-06,-0.014414709070751534,0.0003936550923875446,0.0002469305170775313,0.0029244432766594884,-0.0179797379568761,0.3936550923875446,7.09607967432588,0.07741581034310896,-0.014414709070751534,0.0003936550923875446,0.0002469305170775313,0.0029244432766594884,-0.0179797379568761,0.3936550923875446,7.09607967432588,0.07741581034310896,-0.014414709070751534,0.0003936550923875446,0.0002469305170775313,0.0029244432766594884,-0.0179797379568761,0.3936550923875446,7.09607967432588,0.07741581034310896,-0.014414709070751534,0.0003936550923875446,0.0002469305170775313,0.0029244432766594884,-0.0179797379568761,0.3936550923875446,7.09607967432588,0.07741581034310896,-0.00013383856236787704,0.00012143444672643261,2.9814271793448753e-05,0.0001849097671759873,-0.0004699970480637457,0.12143444672643261,0.447603888119433,0.0038204468970636056,0.005961822428724357,0.00019999999999999998,0.00016630550547468983,0.0004166666666666667,0.005178850256583,0.19999999999999998,1.0,-2.6020852139652106e-18
2023-12-06,0.05849238932044982,0.00033468090712093903,0.00011573639307907368,0.0029487547022152283,0.05509321731803458,0.334680907120939,7.161555664568991,0.08454437925244179,0.05849238932044982,0.00033468090712093903,0.00011573639307907368,0.0029487547022152283,0.05509321731803458,0.334680907120939,7.161555664568991,0.08454437925244179,0.05849238932044982,0.00033468090712093903,0.00011573639307907368,0.0029487547022152283,0.05509321731803458,0.334680907120939,7.161555664568991,0.08454437925244179,0.05849238932044982,0.00033468090712093903,0.00011573639307907368,0.0029487547022152283,0.05509321731803458,0.334680907120939,7.161555664568991,0.08454437925244179,0.004599880123997629,9.234504555811415e-05,2.1046640161616328e-05,0.00018680110864578812,0.00429968732963211,0.09234504555811415,0.45221998139243214,0.003897320642540718,0.01826354113756385,0.00017894736842105264,0.00020103030967820083,0.0004166666666666667,0.01746689679279793,0.17894736842105263,1.0,0.0
2024-01-08,0.048311164392008735,0.0003274405078529131,0.00011314531276360602,0.002990385452090815,0.0448801931193014,0.3274405078529131,7.266397820496661,0.08947273547870632,0.048311164392008735,0.0003274405078529131,0.00011314531276360602,0.002990385452090815,0.0448801931193014,0.3274405078529131,7.266397820496661,0.08947273547870632,0.048311164392008735,0.0003274405078529131,0.00011314531276360602,0.002990385452090815,0.0448801931193014,0.3274405078529131,7.266397820496661,0.08947273547870632,0.048311164392008735,0.0003274405078529131,0.00011314531276360602,0.002990385452090815,0.0448801931193014,0.3274405078529131,7.266397820496661,0.08947273547870632,0.0019751954646628402,7.149409746941468e-05,1.2682609930700503e-05,0.0001963591638523951,0.0016946595934103298,0.07149409746941468,0.47801576587699923,0.0067537726312511155,0.002022594539942183,7.36842105263158e-05,5.9081954307032064e-05,0.0004166666666666667,0.0014731617084421682,0.0736842105263158,1.0,-3.469446951953614e-18
2024-02-07,0.0056075091770909635,0.00036930397500183624,0.00012034987736286473,0.0030305578969455024,0.00208729742778076,0.3693039750018362,7.392814436483057,0.11947548381385203,0.0056075091770909635,0.00036930397500183624,0.00012034987736286473,0.0030305578969455024,0.00208729742778076,0.3693039750018362,7.392814436483057,0.11947548381385203,0.0056075091770909635,0.00036930397500183624,0.00012034987736286473,0.0030305578969455024,0.00208729742778076,0.3693039750018362,7.392814436483057,0.11947548381385203,0.0056075091770909635,0.00036930397500183624,0.00012034987736286473,0.0030305578969455024,0.00208729742778076,0.3693039750018362,7.392814436483057,0.11947548381385203,-0.0016545022235571227,9.851671242481282e-05,2.222854917044636e-05,0.000201129961030262,-0.001976377446182644,0.09851671242481282,0.49480070335440635,0.01208879688177765,0.004172216138599177,0.00016842105263157898,0.0001477656739825578,0.0004166666666666667,0.003439362745318373,0.16842105263157897,1.0,-1.0408340855860843e-17
2024-03-08,0.07692268215185917,0.00034499957314250483,0.00011747290748607954,0.003073043997711682,0.0733871656735189,0.34499957314250485,7.51161068331058,0.13630508880254374,0.07692268215185917,0.00034499957314250483,0.00011747290748607954,0.003073043997711682,0.0733871656735189,0.34499957314250485,7.51161068331058,0.13630508880254374,0.07692268215185917,0.00034499957314250483,0.00011747290748607954,0.003073043997711682,0.0733871656735189,0.34499957314250485,7.51161068331058,0.13630508880254374,0.07692268215185917,0.00034499957314250483,0.00011747290748607954,0.003073043997711682,0.0733871656735189,0.34499957314250485,7.51161068331058,0.13630508880254374,0.003596432888500849,0.00012006823766015992,2.9798464072628855e-05,0.00019634479238622615,0.003250221394381834,0.12006823766015992,0.4848630570037314,0.013635555276788704,0.006834523559784013,0.00023157894736842107,0.0001975573604988377,0.0004166666666666667,0.0059887205852500874,0.23157894736842105,1.0,-3.469446951953614e-18
2024-04-09,0.043394108435716734,0.0004533003367331697,0.0003270937511654341,0.0031150873476089797,0.03949862700020915,0.45330033673316966,7.631431130894346,0.15522149663279655,0.043394108435716734,0.0004533003367331697,0.0003270937511654341,0.0031150873476089797,0.03949862700020915,0.45330033673316966,7.631431130894346,0.15522149663279655,0.043394108435716734,0.0004533003367331697,0.0003270937511654341,0.0031150873476089797,0.03949862700020915,0.45330033673316966,7.631431130894346,0.15522149663279655,0.043394108435716734,0.0004533003367331697,0.0003270937511654341,0.0031150873476089797,0.03949862700020915,0.45330033673316966,7.631431130894346,0.15522149663279655,-0.0009819416967158203,0.00011209119190925011,2.364133620726896e-05,0.00020382682210589976,-0.001321501046938239,0.11209119190925011,0.5055684395834085,0.016384066529249005,0.0031262418481817584,7.36842105263158e-05,6.471333165774935e-05,0.0004166666666666667,0.0025711776393310265,0.0736842105263158,1.0,0.0
2024-05-08,0.017969445095269408,0.00039675605185928966,0.00014057396595894706,0.0031760121066662624,0.01425610297078491,0.39675605185928964,7.77834953761066,0.15592048161163152,0.017969445095269408,0.00039675605185928966,0.00014057396595894706,0.0031760121066662624,0.01425610297078491,0.39675605185928964,7.77834953761066,0.15592048161163152,0.017969445095269408,0.00039675605185928966,0.00014057396595894706,0.0031760121066662624,0.01425610297078491,0.39675605185928964,7.77834953761066,0.15592048161163152,0.017969445095269408,0.00039675605185928966,0.00014057396595894706,0.0031760121066662624,0.01425610297078491,0.39675605185928964,7.77834953761066,0.15592048161163152,-0.0002633629443262301,0.00013406962806569579,3.0015753289413705e-05,0.00020643332234538566,-0.0006338816480267253,0.13406962806569578,0.5076110649099327,0.012171091281007173,-0.001949353322161177,0.00021875,0.00016790424937855914,0.00041666666666666664,-0.002752674238206403,0.21875,1.0,3.469446951953614e-18
2024-06-07,0.02027718394959676,0.00041408198014913444,0.0001409950427010136,0.003245577071457194,0.016476529855289416,0.41408198014913444,7.92584919635209,0.13646422485482476,0.02027718394959676,0.00041408198014913444,0.0001409950427010136,0.003245577071457194,0.016476529855289416,0.41408198014913444,7.92584919635209,0.13646422485482476,0.02027718394959676,0.00041408198014913444,0.0001409950427010136,0.003245577071457194,0.016476529855289416,0.41408198014913444,7.92584919635209,0.13646422485482476,0.02027718394959676,0.00041408198014913444,0.0001409950427010136,0.003245577071457194,0.016476529855289416,0.41408198014913444,7.92584919635209,0.13646422485482476,3.0731123792580185e-05,8.392677025106143e-05,1.4246793418324665e-05,0.0002126416090503136,-0.0002800840489271195,0.08392677025106143,0.5157473803666484,0.005407518645895839,0.0033915717720477707,9.375e-05,7.103562865772004e-05,0.00041666666666666664,0.0028101194767233837,0.09375,0.9999999999999999,5.204170427930421e-18
2024-07-10,-0.0431818368740329,0.00042147034840237944,0.0001637163432981513,0.0033001466241272337,-0.04706717018986066,0.42147034840237946,8.045248031906386,0.12489613400102573,-0.0431818368740329,0.00042147034840237944,0.0001637163432981513,0.0033001466241272337,-0.04706717018986066,0.42147034840237946,8.045248031906386,0.12489613400102573,-0.0431818368740329,0.00042147034840237944,0.0001637163432981513,0.0033001466241272337,-0.04706717018986066,0.42147034840237946,8.045248031906386,0.12489613400102573,-0.0431818368740329,0.00042147034840237944,0.0001637163432981513,0.0033001466241272337,-0.04706717018986066,0.42147034840237946,8.045248031906386,0.12489613400102573,-0.0008432325996594669,7.907563861568762e-05,1.3468602964499946e-05,0.00021379765452650507,-0.0011495744957661595,0.07907563861568762,0.5151866993214114,0.0020723284577992725,-0.005675373281729948,0.000125,0.00010828813218341136,0.00041666666666666664,-0.006325328080580026,0.125,0.9999999999999999,5.204170427930421e-18
2024-08-08,-0.010806661236038682,0.0003968347658007989,0.00014401573334358152,0.0033292732047908676,-0.014676784939973929,0.3968347658007989,8.092985348731055,0.10272965723297312,-0.010806661236038682,0.0003968347658007989,0.00014401573334358152,0.0033292732047908676,-0.014676784939973929,0.3968347658007989,8.092985348731055,0.10272965723297312,-0.010806661236038682,0.0003968347658007989,0.00014401573334358152,0.0033292732047908676,-0.014676784939973929,0.3968347658007989,8.092985348731055,0.10272965723297312,-0.010806661236038682,0.0003968347658007989,0.00014401573334358152,0.0033292732047908676,-0.014676784939973929,0.3968347658007989,8.092985348731055,0.10272965723297312,-0.002328046293241802,0.00015043266905338142,4.0098249816139964e-05,0.00019985081696975495,-0.002718428029081079,0.15043266905338143,0.474804767234902,-0.004837193492509807,-0.007507470486346428,0.00022916666666666664,0.0002089440911191474,0.0004166666666666667,-0.008362247910798908,0.22916666666666663,0.9999999999999999,0.0
2024-09-09,-0.006173682095991576,0.0003771060219514495,0.0001358772359475582,0.0033504133746109577,-0.010037078728501542,0.3771060219514495,8.127895026806648,0.08690292774034991,-0.006173682095991576,0.0003771060219514495,0.0001358772359475582,0.0033504133746109577,-0.010037078728501542,0.3771060219514495,8.127895026806648,0.08690292774034991,-0.006173682095991576,0.0003771060219514495,0.0001358772359475582,0.0033504133746109577,-0.010037078728501542,0.3771060219514495,8.127895026806648,0.08690292774034991,-0.006173682095991576,0.0003771060219514495,0.0001358772359475582,0.0033504133746109577,-0.010037078728501542,0.3771060219514495,8.127895026806648,0.08690292774034991,-0.0005401309933995371,7.289024219124007e-05,1.6214558252678026e-05,0.00019119198046256162,-0.0008204277743060167,0.07289024219124007,0.453298630386242,-0.0055621227239058615,-0.0016569243620366768,0.00014583333333333332,0.0001513436979101024,0.0004166666666666667,-0.0023707680599467794,0.14583333333333331,0.9999999999999999,0.0
2024-10-08,-0.04036360635054863,0.0003841853585647614,0.00021791603280156145,0.003369572184401217,-0.04433527992631617,0.3841853585647614,8.1354864635437,0.04851322098077854,-0.04036360635054863,0.0003841853585647614,0.00021791603280156145,0.003369572184401217,-0.04433527992631617,0.3841853585647614,8.1354864635437,0.04851322098077854,-0.04036360635054863,0.0003841853585647614,0.00021791603280156145,0.003369572184401217,-0.04433527992631617,0.3841853585647614,8.1354864635437,0.04851322098077854,-0.04036360635054863,0.0003841853585647614,0.00021791603280156145,0.003369572184401217,-0.04433527992631617,0.3841853585647614,8.1354864635437,0.04851322098077854,-0.003561750662625812,6.462954327084095e-05,1.0295295458375287e-05,0.00019032560152270955,-0.003827001102877738,0.06462954327084094,0.44903480402739104,-0.007746639627111838,-0.009059107367371328,8.333333333333333e-05,6.459006469688617e-05,0.0004166666666666667,-0.009623697432068213,0.08333333333333333,0.9999999999999999,-1.3877787807814457e-17
2024-11-06,-0.002082492829660126,0.0003580759381361336,0.00012299243446892632,0.003395459864561367,-0.005959021066826553,0.35807593813613364,8.151497377563064,0.0023937026157859753,-0.002082492829660126,0.0003580759381361336,0.00012299243446892632,0.003395459864561367,-0.005959021066826553,0.35807593813613364,8.151497377563064,0.0023937026157859753,-0.002082492829660126,0.0003580759381361336,0.00012299243446892632,0.003395459864561367,-0.005959021066826553,0.35807593813613364,8.151497377563064,0.0023937026157859753,-0.002082492829660126,0.0003580759381361336,0.00012299243446892632,0.003395459864561367,-0.005959021066826553,0.35807593813613364,8.151497377563064,0.0023937026157859753,-0.0015104839911981099,0.00012250123603345367,3.3681957725653535e-05,0.0001764190728873189,-0.0018430862578445362,0.12250123603345367,0.41374245213113015,-0.009663322798435108,-0.003836756574263433,0.00017708333333333332,0.00014885654741538396,0.00041666666666666664,-0.004579363121678817,0.17708333333333331,1.0,0.0
