it,obj,net_ann,vol,turn
0,-55.438923284456365,0.1313954141599325,0.012735287203781594,0.5973401559620929
1,-54.3799757331808,0.1255713563055787,0.012683109100081453,0.5952006238783226
2,-53.68445098070188,0.12575905372844837,0.01264857790344856,0.5931602821919757
3,-50.43506173755545,0.12334790471228661,0.012484192345839288,0.5894349404417116
4,-49.48439288029417,0.12601820065971003,0.012435118221772115,0.5865434164410843
5,-47.42184903557889,0.11778472754783763,0.012326939400321138,0.583078091587386
6,-46.27478977626748,0.1236078394945718,0.012265804130738463,0.5792345861796269
7,-44.381060040745794,0.12216306442987412,0.012163140871319821,0.5786166823463252
8,-43.563754269663114,0.11967691818257106,0.0121181488308945,0.5766288728914326
9,-41.82359151517411,0.11754162365527132,0.012020940804514945,0.5745563786313805
10,-39.977600505897385,0.11796345671069339,0.011915597178141998,0.5692610886499957
11,-38.809017120644846,0.11877018041115317,0.011847652689395412,0.5610925140689046
12,-37.903093353924554,0.11526849301112851,0.011794252618827555,0.556682913254191
13,-36.23815674473095,0.11711019092984337,0.011694461886156625,0.5524272588305199
14,-34.48823838675446,0.1142042245859353,0.011587049452933089,0.5508556423898021
15,-32.366744974472795,0.11057555468108349,0.011453105010624165,0.5501903607038887
16,-32.160132440396225,0.1140804057339735,0.011439849602563232,0.5472458814328277
17,-29.464997514790745,0.10808150249712709,0.01126258825356061,0.5416031583701783
18,-27.78403259347058,0.10796748730237746,0.011147919036865557,0.5329180720612808
19,-26.839071047925437,0.11176937593783809,0.011081953803836028,0.5277859877474895
20,-26.16612728817354,0.10866695815205085,0.011034232679457235,0.5235220093850759
21,-24.005394937296135,0.10573246440836964,0.010876747393079698,0.5207592037944272
22,-22.770664193293147,0.10416480486762422,0.010783559752802289,0.5186132917510646
23,-21.759736858117158,0.10839700322182305,0.010705401585858672,0.5129850033466558
24,-20.243237390045742,0.10232899304625445,0.010584586567078003,0.5060272497223316
25,-18.2613888161578,0.10218029917315191,0.010419709313232776,0.5011764766524723
26,-16.614537427502885,0.1015145547947254,0.010275757242981543,0.4953767723321795
27,-15.639620044207488,0.09904406228363527,0.010187143677862828,0.49106953353044563
28,-14.351167367828213,0.09676976102293021,0.010065687996061773,0.48558617401027815
29,-12.964858996317611,0.09336024038007647,0.009928740633083048,0.48182096286144
30,-11.991415952944028,0.0973551950257728,0.009828206180183307,0.47637660501380913
31,-10.591906563307571,0.09138524049719295,0.009676118340704858,0.4700493299051163
32,-10.127453544973559,0.09069348966662033,0.009623459415924688,0.46446663510617586
33,-9.11749809248705,0.09441454518921724,0.009504667264620948,0.45839916107353085
34,-8.325870176924555,0.09134246353564718,0.00940681544264813,0.45342775670104063
35,-7.674733732484241,0.09038459321366106,0.009322802900943674,0.44742061849440967
36,-6.546333628882797,0.08625342046521796,0.00916825779955317,0.441600497916916
37,-5.857722532995082,0.084322836675261,0.009067327228596534,0.4372855058917196
38,-5.405536674066875,0.08437527241007807,0.008997807759978993,0.43221828817562685
39,-4.078583455338133,0.08330971945485524,0.00877498723715664,0.428317909014931
40,-4.0124613967809735,0.08449288360423933,0.008763016274081947,0.4262381363808015
41,-3.3832248139143952,0.0801066771166931,0.008643508683772156,0.4224448847575333
42,-3.0301484194259314,0.07985161490806947,0.00857158096873647,0.4191049819387454
43,-2.459289286321039,0.08058726255057563,0.008445798923785075,0.4153840654568367
44,-2.3935139969028656,0.08001133364498242,0.00843039712740818,0.40881052906455506
45,-1.9419988012073561,0.0780661952069451,0.008318429391144296,0.4057019607479219
46,-1.610335162276328,0.07639565875533186,0.008227610566446652,0.40151564724131883
47,-1.2578211686975,0.07386911407754726,0.008120114775958923,0.396302987279061
48,-1.422616295044773,0.07864466985552142,0.008172111707306834,0.39431049584777883
49,-1.0246483606979186,0.07252815385258422,0.008040500688808164,0.3900633477917805
50,-0.7597451921747134,0.07322812383745134,0.007938192650879703,0.3865871142156274
51,-0.6969769396448261,0.07348289328081346,0.007911452722013474,0.3849269324720213
52,-0.5362308406970858,0.07509613628593673,0.007836977392825612,0.3820087426175747
53,-0.4593495420127289,0.06994588039721775,0.007797170592145878,0.3795536363089396
54,-0.2831629508240546,0.0680758637521998,0.007691516549302748,0.37906302655451507
55,-0.3999793659926235,0.07012836544393408,0.007764303014182073,0.37518470497332235
56,-0.2430388484555348,0.06940093284267641,0.007663299958917662,0.3746627701888658
57,-0.1251871085589056,0.06912528844921544,0.007563142557446754,0.37459379789487385
58,-0.1203812333978332,0.06945613412568835,0.007558272448870893,0.3708781930338073
59,-0.11025104956919442,0.06633147359713426,0.007547337455986436,0.37035312493868544
60,-0.04225573936654843,0.06597710189334324,0.007458082119413395,0.36850241399925304
61,-0.09217426859567215,0.06761940702453219,0.007527194429054997,0.367082002377007
62,-0.005213117794110035,0.06358717296342045,0.007372150412406105,0.36559090273023354
63,-0.024946299883223656,0.06951430120078467,0.007426290463718949,0.3638518391515722
64,0.003326829747286898,0.06217504705316468,0.0072742877531407745,0.36199426354861236
65,0.0033550652081600543,0.0667648095310583,0.007328552722222207,0.3603553843409345
66,-0.016729197921164427,0.0666132837436808,0.007407042696422501,0.36034155418264713
67,0.003213346508001322,0.06918575616079949,0.007331575460326036,0.3595645085464779
68,0.004734799440732547,0.06449252311889969,0.007299882974113133,0.35853117708706805
69,0.0046332648312299276,0.06788884280048905,0.0073140096142789565,0.35773150457763997
70,0.003836336662642449,0.06519928693553927,0.007322287602936313,0.35692076910606857
71,0.004171589635290207,0.06511789946448358,0.0072814939597553065,0.35608678862287707
72,0.0005776137286755925,0.06283614235042603,0.0072533560131233295,0.35535761308308583
73,-0.011182759081885442,0.062352792462695476,0.007208059115324319,0.3530456858348832
74,-0.018673205132117475,0.06315448137452995,0.0071882361164613716,0.35522305607347243
75,0.00013221755927746116,0.06513010038989672,0.007249817819379175,0.3542640959136836
76,-0.00028214557921820696,0.0621230223777461,0.007248947183031258,0.3539573010474039
77,-0.03421731306415127,0.06492461486759515,0.007155513389014168,0.3530152140616912
78,-0.032396107806019245,0.062923094592823,0.007159234911513593,0.3527855530034337
79,-0.006089648992024151,0.0655163534793535,0.007223378926311382,0.3517079472578556
80,-0.010057201183583447,0.06478073333738077,0.007210785327515473,0.35315808642316315
81,0.0014001548499591983,0.06373302013908802,0.0072578467493302715,0.35252097683492806
82,-0.016604435355919527,0.06517875094298922,0.007192864661563212,0.35273836447980556
83,-0.008143900790200435,0.06566192766847148,0.007216475149353863,0.3517773996345643
84,-0.019962078670719318,0.06386016924391555,0.007185048643504432,0.3526872861964765
85,-0.0033239788469463915,0.06113495627103369,0.0072352338352890495,0.3516924162300643
86,-0.008144669752455116,0.06198296298686921,0.0072174572456070235,0.3512382356392124
87,-0.0031500567927038848,0.06522399434497475,0.007234555619855506,0.35278410580629394
88,-0.030972023987401134,0.061451724188973184,0.007162195610256809,0.35134015423796405
89,-0.025463027206774624,0.06178731404593507,0.0071732683293710435,0.35257807630598775
90,0.0006866932273564631,0.0609545381089013,0.0072548806357028,0.35242579518281236
91,-0.003774317711796368,0.06469176943136054,0.007232213501580368,0.3512313514194732
92,-0.023074482388684925,0.06507468006989897,0.007177807314013252,0.35265327013167486
93,0.0010682664191652585,0.06554146776861065,0.007254867861324095,0.35159786585540365
94,4.445539913871719e-05,0.0650802808135799,0.007249346497817591,0.3514655098534371
95,0.004714009162653761,0.06715470940322937,0.007288015278320473,0.3517794420900405
96,3.88114737282549e-06,0.06423247228185898,0.007249501859386107,0.35102908427202956
97,-0.02492372042728189,0.0642890303246392,0.007173961449235368,0.3509519624025861
98,-0.022074239384484037,0.06403451582366862,0.007180202664237796,0.35148039839019557
99,-0.008600662800316475,0.06390817278074627,0.007215483638962868,0.35131283381843387
100,0.0016465215704736798,0.062138380008174926,0.007260318162273678,0.3509583927039198
101,0.004819972600383817,0.06600640964548254,0.007305071550053693,0.35082105711058037
102,-0.001246705063834791,0.06847403800372688,0.007357727575323277,0.351191214859541
103,-0.0028797837638678807,0.06460240936281628,0.007363461360157473,0.35074638172250755
104,0.0015758706148446266,0.06677823756514717,0.007341995537837351,0.3512148748429779
105,0.002238576969643129,0.06169017566057886,0.007264844265265097,0.35130061942909047
106,-0.002130255538056185,0.06365762329561649,0.007239437737340129,0.3516985134472116
107,0.002574631023236572,0.06664156428361782,0.007264261993582573,0.3512004256928102
108,-0.0009611259490537548,0.06510446612168348,0.007355073926770567,0.35046536732443284
109,0.004289145978820654,0.06407751633144351,0.007284614558091251,0.3506614116674624
110,0.0036475520831087227,0.06609559703374941,0.007325332883989738,0.34991963403347714
111,0.004960618010169432,0.06710166168931626,0.007301222338478579,0.35132989339739057
112,0.0033832299649770455,0.06599954020308203,0.007327854486588778,0.35074081806304686
113,0.004364505924962187,0.06488593430088577,0.007314571246549425,0.3508294336985608
114,-0.004872020690137333,0.06383428862081958,0.007228277162378702,0.35155227717753884
115,-0.007456219052910301,0.06509916968794043,0.007218855062864811,0.3506117449397159
116,0.004502892916703758,0.06736538307640928,0.007283581865978631,0.3506037664046709
117,0.003772300151538376,0.06518284186576437,0.007323121178015663,0.35164341031962937
118,0.0044968982239755925,0.0635489376353677,0.007309241760823024,0.3514086862555119
119,0.004680707911793154,0.06560746800578131,0.007308887285566596,0.3515422579336663
120,0.002307644842930089,0.06605516911103379,0.007336667024630794,0.35192286254330074
121,0.0026041520585707977,0.0646928204428567,0.007333600719479029,0.3508899588780941
122,0.004907336350459879,0.06746044791040534,0.007292827524050318,0.3512977677477818
123,-0.004926366417381168,0.06640180736956333,0.007372054279415186,0.35097923934588793
124,0.003990800862775234,0.06749298523423948,0.007322815162363441,0.3520780799680146
125,0.001539860485077209,0.06651859712958234,0.007342085249402993,0.35127386893800944
126,-0.0011632139588785826,0.06578905405792515,0.0073562979044317555,0.3514636948724698
127,0.003874613513149914,0.06518811753294444,0.007277397399929672,0.35155121030213454
128,0.004649632964047263,0.0662043590476162,0.00728835740874655,0.3517361371570001
129,0.0008694588756973564,0.0666576088486439,0.007346175520445806,0.35091571145941625
130,0.004673735967714883,0.06391713158465182,0.007296190317083459,0.3532175498165875
131,0.0034280889791860544,0.06444644352431057,0.007326138709653269,0.351705543126233
132,0.004328044456500103,0.06412011242731883,0.007285269792507117,0.3511457279022449
133,0.0008913911979492092,0.0645645355270365,0.00725431324014173,0.3525110621164013
134,0.002636509784138253,0.06675535791163727,0.0073346590152393075,0.35236201601603445
135,-4.330387016535705e-05,0.06382257402183292,0.007249440817483066,0.35188484779417856
136,0.004717321668664839,0.0641690325218327,0.007300867850892675,0.3517473821512996
137,0.004247744596665101,0.06078235188009919,0.007309704154325223,0.35229761384048847
138,-0.0029932321448729446,0.06817624811748088,0.007365148677006757,0.35181329867409006
139,-4.47761689273612e-05,0.06371937198790484,0.0072494717189116615,0.35115363909276737
140,0.004660820059177735,0.0639996426322967,0.007304609337087157,0.3513244150762611
141,0.0036441226984448983,0.06353518577877275,0.007276305316568856,0.3511174084018777
142,0.0017610307975595286,0.06311059664962355,0.007260563432363419,0.3524272663140505
143,0.0014348076389483285,0.06357495317132832,0.007258138981203271,0.35133536531931014
144,0.003966781085362421,0.06545274289448896,0.007278267074101647,0.3521999008783348
145,0.004650662792237189,0.06656856174182675,0.007287715201210398,0.3524571172280152
146,0.00047876480719934676,0.06319521542843723,0.007252594668945799,0.3527480718843215
147,0.002297146996960007,0.06460522212495079,0.007263472281360777,0.3521398212766762
148,0.0020709208428822887,0.06631093049802268,0.007260855900949814,0.3521858700687491
149,0.004568065303361485,0.06317702584683564,0.0073056803743527295,0.35254709697142134
150,-0.0014301643269485215,0.06493629801104943,0.007242122282509389,0.3515951396593299
151,0.0024513013948143834,0.06576597464745472,0.007263899495864678,0.352291336764819
152,0.0034825185267479677,0.06383067246529546,0.00727428190799222,0.3517473103679624
153,0.004329176171156181,0.06480359919355434,0.007315046785918683,0.3516373842829483
154,0.0036775416261595377,0.06606824911381737,0.007324973477296256,0.35110409837923506
155,-0.0030195746136342963,0.06651612372248068,0.007364697216074412,0.3510150539120983
156,0.0037452926660859398,0.06767688490405921,0.00732565100737695,0.35171199155104116
157,0.004501648079310622,0.0643018717441683,0.007310723915841662,0.3517476234034384
158,0.0005975552403360438,0.06605242150460017,0.007347415803915383,0.3520779667108604
159,0.004419067673662163,0.06530818023232665,0.0072851604191418095,0.35229493640965187
160,0.0015661247797007136,0.06159227435230094,0.007260087372967295,0.35135235639513945
161,0.0032403170161502113,0.0639377947910963,0.007327550953682319,0.3524461625877312
162,0.0041139834142270276,0.06578878286836724,0.007319521581445885,0.35241845702651553
163,0.003147248262898516,0.0635333774777751,0.007271209804820346,0.35179062034655256
164,0.002458869805036055,0.06672614518396691,0.007335974718957678,0.35188671504219926
165,0.0038743690377744545,0.06490774902012197,0.0072776804969249655,0.35177140506293664
166,0.002353553470194922,0.06673590638992109,0.007262596601628929,0.35255971890188603
167,0.003608879738243886,0.06453290310663237,0.007324318847921886,0.35227758865284536
168,0.002227358004750442,0.06728306943670896,0.007261380540430877,0.3524567280462897
169,0.004054953423053967,0.06463830050667846,0.0072803102847181665,0.3523319217346215
170,0.004838318397455302,0.06636726607403667,0.007293768923457824,0.35153430979441885
171,0.002474843009179611,0.06389238589584427,0.00733407016235094,0.352235883510832
172,0.004689148215789136,0.06512311518254332,0.007307308698394042,0.3521887876194135
173,0.00012904607727448148,0.06345769829356923,0.007348804299213749,0.351974890103781
174,0.0018503968177955177,0.067177988771679,0.007340442758087554,0.3517544123588892
175,0.004628084239340958,0.06544501600037711,0.007309929420936028,0.35209219822763177
176,-0.0008961829227960575,0.0662370707847154,0.007244138271430613,0.35283728629022143
177,0.003696656323792499,0.06861962966936827,0.007326917077190628,0.3521106299926692
178,0.004073757503823142,0.06431347215042683,0.00728096813131779,0.3529534620117753
179,0.003482306065045224,0.06543495787699866,0.007326409378042337,0.3523379575935864
180,0.004764505325367955,0.06509952112099733,0.007295526071119569,0.35224648313780904
181,0.004573844157404158,0.06629420023305513,0.007286536049987041,0.35158862430748683
182,0.0048722592627588246,0.06697676181497327,0.0072931231156870375,0.35252769562823416
183,0.003110255070880222,0.06511494923770166,0.00732966059236384,0.3518907855927304
184,0.0023008449443031624,0.06402934349276071,0.007335473359438049,0.3525281862722515
185,0.0047440207863522765,0.0649958828146263,0.007294766398559318,0.3516627035511059
186,0.004720728984928255,0.06430341678359845,0.007297506077328584,0.3527222121324468
187,-0.008711844616899994,0.06566658264195574,0.0073846556220079854,0.3523400750069238
188,0.001273037706637747,0.06406412578090848,0.007256879444649079,0.3531482905091598
189,0.0035392852385311368,0.06365304736366612,0.007275078700761981,0.353517421237453
190,7.566725217488055e-05,0.06436656719642192,0.007249836951484016,0.3523026618988759
191,8.830477676580683e-05,0.062259688917047654,0.007250855527018503,0.35249708859833884
192,0.0034096482679055345,0.06316933529773504,0.0072741077892232,0.3523708071981629
193,-0.00032569943938727346,0.06522448514620738,0.00724737140253506,0.35248150854894056
194,0.0042373892375177705,0.06560075695812168,0.007317553986096065,0.35258198708497407
195,0.0029791015534274315,0.0653367505133686,0.0072683796217321425,0.3524099377556024
196,0.0029777231747001183,0.06550861652039067,0.007268256602982107,0.3530971568920622
197,0.0043450113382560015,0.06575377708638014,0.007316043008349188,0.3538654978493667
198,0.004290496767757016,0.06679361572069539,0.007281124150608744,0.3534264073368014
199,-0.000874310092509738,0.064856480951226,0.007354537442101844,0.3524549773175912
200,-0.0023709051422263526,0.06885222838096149,0.007362795480535698,0.3529236437910041
201,0.00033198719353850787,0.06490380526557567,0.007348336514070297,0.3538991034414053
202,0.001966803845907268,0.06421516891943402,0.007261363557381886,0.3538329774610247
203,0.004992770048466698,0.06750881332280821,0.007300288427721613,0.35446598877861385
204,0.0049728329558449075,0.06733248854887795,0.0073017252280879515,0.3533536090182399
205,-0.0022028982770497347,0.06513056753576747,0.007238599395870211,0.35425025310400715
206,0.0016923549240498467,0.06529461484290723,0.007258907975422028,0.35386440510925665
207,0.0016389120429142574,0.06563832581227688,0.007258383784880829,0.3546366527577321
208,-0.005180501778348048,0.06427035134733255,0.0072270181337572015,0.3540666078443807
209,0.00025439667123442334,0.06658325741735242,0.007249812880224987,0.3531389427837157
210,0.0046003232745534224,0.06435609624377264,0.007291379262329863,0.35533674531864984
211,-0.00032971493021294947,0.06583242953956278,0.007247114697774976,0.35481756406995235
212,0.0030308251823289124,0.06446327949996558,0.0073298411311141,0.35454716987843027
213,-0.001524992188958956,0.06254489882845449,0.007242636516834418,0.35502410391370276
214,-0.005081823862779273,0.06558473758873666,0.007226990918825739,0.3559907424533836
215,0.004393288888030177,0.06496822033780739,0.0073140564659972315,0.35440367930681327
216,0.0033996959635746553,0.06359290382164734,0.007273688123354468,0.3549832227863733
217,0.0038380378191146293,0.0652525870727989,0.007276941789836152,0.35350021977121565
218,0.004628615951687497,0.06455909419379853,0.007307611236047502,0.3548131245750712
219,0.0033399068699556827,0.06790434262323038,0.007329641034059093,0.3546933657914605
220,0.0032377386291596874,0.06423231006678964,0.007327762324405238,0.35520191441721277
221,0.0031343287332276405,0.06491185152986881,0.007329252059542209,0.3545149435699651
222,-0.002586709879582034,0.06625445678919446,0.007362773960047849,0.355402916177182
223,0.004747715386576597,0.0665231530398816,0.007309012882125404,0.3543025026085252
224,0.0029490748031113477,0.06555925166840078,0.00726800927429615,0.3551124480843547
225,0.004512636649109809,0.06380300220718796,0.007290114932758277,0.35492608293345795
226,0.0008330480575620152,0.06970620046666061,0.007347779809896213,0.35404163210670525
227,0.004742617724118361,0.06681972788337638,0.007309815637628823,0.35455037738718936
228,0.004134326359753471,0.0641459817030986,0.007282113504257293,0.35485807929615504
229,0.002301248072736517,0.06367578254179479,0.007264111570565474,0.35467796162560306
230,-0.00027341119017754525,0.06701669006902597,0.007352431949322739,0.3549378786185962
231,0.003711527468594706,0.06379696206274477,0.007276908774694922,0.3548402816908348
232,0.004794201969644082,0.06570773539908256,0.0072946059514543945,0.35510540013234254
233,0.00013586438646691291,0.06572113985728649,0.007249584484217924,0.3552994887162046
234,0.004381875502766498,0.06524535384752234,0.007314661773082444,0.35503564828020373
235,0.004184919318082011,0.06531537155491535,0.007317915860582411,0.354906696232738
236,0.0037658064841007274,0.065173907367474,0.007323111804639278,0.3553292138345716
237,-0.007766265147074441,0.06724767409856233,0.007382046972741651,0.3554563636642569
238,0.004594912202593612,0.06720461595432392,0.007313748775977182,0.3550674073854471
239,-0.00625533767867945,0.06567217802764123,0.007222775711090269,0.3546614191890033
240,-0.0004921376753665066,0.06702357619839838,0.007353520534318338,0.3557695334714939
241,0.0028840591579169777,0.06698107290936728,0.00733283423793694,0.3549845109328539
242,0.0008210664545612148,0.06495367984135869,0.007345598718540845,0.354539760750072
243,0.004680045640722462,0.06459724395221535,0.007293484416119156,0.3539568985869073
244,0.004062480692961784,0.06725657402546345,0.007321662696024777,0.35558732629214673
245,0.005047012411011435,0.06839877411061251,0.007296455195556378,0.3551900561696423
246,-0.008760162208341542,0.06494189909653762,0.007214728240360345,0.35461378204180166
247,0.004618270600381769,0.06486759032123442,0.007308730091648045,0.35500413800408676
248,0.0029058437485008776,0.06758290644023424,0.007333061808835349,0.3549511447600536
249,0.0014248739233774688,0.06416403367495985,0.007341532544188534,0.3547487126167012
250,0.004695470219605496,0.06417589841394196,0.007296317811096068,0.3540376097340752
251,0.0022053477937262617,0.06508817671211399,0.0072625512943185954,0.3551314469512207
252,-0.0014378284823705484,0.06404398291166713,0.007242454544756278,0.3543207820119097
253,0.0019859617390946415,0.06360058361561756,0.007337464942729214,0.35479735269610396
254,0.004553554781991336,0.06325857845185635,0.007306396143845314,0.35489556913422177
255,0.0033033825317364254,0.06699772345813036,0.007329297408337951,0.3543631276996945
256,0.0019828101312892553,0.06501511879315967,0.0072610268762853016,0.35497671223152505
257,0.0021403577562705916,0.06418475465092713,0.007262612945594635,0.3541706447061344
258,0.002889901942431956,0.06949065330297682,0.0073344457978360734,0.35374559292343827
259,-0.008592860586210865,0.06733703842666931,0.007384709569344962,0.3540254621090372
260,-0.004832273898723221,0.06283307182883173,0.007228757452444932,0.3544007214292783
261,-0.006106889101182761,0.06388537822564996,0.007223810045292601,0.3541873309125104
262,0.004621854719632909,0.06437926286072342,0.007291971531147817,0.35430726832301185
263,0.0018716937036141164,0.06624688611308634,0.007339759645943748,0.35443709709999105
264,-0.0023124941965800257,0.06568087093259145,0.00723792682677302,0.3545005852964476
265,-0.0018989793618477031,0.0653973268460863,0.0073594938931017375,0.3540511309561649
266,0.004551875804457892,0.06701728587457348,0.0072850534121541135,0.35440836014887467
267,0.004538744184817836,0.06532653647991371,0.007287621740349557,0.3548161166655987
268,0.004160801753415596,0.06339110427212671,0.0073158326254387,0.35396008439069837
269,0.0044151654819896075,0.06461217262500729,0.0072862402748202085,0.3537014225932641
270,0.001574124367356899,0.0650112710252015,0.007341037207467118,0.35403611929733214
271,0.004365030804848081,0.06481851429745313,0.007314347083543032,0.354363108223037
272,0.004765068001899505,0.06661165179497383,0.007308737703480398,0.35404093862998304
273,0.003011311108494023,0.06444650584409277,0.007269331514810312,0.35447653692066405
274,0.003165585716617421,0.06527471768272752,0.007270082755279978,0.3540391583775867
275,0.003141339315620436,0.0655865225593446,0.007269633180620041,0.35399996114014876
276,0.004344706307863359,0.06694973607889518,0.007317612244964871,0.3532436072815047
277,0.0046744190619579335,0.06543417464651118,0.0072908069713581046,0.3538386072501183
278,0.000704120085308057,0.06638844225973728,0.007346957706928054,0.3538405456202634
279,0.004234797869929405,0.06780654880811897,0.007320116680214843,0.3537187912254613
280,0.00493939201238053,0.06860859470231219,0.007290849943627858,0.3543922965914472
281,-0.0012536486359794327,0.06590968216649615,0.007242593621157184,0.3549509442735423
282,0.0022681719037066306,0.06460123001997678,0.007336056936723146,0.35323477067562997
283,-0.003924541971540076,0.06932532027157318,0.007369189010480481,0.35371837094296943
284,-0.006253727076925253,0.06572266092789318,0.007376572485651236,0.35370454699421283
285,0.0037747099130614054,0.0677542563313844,0.007325375494829343,0.3538192132162734
286,0.004820418893887351,0.0656199846533081,0.007302515007082897,0.35471736668758747
287,0.0028601056927637196,0.06669078995318435,0.007266475763818547,0.3532258777751053
288,0.002972111962571057,0.06565431820218862,0.007268121103555697,0.3540749149263681
289,0.0032023548502234777,0.06460082836430797,0.007270926611423974,0.3537245053037755
290,0.004592607531819013,0.06462486490696501,0.007290396683570127,0.35406819279287444
291,0.0014219178503963592,0.06653219380597954,0.007342793641985502,0.35427232109887924
292,0.004647633517585785,0.06619469245540771,0.007288415183290329,0.35377693660022314
293,0.004813173608707589,0.06678173695983944,0.007307639433858424,0.3547123451337527
294,0.0033967569742808868,0.06848480267351653,0.007329574530368584,0.3541300824097853
295,0.003503338789564368,0.06763015231989954,0.007327942625177242,0.35434910421230337
296,0.0005332539909455742,0.06482246298858954,0.00725215327811494,0.3542979401605974
297,0.004210882967399307,0.06493103779484548,0.0072822754784442585,0.3545704506574779
298,-0.0051790857775576155,0.0643980231228131,0.007226980971099617,0.3535548838667188
299,0.004876890632068521,0.066261664618747,0.00730244774927408,0.3534346832015017
