aum,net_ret,net_sharpe,drag,net_pnl
1000000.0,0.0009092592481028314,0.021578513724776205,2.145901714281699e-05,909.2592481028314
10000000.0,0.0003524550075778301,0.00836259369946032,6.785937051990043e-05,3524.550075778301
50000000.0,-0.000654090530897474,-0.01551283053725407,0.0001517381653928426,-32704.526544873697
100000000.0,-0.0014083146033214025,-0.03338925513811822,0.00021459017142816985,-140831.46033214024
250000000.0,-0.0029047947773773925,-0.0688195592576376,0.00033929685259950207,-726198.6943443482
500000000.0,-0.004591291073584017,-0.10867969278344614,0.0004798382106167208,-2295645.5367920087
1000000000.0,-0.006976357008571417,-0.16490804677398124,0.0006785937051990041,-6976357.008571417
2500000000.0,-0.011708642831873554,-0.275883657760754,0.001072950857140849,-29271607.079683885
5000000000.0,-0.017041812393324474,-0.39980434773871665,0.0015173816539284259,-85209061.96662237
