,0
original|value|full,"(0.02445643715973213, 2.9732869082338853)"
original|value|dev,"(0.015638585158495217, 1.9026097397689627)"
original|value|oos,"(0.0773635491671536, 5.639641491934796)"
original|momentum|full,"(0.012157971262610472, 0.9043187110320936)"
original|momentum|dev,"(-0.00047692704088583875, -0.03804196427974425)"
original|momentum|oos,"(0.08796736108358835, 2.1257189626070074)"
original|quality|full,"(0.006958548699338185, 1.3535190814249012)"
original|quality|dev,"(0.01154096950595452, 2.1308850017954635)"
original|quality|oos,"(-0.020535976140359787, -2.9187303194371625)"
original|low_vol|full,"(-0.0203899299834562, -1.3562033511009872)"
original|low_vol|dev,"(-0.01062406764868546, -0.7006928998372857)"
original|low_vol|oos,"(-0.0789851039920806, -1.8428251316658908)"
original|size|full,"(-0.007911272655242553, -1.368183568440625)"
original|size|dev,"(-0.0017638563969332856, -0.30797558810165226)"
original|size|oos,"(-0.04479577020509817, -4.306408465331192)"
corrected|value|full,"(0.004896450894117852, 0.43143689660728435)"
corrected|value|dev,"(-0.006016354349391217, -0.5117945996364032)"
corrected|value|oos,"(0.07037328235517226, 4.365147320643435)"
corrected|momentum|full,"(0.0074331605972997525, 0.5576271275811734)"
corrected|momentum|dev,"(-0.005776946851732812, -0.4752665286181468)"
corrected|momentum|oos,"(0.0866938052914951, 2.067635678445025)"
corrected|quality|full,"(0.007266657437576768, 1.4160459536773644)"
corrected|quality|dev,"(0.012026749080189301, 2.2398426320364795)"
corrected|quality|oos,"(-0.02129389241809844, -3.0335454560074733)"
corrected|low_vol|full,"(-0.023834529247609454, -1.613114867423648)"
corrected|low_vol|dev,"(-0.0146479794843379, -0.980371168779464)"
corrected|low_vol|oos,"(-0.07895382782723878, -1.8566033410239404)"
corrected|size|full,"(-0.015531888036791473, -2.668785470417859)"
corrected|size|dev,"(-0.010760129315191887, -1.7638221043623779)"
corrected|size|oos,"(-0.04416244036638893, -4.017495756456558)"
