,ew,ew,ols,ols,ridge,ridge,xgb,xgb
,ic,ls,ic,ls,ic,ls,ic,ls
date,,,,,,,,
2019-02-05,0.012362066753419974,0.0021468793682885897,-0.017165514147471524,-0.003266576469145397,-0.01715593343995064,-0.0033621214820023304,-0.032303194287981826,-0.0024704405117856217
2019-03-07,-0.06830656714884485,-0.016618141195025492,0.09790585761188937,0.021124619939346494,0.09680362733962326,0.02179203603021368,0.05644760315651353,0.006551864490386312
2019-04-05,-0.03481572171699435,0.002006659902314873,-0.06685614167163056,-0.002213852851068539,-0.06735844187594225,-0.002154740020996892,-0.052802601530106394,-0.009192883299157625
2019-05-07,0.12517030825260145,0.013498878345441485,-0.19709050833448136,-0.05012140557634376,-0.2006867046056474,-0.052026811000698114,0.03074439038258057,0.003974176585644543
2019-06-06,-0.0035835162233201147,-0.003903397566382291,0.005904008661784058,-0.005748403427568702,0.00555029465708185,-0.005556440688558192,0.06701304161645934,0.002903531693157879
2019-07-08,0.011793422834500862,-0.00045101571774294746,0.09961774804200366,0.023470636410208624,0.1034654977710835,0.023658942067064922,0.07270592105645636,0.006393661907300209
2019-08-06,0.09170359128811618,0.02078174890459933,0.1726384876117785,0.03946182407448903,0.17644858783368467,0.042679577745492296,0.040791119526348577,-0.00602059174920078
2019-09-05,-0.03168010604872707,-0.011376260473420365,-0.05911273471617656,-0.0034783478414105373,-0.0625528440286691,-0.0029501851057546994,-0.18926093962011326,-0.020795204841683464
2019-10-04,-0.20264893468273149,-0.05171218141245309,-0.255900522190241,-0.05975084588852974,-0.2638482070147225,-0.061529874140178006,-0.20365404722208663,-0.03898795621676277
2019-11-04,-0.027097823852627868,-0.002129701445791184,0.08017645935413893,0.004948847683989463,0.08206190947565155,0.007453067725698241,0.1670025150634285,0.011272834542914646
2019-12-04,-0.2316396123522015,-0.035108806854956445,0.03135872913374312,0.0031485553667591135,0.030643779993151665,0.003979426509206706,-0.006499550804028214,-0.014419538306966816
2020-01-06,0.044775571107209006,0.008655860243891944,-0.04537284726694032,-0.007508674601229344,-0.045637799028131976,-0.007196764908652838,0.09632968397019454,0.02685294877573085
2020-02-05,0.07471033143014918,0.030113849962453115,0.10770176780590056,0.030571152776855473,0.10765161728389844,0.030571152776855487,0.18739145351930303,0.05380404065423196
2020-03-06,-0.056875477463712756,-0.01592692363329054,0.2499622226512983,0.10264903384441613,0.25120048019207686,0.1004019426222308,0.1556743730944957,0.0464074224391407
2020-04-06,-0.0008783938020248162,0.002360619334907138,0.025343176133243852,0.012203442472682832,0.02388677261226529,0.010183801380464111,-0.01545552303336673,-0.010254088741371487
2020-05-06,-0.24990310522559994,-0.12076472755510187,-0.3702187895659374,-0.1930084987174421,-0.37892677469617125,-0.19827460226411886,-0.34204753362183543,-0.14443534122959284
2020-06-05,0.2280133562292075,0.06940892833767384,0.2777834215532608,0.0883350412260543,0.28725234530645927,0.08808084260267372,0.19388763887957886,0.055857768035685804
2020-07-07,0.031102878897970237,-0.0009776112171882567,-0.06893449926694727,-0.026811383199131268,-0.06868378878622805,-0.027931925075112808,-0.053130671657229615,-0.018699450896143693
2020-08-05,-0.1720009598476282,-0.03245405162989918,0.02084968012244775,0.0011838094379503644,0.015998311399077342,0.0005098263634581782,0.08175909550212153,0.02693787043868498
2020-09-03,0.03965605639131687,0.005746051894731881,-0.034331078640864356,-0.0017593806848328717,-0.03307806366595152,-0.0005079192172420392,-0.07303709793069464,-0.007230659392110263
2020-10-05,0.025975809260111178,0.004589569842890817,-0.08027034812480383,-0.010205228717328737,-0.08187658810175888,-0.010189046372647932,-0.11718377946075098,-0.021397700852683936
2020-11-03,-0.3452810478311591,-0.10750215774161875,0.023163246367589346,-0.021778374981451187,0.016159189733799973,-0.023470101882566513,-0.018191219786776194,-0.01277088316768854
2020-12-03,-0.02266157692959801,0.0013638291877204195,0.049037871791959474,0.006239553209925135,0.04865149951357785,0.0057337392954091675,0.09521258854653078,0.003785646161171774
2021-01-05,-0.03658612305904392,-0.0131556380963351,0.023705335170379444,0.0006789316985975208,0.026027519477462444,-0.0005150117241613933,-0.10302549981400737,-0.027033426624051327
2021-02-04,-0.0753213635187611,-0.025239411562111957,0.1841976512501668,0.06075363944226191,0.1899502989638113,0.06148374192869873,0.0317194162197473,0.015952975287900115
2021-03-08,0.039536409546830034,0.002593608303567703,-0.14013737794189862,-0.01933979789819714,-0.14295723959194914,-0.01933979789819714,-0.024804972286899117,-0.006900704546845521
2021-04-07,0.24747807557567086,0.049433833064014894,-0.11961385308364866,-0.02638033686276752,-0.11583887700374236,-0.021948660935794118,-0.0655065556585462,-0.01431553047277611
2021-05-06,0.005408952208981435,-0.008392731129241021,0.03765973777922243,0.010348479141891475,0.04048368562112782,0.012311968008464732,0.020629303681449752,-0.005159414219756171
2021-06-07,-0.07953567415658767,-0.010156051739626889,0.05856699525839336,0.013235614277586467,0.05112094027002444,0.005579643515235421,0.1431177910890408,0.02482359415689092
2021-07-07,0.021973308398070747,0.004552894893959906,-0.04353411485338219,-0.005286934642274151,-0.047746908783310366,-0.006600230028830497,-0.035766007699696546,-0.004659426790548038
2021-08-05,0.004476824915623411,0.0006144173785740357,-0.013317947482582793,3.601462261945687e-05,-0.013680675032827789,0.0005334445034233318,0.01754670950162618,-0.007653975015370969
2021-09-03,0.042935729899539136,-0.0006845126059762292,-0.05901526170302365,-0.01524688541958984,-0.05566700385319451,-0.015822997306135365,-0.009389886576915148,0.005515383541954147
2021-10-05,0.03955312261642256,0.005559764788721146,0.018396869480085103,0.0026775946523749233,0.017046749391343652,0.004781728822533013,0.05931522778811785,-0.003213058639098751
2021-11-03,0.11889369343780305,0.03284929153242022,0.022583878037278373,0.005761928337773017,0.022464092195377823,0.006630999297480088,0.09514612202536635,0.02486497751509326
2021-12-03,-0.0592390951010276,-0.0029729233846446934,0.1330501566053117,0.025503375385206438,0.1370301942135694,0.02928731653275994,0.08537776476246522,0.013445575098727666
2022-01-04,0.04996407524467922,0.010226584328443554,-0.05930562845985175,-0.012549885769300453,-0.0567124691785454,-0.013572439486099541,-0.19930297906508093,-0.05355931428041261
2022-02-03,0.1261143930105545,0.02660977215635326,-0.0802762266498945,-0.030015160371231794,-0.07906877617336923,-0.02989729614945831,-0.09163848506487383,-0.026416214063242745
2022-03-07,-0.20848752610315133,-0.05467186522093725,0.10945780405637409,0.03764634949807595,0.1078217325238253,0.037324690649776955,0.11452984689606595,0.026592385708340785
2022-04-05,0.1923901527254905,0.05740870818927109,-0.013849201296376823,-0.006337419808410509,-0.010886706371610403,-0.005984936481204073,-0.07797048316223688,-0.013942282730227469
2022-05-05,-0.02154742751841579,0.004657981154849111,0.06560305441907319,-0.002181940941977245,0.06636701723899231,0.0006076472257253024,0.01774265158712351,0.005956192338423238
2022-06-06,0.1609506984736185,0.0454089439235497,-0.2157384467474084,-0.0368155615355876,-0.21696531511727493,-0.03732610462716998,-0.12593520774658423,-0.03949022685295342
2022-07-07,-0.25978995063977,-0.05468864068774172,0.16165097752876204,0.035905329595900495,0.1604053525815167,0.03422195097299704,0.11057941813159303,0.030018720552240176
2022-08-05,0.2029617074521034,0.03843574960884483,-0.3286836635936959,-0.058304708420099285,-0.3282743868253153,-0.058304708420099285,-0.2493363666565041,-0.026923490719505696
2022-09-06,0.0586993732188529,0.00688402848345538,-0.15599731535044264,-0.010427992810938464,-0.15629959012617453,-0.01058721484008422,0.03267318723229746,0.012365845895438947
2022-10-05,0.06425859589435935,0.015750602800887407,-0.20422786845976498,-0.05717256693112134,-0.20449266647614928,-0.057172566931121334,-0.11058022438368018,-0.03919399632632031
2022-11-03,-0.11017006211942808,-0.024807129708145928,0.2522044899357489,0.06516333137958694,0.2516108439336386,0.06427657580329299,0.22959271853537677,0.053935997176085645
2022-12-05,0.05217102192499228,0.008683642181123878,0.10917330300958929,0.011666866112450752,0.11072468093618362,0.011666866112450745,-0.07309597642145776,-0.01338508567474414
2023-01-05,-0.21490625898998042,-0.07171530690289671,0.3681950511478358,0.11483836370214304,0.36903421161898275,0.11483836370214305,0.16510518184839093,0.0469213982185649
2023-02-06,0.005907210319170974,-0.005381950765196552,-0.26181234919017576,-0.043283916685864815,-0.262501637563753,-0.0432839166858648,-0.15555164904069557,-0.02263911239408284
2023-03-08,-0.06244274125373002,-0.008805463687565601,-0.028004299654572025,-0.011627906587226613,-0.030721703738124165,-0.011339310231896447,0.03803817276091423,0.006737717030057504
2023-04-06,0.007009766881411125,0.006715709029634822,-0.07410132285329067,-0.01839857013527345,-0.07470082056664143,-0.019640589036902335,-0.08484556921339227,-0.02551712628343338
2023-05-08,-0.0977456422281822,-0.031425444355707655,0.14325021333632632,0.03864897111198008,0.14429347782793758,0.04118669930087976,-0.017146290898069433,-0.0007176454977469542
2023-06-07,-0.011721205666546847,-0.01503584629116847,-0.05789458677579026,0.007466044484628932,-0.05766242059666706,0.008740161410570615,0.06377472517134021,0.011176678498166795
2023-07-10,-0.03193579399216142,0.0029817973463824587,0.06966327978854074,0.010854163671393618,0.06984904448370001,0.009550461507409862,0.019811230186850593,0.004488315720803342
2023-08-08,0.017703527359059713,0.00609619550211039,-0.16775040256251111,-0.037312224014238206,-0.17090840238021865,-0.039814670655255416,0.01656018472302397,-0.004351047187559201
2023-09-07,0.14564153604610033,0.023993259010263966,-0.07669813925000646,-0.014929508938272773,-0.07700470579101285,-0.014929508938272773,0.03559730333589255,0.001264164431397062
2023-10-06,0.0964818712744024,0.02602932611186319,-0.09625391430370683,-0.028399858255961058,-0.09616581551228853,-0.028399858255961058,0.004736307612951591,0.0018212061344211156
2023-11-06,-0.1457666699823064,-0.024558963690730164,0.20960725430736746,0.035082083804640785,0.21076701823097765,0.03696389441313092,0.07099150526152373,0.006696177985075033
2023-12-06,-0.06647502694933523,-0.013007594245514335,0.12268577043149394,0.022053408565844694,0.1232192192371288,0.022053408565844708,0.056646535070732175,0.013673093267245369
2024-01-08,0.13325293439442323,0.025953547035306054,-0.31769469603428896,-0.07892869184085374,-0.31906415464711757,-0.07865424440821413,-0.043973479211550114,-0.009809576090720536
2024-02-07,0.009265757613386891,0.008044286768319121,-0.023739057590106413,-0.0031856744792155625,-0.02248323241221737,-0.0031856744792155625,-0.07416839586247555,-0.003928816825911709
2024-03-08,-0.0612741889136494,-0.010363367169064504,0.05910141364279338,0.011935164396728306,0.059631351086467006,0.011935164396728306,-0.043458628826782565,-0.006375446220058065
2024-04-09,0.009190415032339432,-0.0013028744587178856,0.010054833453771287,-0.004540261161011165,0.009902524148072413,-0.004936603346566622,-0.018204749205181815,0.0013034357513179058
2024-05-08,-0.060175691826093676,-0.006899722798192605,-0.036049152732401744,-0.0023687601503660843,-0.03720063904092637,-0.001564195773797852,0.06549897867656901,0.013287699808260712
2024-06-07,0.0055601160267502335,-0.0008085787390633176,-0.043848211837937835,-0.01753596994175864,-0.044994575783401394,-0.016291915554665172,-0.02410986527923804,-0.001416241486279132
2024-07-10,0.06566773524903036,0.030786304233877435,0.004901965845979167,-0.006743692426140067,0.006620798097409858,-0.0064002733830429565,-0.06542218947338098,-0.0020633142741456386
2024-08-08,-0.04841270808288973,-0.0029839833121302548,-0.03132640444785793,-0.007730202382972062,-0.03180593448364095,-0.007431571141731208,-0.014405623718584636,-0.0004188096177962161
2024-09-09,-0.08562079004328782,-0.04337698456163311,-0.0015069468867823805,-0.011490752120365752,-0.0014988927647343454,-0.012857668316881399,0.03793233437607543,0.006199058478213615
2024-10-08,-0.03376050469193913,-0.005423962564213153,-0.0415441941035153,-0.009774791614706912,-0.041748644893965424,-0.00821675437814581,-0.00046755213482518453,0.008047381189481354
2024-11-06,-0.028946204866713583,-0.02253599215078543,-0.09335563843270091,-0.024778725815536418,-0.09483646105181466,-0.02569539677016411,-0.02040253728600398,-0.02404539021435062
2024-12-06,0.018263489646084728,0.009029702064210617,0.051673416022347804,0.0008613009273457581,0.05134316625171643,-0.0022563040107688656,0.04595264435855808,-0.0004565245123113043
2025-01-08,0.036014888756347195,0.002321040931534152,-0.12469963283002906,-0.02858191515312251,-0.12618799847103887,-0.029371625141395546,-0.04492121604229116,-0.013747246911369602
2025-02-10,0.03127908717245973,-0.0007024548022129262,0.0560223499643132,0.018238504227858526,0.057448190376571714,0.018238504227858547,-0.06971527483982438,-0.015184215238735942
2025-03-12,0.018415311847128368,0.008010882013656878,-0.10290474566996219,-0.022660113048120156,-0.10376775702471713,-0.02266011304812013,0.0196985585205939,0.0026672044916546123
2025-04-10,-0.13527108843112423,-0.03727846087164641,0.16532919966432216,0.039098432330613844,0.16549606960598146,0.03909843233061383,0.08791098610144686,0.013519405257741049
2025-05-12,-0.17203072100105649,-0.03492187472161391,0.08712543830771849,0.008692107306801856,0.08583535822085636,0.006652962547254629,0.0332739284145782,0.004325809904327998
2025-06-11,-0.14975978767643364,-0.0410060217854392,0.14411178211287495,0.017132564032819035,0.1442544192680798,0.017132564032819035,0.06943155163859253,0.018048490126368708
2025-07-14,0.01907304316967272,0.0009902555083091454,-0.03568371588005259,-0.017410874942373006,-0.036553173065306616,-0.017410874942373002,-0.03286490809903319,-0.02043346694245226
2025-08-12,0.1228650947241779,0.020533870589241877,0.04221122680375652,-0.005415007915526602,0.043607651544833204,-0.005609847939082372,-0.0342864142083504,-0.006507984040103186
2025-09-11,-0.10255088694434447,-0.026841871707109353,0.05232037385603946,0.019872363355229447,0.05111096687652798,0.019872363355229447,-0.012370508790044983,-0.0018181723776718
2025-10-10,0.03552379772279818,0.002258731194015564,-0.0314529405170023,-0.02034607182286676,-0.03210937177316096,-0.020965094905507527,-0.06173084601772037,-0.030600320963553078
2025-11-10,0.014519079285094732,0.003008298749767907,0.20875389187520038,0.04547376466971273,0.2102545871514522,0.04547376466971271,0.03827525363016943,0.012695653469140474
2025-12-10,0.035832300707205784,0.0004682236824998312,0.0543593793487438,0.015962883200223245,0.05446868622702728,0.015119662614558615,-0.004321216673972415,0.0034671155932211456
2026-01-12,0.11894487770722166,0.05232637653599563,-0.020533597315112152,-0.018688349765243476,-0.02053890914358838,-0.018688349765243473,-0.11254499631902351,-0.027129346774783597
2026-02-11,-0.06349657398629593,-0.02802805166212841,-0.08193767175068699,-0.028311803336406906,-0.08330865323461294,-0.029644184438596802,-0.062283417133668535,-0.011606456886146303
2026-03-13,0.12165888663554655,0.026167862668685628,0.10533978135912543,0.027555774972237473,0.10428416113664453,0.027364524914345212,0.08458987638966262,0.03891760485385645
2026-04-14,0.06144235776943108,-0.005447245969264504,0.029819255277021103,0.031222694282352616,0.028702482809931238,0.03108659852248112,0.00400643212188286,0.02110303173559219
2026-05-13,0.12805080039597264,0.03606075645458793,0.03704797546901031,0.014435259514426476,0.03827597363401501,0.01608668980500702,0.05261506398894488,0.019856489768897062
2026-06-12,-0.1624204079580548,-0.011510516022236999,0.11273370115585557,0.0086349737296167,0.1126131955798366,0.0086349737296167,0.02541796048489963,0.0018416662211187956
