date,period_return,benchmark_return,turnover,gross
2015-01-02,0.001735920977947542,-0.0028717717409063592,1.0,1.0
2015-02-03,0.02082758916959727,0.027436066815616833,0.060892767842726334,1.0
2015-03-05,-0.008736411211564463,-0.008088594391130854,0.04137419493440538,0.9999999999999999
2015-04-06,-0.0038150626546844773,0.005148483696246986,0.04990169597928705,1.0
2015-05-05,0.01079069251893486,0.00588793805080301,0.06616379081008104,0.9999999999999999
2015-06-04,-0.006085003368425809,-0.011442633757476228,0.05846153421401745,0.9999999999999999
2015-07-06,0.021933293711070626,0.012867941954422202,0.033770920166772425,1.0
2015-08-04,-0.057204031158159176,-0.06672095348538598,0.05146059158735697,1.0
2015-09-02,0.013026184542649774,0.0030895885137887102,0.2595605206465748,1.0
2015-10-02,0.013181821285305557,0.0789231660693821,0.2648851815685872,0.9999999999999999
2015-11-02,0.0051209973275484445,-0.008840876001348641,0.5000492693457436,1.0
2015-12-02,-0.0024365527431616726,-0.03027697975143484,0.27488338218948294,0.9999999999999999
2016-01-04,-0.020310015903676017,-0.048353007422869854,0.05634780838132826,1.0
2016-02-03,-0.0004476010293620482,0.04772564410611935,0.050396348953107434,1.0
2016-03-04,-0.0044841672636780775,0.024014239623879163,1.1864923259038247,1.0
2016-04-05,-0.01669165716782009,0.004016025299874659,0.4561703415637295,1.0
2016-05-04,-0.0038491424587010705,0.025705906532599743,0.08446505674865917,0.9999999999999999
2016-06-03,0.018957646973460935,-0.003738729585492595,0.5814743625133907,1.0
2016-07-05,-0.005223602000304126,0.03728212185103286,0.33541414671709296,1.0
2016-08-03,0.0003890053829850877,0.0055973902820356525,0.36619010720996703,1.0
2016-09-01,-0.0046609677545611785,-0.002392203350221833,0.46985264654003933,1.0
2016-10-03,-0.023358991022349104,-0.022105880217992757,0.23114246353006748,1.0
2016-11-01,0.0404683088693364,0.04056688837711575,0.06338423352699918,1.0000000000000002
2016-12-01,0.016923258407009367,0.03186970155009772,0.6741741145831294,1.0
2017-01-03,0.009762249038025904,0.011232153433566427,0.622770297248611,1.0000000000000002
2017-02-02,0.03677036003169476,0.04364067844235109,0.40264135188775985,0.9999999999999999
2017-03-06,-0.002830326923528543,-0.005071532777942922,0.09358074518878286,1.0
2017-04-04,0.010011930555841377,0.013928615042520631,0.10043843500726185,1.0
2017-05-04,0.024861527256448024,0.02190505310360691,0.07553046795686977,0.9999999999999999
2017-06-05,-0.004703404873313877,-0.00014793929456380361,0.08473408036824107,0.9999999999999999
2017-07-05,0.010992836873339129,0.017259245422550418,0.43843330204067854,1.0
2017-08-03,0.000700917627872071,0.003563260546552316,0.18636362821706204,1.0000000000000002
2017-09-01,0.006033653899788028,0.02531832079573082,0.3868328065298341,1.0
2017-10-03,0.011701346016080926,0.018310441251594423,0.08208767343452285,1.0000000000000002
2017-11-01,0.028243530652057515,0.02706902028566871,0.22723169597441428,1.0000000000000002
2017-12-01,0.00909763844092105,0.02795302120490417,0.2684958424567101,1.0
2018-01-03,0.008519965194330853,0.01841252912833924,0.03942645746121792,0.9999999999999999
2018-02-02,-0.01795680281359803,-0.009330300068230213,0.23152279530689113,1.0
2018-03-06,-0.008950900895054265,-0.022632790750348186,0.10366899306477116,1.0
2018-04-05,-0.01948478483749547,0.0014302723493495595,0.6590052525980665,1.0
2018-05-04,0.018161250799975298,0.034132910667092675,0.9220337031367066,1.0000000000000002
2018-06-05,-0.029247530104429282,-0.00277564468073066,0.53988024027803,1.0
2018-07-05,0.020787456679227767,0.03840966493605236,0.3616264398119599,1.0
2018-08-03,0.015133598917679264,0.02189667112551974,0.25086313096582746,1.0000000000000002
2018-09-04,0.007575300310415474,0.011147494501657196,0.49407189777592825,1.0
2018-10-03,-0.04790986560673225,-0.06242328019425725,0.2286067336350783,0.9999999999999999
2018-11-01,0.018962764503206313,0.02116964836706403,0.3361355811865651,0.9999999999999999
2018-12-03,0.016334938430761118,-0.091071358478932,1.017777555663868,1.0
2019-01-04,0.012305189475804872,0.0820558370557316,0.4925247874265334,0.9999999999999999
2019-02-05,0.0012398843974857215,0.006993404881680432,1.0156966401446228,1.0
2019-03-07,0.013957149480921189,0.05392941301392162,1.0271247332163522,1.0000000000000002
2019-04-05,0.0003647170227359379,-0.0022179113169736864,0.27487171843193914,1.0
2019-05-07,0.014322974996017574,-0.010870501205670902,0.438517633662461,1.0000000000000002
2019-06-06,0.02802750977731283,0.047273771526402664,0.3377268300004318,1.0
2019-07-08,-0.010059613557101015,-0.030388690648084915,0.21208613441580904,1.0
2019-08-06,0.03386868877049368,0.034815751916892124,0.3870650371786611,1.0
2019-09-05,0.010718768607230441,-0.007087056877359665,1.0880887623529736,1.0
2019-10-04,-0.023573712994970242,0.04423312471110408,0.35798495280806575,1.0
2019-11-04,0.011786025468261995,0.013306310022005663,0.7084873817624524,1.0
2019-12-04,0.025406652157580766,0.044214885853232744,0.1220309438302565,0.9999999999999998
2020-01-06,0.023249215810325987,0.028488747031818695,0.1704183213732921,1.0
2020-02-05,-0.06709118147738614,-0.1063513230523252,0.1707652909364219,1.0
2020-03-06,-0.09150476856392478,-0.10435846573650165,0.1159314234917835,1.0
2020-04-06,0.02441120698110298,0.07320872606906526,0.43843363324111134,0.9999999999999999
2020-05-06,-0.12278100610871637,0.12344720715083302,1.3530137575607162,0.9999999999999999
2020-06-05,0.041084946459677515,-0.013087081382401555,0.8824648663859073,1.0
2020-07-07,0.02897372652823802,0.05841668176012016,0.4296746529366423,1.0000000000000002
2020-08-05,0.025440368140737312,0.03998714817120863,0.21834651892242385,0.9999999999999999
2020-09-03,-0.005022072585377156,-0.01236276546465842,0.06728848622736928,1.0
2020-10-05,-0.004746467697470826,-0.010978437051763601,0.24534608996944507,1.0
2020-11-03,-0.0007970169433985615,0.09124180258830217,0.23022283034822277,1.0
2020-12-03,0.008312316559710946,0.01697027467838974,0.3017021124734875,1.0
2021-01-05,0.0051742793597390774,0.04001839222074555,0.21561375658244863,1.0
2021-02-04,-0.014262638670426736,-0.011574676693792307,0.26810525574959565,1.0000000000000002
2021-03-08,0.03165850765907219,0.06864116622264826,0.2179690480291051,1.0
2021-04-07,0.04011901955408615,0.030694242673251715,0.547801588792712,0.9999999999999998
2021-05-06,0.013491222083607056,0.007445099407656475,0.02085051645415005,0.9999999999999999
2021-06-07,0.008247877839832447,0.032429461682342176,0.04303084738507892,1.0
2021-07-07,0.015204457340647775,0.01680249377656895,0.07559935345010167,0.9999999999999999
2021-08-05,0.024959485889831483,0.025624618745063055,0.05089944087306089,1.0000000000000002
2021-09-03,-0.041159662353726374,-0.0410356228303842,0.051446957281888354,1.0
2021-10-05,0.06510731387234092,0.07300832383554456,0.07361864190914125,1.0
2021-11-03,-0.02686372188321814,-0.02431563193391506,0.04051309512721127,0.9999999999999999
2021-12-03,0.0650080360787671,0.05691800066585695,0.051008306854491516,1.0000000000000002
2022-01-04,-0.044565820958717146,-0.06480986818790047,0.06684539458736305,1.0000000000000002
2022-02-03,-0.033104405886138284,-0.06083740486643463,0.05155784946499984,1.0
2022-03-07,0.06432769737229957,0.07868096847775141,0.06615945336875376,1.0
2022-04-05,-0.01790575564911006,-0.08252233523007302,0.2946387859602157,1.0
2022-05-05,0.004260994551331117,-0.004881296178224526,0.374115721919189,0.9999999999999999
2022-06-06,-0.020041369341785926,-0.05128768049166721,0.35950970780208735,1.0
2022-07-07,-0.01832105996805234,0.06293217177126076,0.37894930900224877,1.0
2022-08-05,0.038157342817778786,-0.0549251757557816,0.4500982991697544,1.0
2022-09-06,0.012195318000770507,-0.031019082005025567,0.07468233214411048,1.0
2022-10-05,0.022216341628889292,-0.016123369779862617,0.26260126428571723,1.0
2022-11-03,-0.06545042228077697,0.07703261055649357,0.5368914614918656,0.9999999999999999
2022-12-05,0.015179918663637385,-0.04621676563440924,0.5436921471207963,1.0000000000000002
2023-01-05,-0.06148548685971066,0.08026231397049366,0.03926690886245926,1.0000000000000002
2023-02-06,0.009169229638157417,-0.02662066673270569,0.3139670937333052,1.0
2023-03-08,-0.02959591320658714,0.029659282241737417,0.8247916859633078,0.9999999999999999
2023-04-06,-0.007433811981461786,0.008675603165495982,0.6812691305033659,1.0
2023-05-08,0.0054832962779087,0.03345927999715892,0.46973755021807356,1.0
2023-06-07,0.0003001398259063265,0.034563800661460364,0.4550756632992565,1.0
2023-07-10,0.024546197198119298,0.020675141053656976,0.7934395625511874,1.0
2023-08-08,-0.005657282628635764,-0.008690756951469036,0.31146285503296967,0.9999999999999997
2023-09-07,-0.015114804630820797,-0.031010132722955053,0.2824686205410588,1.0000000000000002
2023-10-06,0.004918541996805365,0.014317420825718852,0.24394154742141855,1.0
2023-11-06,0.009609034145943132,0.043769833590735496,0.7950104628763568,0.9999999999999998
2023-12-06,-0.01966582030681169,0.04785866004775374,0.4856787554115065,1.0
2024-01-08,0.01743266059376813,0.04951535433845411,0.696840598156564,0.9999999999999999
2024-02-07,0.019694795106280995,0.027343908037126274,0.6369247768352935,1.0
2024-03-08,0.015827653995543794,0.018005081521084598,0.16600235133902433,1.0
2024-04-09,-0.017080225885793412,-0.004101668760299049,0.04704670543188155,0.9999999999999999
2024-05-08,0.004065802988419249,0.03252188203697459,0.30850196443110806,0.9999999999999999
2024-06-07,0.020430682251004733,0.05453259619222006,0.4693241899204125,1.0
2024-07-10,-0.000611620037744067,-0.05463889354223095,0.0657910717685507,1.0000000000000002
2024-08-08,0.035020034758569345,0.029699250333505622,0.11430809286990505,1.0
2024-09-09,0.019455019253802427,0.0521916278012462,0.23090921845387408,1.0
2024-10-08,0.014823655283355447,0.031177544612821295,0.1644910652486758,1.0
2024-11-06,0.017337603755608548,0.028373833556476713,0.08940883789244264,1.0
2024-12-06,-0.0443582257821212,-0.02687698646696801,0.10706515285725594,0.9999999999999999
2025-01-08,0.040143575541079744,0.02605669823800172,0.07456424733672107,0.9999999999999999
2025-02-10,-0.04404111216884108,-0.07601900182529853,0.29614434118997846,1.0
2025-03-12,-0.0529459942284109,-0.058532130188307385,0.266531881562385,1.0
2025-04-10,0.0508017330129278,0.1113460766097385,0.42249267885990566,1.0
2025-05-12,0.01155677848610044,0.03150993817194636,0.26854161315905956,0.9999999999999999
2025-06-11,0.01488148567362944,0.04206634736467785,0.027882144863223823,1.0
2025-07-14,0.01609875139971801,0.028616943848514653,0.29634684202431716,0.9999999999999998
2025-08-12,0.014326487212684374,0.02324599529556992,0.23465594522797822,1.0
2025-09-11,-0.0003644556010680545,-0.004257106884574924,0.3699937124331679,1.0
2025-10-10,0.00217602720333373,0.04352084930903444,0.1857809663207181,1.0
2025-11-10,-0.0027571003394112692,0.00899577656373074,0.4529389949519932,1.0
2025-12-10,-0.0005261683566628972,0.014026298661079739,0.3684095227048761,0.9999999999999998
2026-01-12,0.037204237026461064,-0.004603199457971496,0.7805807128558822,1.0000000000000002
2026-02-11,-0.0270145134103055,-0.04287823609224428,0.2571806168747906,0.9999999999999998
2026-03-13,0.025978196313483373,0.05143761594256002,0.2691509091994214,1.0000000000000002
2026-04-14,0.01598321142410071,0.06890237519469022,0.06297021961166378,1.0
2026-05-13,0.011510607157583844,-0.0007543635989680775,0.05074500658183319,1.0
2026-06-12,0.002945418018846362,0.0015624994843916884,0.057930553668208234,1.0
