date,ticker,total_assets,shares_outstanding,nav,price,fetched_utc
2026-10-06,SPY,809216114688,917782016.0,769.44183,779.09,2026-10-07T07:46:25+00:00
2026-10-06,IVV,881268883456,621550016.0,772.82806,782.54,2026-10-07T07:46:25+00:00
2026-10-06,VOO,1738356162560,,707.24,716.2,2026-10-07T07:47:32+00:00
2026-10-06,VTI,2341959368704,743262976.0,377.96,382.54,2026-10-07T07:47:33+00:00
2026-10-06,QQQ,498945982464,393100000.0,749.38,759.66,2026-10-07T07:47:33+00:00
2026-10-06,IWM,78041726976,281049984.0,281.48312,281.34,2026-10-07T07:47:34+00:00
2026-10-06,DIA,43860340736,81242896.0,510.99307,514.56,2026-10-07T07:47:34+00:00
2026-10-06,MDY,25218637824,55415100.0,669.56,675.0,2026-10-07T07:47:35+00:00
2026-10-06,RSP,96059047936,155552992.0,209.69,212.33,2026-10-07T07:47:35+00:00
2026-10-06,EFA,76699582464,938400000.0,103.90828,104.22,2026-10-07T07:47:36+00:00
2026-10-06,VEA,317338976256,,71.05,71.11,2026-10-07T07:47:36+00:00
2026-10-06,EEM,31071397888,752400000.0,67.79771,68.27,2026-10-07T07:47:37+00:00
2026-10-06,VWO,166547324928,1418119936.0,59.61,60.62,2026-10-07T07:47:38+00:00
2026-10-06,FXI,3926357504,129450000.0,33.35167,33.77,2026-10-07T07:47:38+00:00
2026-10-06,EWJ,23533963264,227850000.0,99.00907,99.32,2026-10-07T07:47:39+00:00
2026-10-06,AGG,135651655680,572600000.0,94.20042,94.36,2026-10-07T07:47:39+00:00
2026-10-06,BND,396725813248,,69.91,70.02,2026-10-07T07:47:40+00:00
2026-10-06,TLT,46233321472,109700000.0,77.42227,77.28,2026-10-07T07:47:40+00:00
2026-10-06,IEF,41556897792,146000000.0,89.0188,89.125,2026-10-07T07:47:41+00:00
2026-10-06,SHY,26281537536,209300000.0,81.02176,81.13,2026-10-07T07:47:41+00:00
2026-10-06,LQD,28273213440,293500000.0,101.76158,102.14,2026-10-07T07:47:42+00:00
2026-10-06,HYG,16778804224,195600000.0,76.87549,77.27,2026-10-07T07:47:42+00:00
2026-10-06,JNK,6504680448,89274600.0,92.43279,92.88,2026-10-07T07:47:43+00:00
2026-10-06,TIP,14229889024,177700000.0,104.01741,104.18,2026-10-07T07:47:43+00:00
2026-10-06,EMB,12927995904,,90.10445,90.95,2026-10-07T07:47:44+00:00
2026-10-06,MUB,46624735232,,101.00976,101.02,2026-10-07T07:47:44+00:00
2026-10-06,BIL,49792606208,,91.42747,91.45,2026-10-07T07:47:45+00:00
2026-10-06,GLD,141702414336,260300000.0,384.12863,382.27,2026-10-07T07:47:45+00:00
2026-10-06,SLV,29961824256,341449984.0,55.11902,55.45,2026-10-07T07:47:46+00:00
2026-10-06,USO,1690582144,119100000.0,146.679,144.91,2026-10-07T07:47:46+00:00
2026-10-06,UNG,458426592,12084600.0,10.44,10.74,2026-10-07T07:47:47+00:00
2026-10-06,DBC,1917504128,111400000.0,32.41,32.69,2026-10-07T07:47:47+00:00
2026-10-06,VNQ,68661243904,370180992.0,89.49,89.93,2026-10-07T07:47:48+00:00
2026-10-06,XLK,127297691648,272056000.0,199.81828,202.0,2026-10-07T07:47:48+00:00
2026-10-06,XLF,50968727552,883444992.0,53.46378,54.01,2026-10-07T07:47:49+00:00
2026-10-06,XLE,39130157056,186424000.0,62.82138,63.75,2026-10-07T07:47:50+00:00
2026-10-06,XLV,43393187840,197415008.0,166.0938,167.09,2026-10-07T07:47:50+00:00
2026-10-06,XLY,21273047040,120253000.0,110.01365,111.72,2026-10-07T07:47:51+00:00
2026-10-06,XLP,13445566464,210172000.0,80.52883,81.8,2026-10-07T07:47:51+00:00
2026-10-06,XLI,29827448832,136626000.0,169.92783,171.58,2026-10-07T07:47:52+00:00
2026-10-06,XLU,21327450112,163274000.0,39.81931,41.16,2026-10-07T07:47:52+00:00
2026-10-06,XLB,7776858624,71923696.0,48.87751,49.73,2026-10-07T07:47:53+00:00
2026-10-06,XLRE,7652509696,,40.7924,41.1,2026-10-07T07:47:53+00:00
2026-10-06,XLC,22528514048,,110.28148,111.65,2026-10-07T07:47:54+00:00
2026-10-06,SMH,74879844352,11670900.0,630.61,632.5,2026-10-07T07:47:54+00:00
2026-10-06,KRE,3727376896,,70.76794,70.07,2026-10-07T07:47:55+00:00
2026-10-06,XBI,10357507072,,154.41205,150.9,2026-10-07T07:47:55+00:00
2026-10-06,ARKK,7916893184,,89.749,90.49,2026-10-07T07:47:56+00:00
2026-10-06,TQQQ,37923700736,,80.9645,84.25,2026-10-07T07:47:57+00:00
2026-10-06,SQQQ,2105422336,,33.149,31.83,2026-10-07T07:47:57+00:00
2026-10-06,UPRO,5276780032,,150.761,156.41,2026-10-07T07:47:58+00:00
2026-10-06,SPXU,429678112,,33.9297,32.69,2026-10-07T07:47:58+00:00
2026-10-06,SSO,8433687552,,70.5527,72.3,2026-10-07T07:47:59+00:00
2026-10-06,SDS,349763232,,53.6163,52.3,2026-10-07T07:47:59+00:00
2026-10-06,TMF,1955025152,,25.585,25.36,2026-10-07T07:48:00+00:00
2026-10-06,TMV,242577472,,50.11,50.51,2026-10-07T07:48:00+00:00
2026-10-06,SOXL,23968989184,,163.722,164.26,2026-10-07T07:48:01+00:00
2026-10-06,SOXS,1817185152,,29.718,29.63,2026-10-07T07:48:01+00:00
2026-10-06,UVXY,273443872,,16.945,16.07,2026-10-07T07:48:02+00:00
2026-10-06,SVXY,259644832,,64.107,65.32,2026-10-07T07:48:02+00:00
2026-10-06,VXX,527790176,,17.408,16.75,2026-10-07T07:48:03+00:00
