N,S,R,U,U_end,pnl
2025-01-31,0.024186757355006527,-0.0038313248242740627,-0.004995729627947476,2025-02-05,0.0038313248242740627
2025-02-28,-0.03323375250091498,-0.007154843190658511,-0.013776098596102848,2025-03-05,-0.007154843190658511
2025-03-31,-0.03431543959113359,-0.026429710055129618,-0.05420062430289008,2025-04-03,-0.026429710055129618
2025-04-30,-0.01727938613573521,-0.001934297101680471,0.028942617797620862,2025-05-05,-0.001934297101680471
2025-05-30,0.08074914287745028,-0.007326573843931428,0.008069196720725813,2025-06-04,0.007326573843931428
2025-06-30,0.021617346553820305,0.01259970830628987,0.01948303325402101,2025-07-03,-0.01259970830628987
2025-07-31,0.04029312936149232,-0.011566052580767483,-0.018597520795375466,2025-08-05,0.011566052580767483
2025-08-29,0.007468910361361658,-0.003504277482140772,0.0013562376264122378,2025-09-04,0.003504277482140772
2025-09-30,0.01820341775592027,0.010307411782723541,0.002107805203872992,2025-10-03,-0.010307411782723541
2025-10-31,0.016264679193300324,0.0002053545984654903,-0.0025837921246152362,2025-11-05,-0.0002053545984654903
2025-11-28,-0.027927491324446052,0.02004282728121698,0.0032239129302977787,2025-12-03,0.02004282728121698
2025-12-31,0.017759010176625623,-0.009320878670870947,0.012944204621144983,2026-01-06,0.009320878670870947
2026-01-30,0.021577971534842533,-0.004657308240992641,-0.007153219649582709,2026-02-04,0.004657308240992641
2026-02-27,-0.025264730025472026,-0.007814368366356739,0.007968440332173365,2026-03-04,-0.007814368366356739
2026-03-31,-0.026324313247830133,-0.0008407140637132215,0.014310520306523244,2026-04-06,-0.0008407140637132215
2026-04-30,0.09274626582263146,0.008651054313860485,0.008544189430294225,2026-05-05,-0.008651054313860485
2026-05-29,0.04757830199575519,0.0038996674529894193,0.0005708812908338246,2026-06-03,-0.0038996674529894193
2026-06-30,-0.03201841105303416,0.019163311946659434,0.006859636245203582,2026-07-06,0.019163311946659434
2026-07-31,-0.0005022298795589464,0.014834980194522451,0.022719738687828617,2026-08-05,0.014834980194522451
2026-08-31,0.017781353332891214,0.00749997673033409,0.00933308578939318,2026-09-03,-0.00749997673033409
