N,spread,end
2025-01-31,-0.0035740936164048165,2025-01-31
2025-02-28,0.002916769611176484,2025-02-28
2025-03-31,0.021022930155124797,2025-03-31
2025-04-30,-0.001703423916817215,2025-04-30
2025-05-30,0.0084189878297396,2025-05-30
2025-06-30,0.0030432133200957168,2025-06-30
2025-07-31,-0.0035013353381359025,2025-07-31
2025-08-29,-0.0010593567846752805,2025-08-29
2025-09-30,0.004428814154702643,2025-09-30
2025-10-31,-0.009303598688988224,2025-10-31
2025-11-28,-0.00021231418116407497,2025-11-28
2025-12-31,-0.010265689312755732,2025-12-31
2026-01-30,-0.006585508738752743,2026-01-30
2026-02-27,0.00838611305961745,2026-02-27
2026-03-31,0.010003963467252852,2026-03-31
2026-04-30,-0.008479193205489288,2026-04-30
2026-05-29,0.004405740217213072,2026-05-29
2026-06-30,-0.009844568469620008,2026-06-30
2026-07-31,-0.007390361008853041,2026-07-31
2026-08-31,-0.005534863179818217,2026-08-31
