,rolling60,rolling60,rolling60,rolling60,rolling60,rolling60,rolling60,rolling60,ewma,ewma,ewma,ewma,ewma,ewma,ewma,ewma,garch,garch,garch,garch,garch,garch,garch,garch,segmented,segmented,segmented,segmented,segmented,segmented,segmented,segmented
,ES=F,NQ=F,YM=F,RTY=F,ZN=F,ZB=F,ZF=F,ZT=F,ES=F,NQ=F,YM=F,RTY=F,ZN=F,ZB=F,ZF=F,ZT=F,ES=F,NQ=F,YM=F,RTY=F,ZN=F,ZB=F,ZF=F,ZT=F,ES=F,NQ=F,YM=F,RTY=F,ZN=F,ZB=F,ZF=F,ZT=F
2016-01-04,0.1450670543405213,0.16387860679443444,0.13745112062972295,,0.047328724494698084,0.11556509750209888,0.02801114435776611,0.008016572635563532,0.15471703295135059,0.16788026676711518,0.14836440626179767,,0.05194759323683869,0.13024543772439226,0.02767006927992396,0.00750473402420463,,,,,,,,,0.1526772565373898,0.17026338624750462,0.14144195635733697,,0.05555958140413374,0.13604547192787705,0.03399072532506869,0.010777964508263998
2016-02-03,0.18295248356051522,0.2145258928578794,0.17458394667199617,,0.04861421299743681,0.11760800321414558,0.028538196068978665,0.008513938590036513,0.21592422021907912,0.2619062261504275,0.20423432778703288,,0.05176382954920483,0.11520780490650483,0.031202993485859698,0.009801101162099956,,,,,,,,,0.17272597705659343,0.20131640809588852,0.19635022755086962,,0.0550010617225138,0.13348573403382263,0.03370601120584874,0.010926885777415818
2016-03-04,0.19621244205788757,0.23708223542928544,0.18615437853737224,,0.0524042686167345,0.11476435984291763,0.031092033668456014,0.010260266120965653,0.19095589341909072,0.23643420104580423,0.17846564939837437,,0.05439537392072971,0.11119206229959648,0.03206950253992141,0.010844282068150055,,,,,,,,,0.17400051714120543,0.26838757437929905,0.18976978131183234,,0.05427614318388069,0.1113853183184924,0.03276073619037369,0.010871580357704774
2016-04-05,0.17916365350944022,0.2250229563288975,0.16609400774231167,,0.049516750658341095,0.10193890407877278,0.030314944659478753,0.010334097063715365,0.12353149395233827,0.1568034651289202,0.11098051299031761,,0.047059767795621835,0.09503555304071722,0.030478101861160498,0.01082415616748871,0.13659864673201494,0.1686876520764242,0.13653768783136477,,0.049980709606999366,0.1559741292452327,0.029559716647279157,0.010839035405912524,0.1641448946828733,0.19490251041200352,0.15299817441358282,,0.053604987584094724,0.10834941060669925,0.03221349901063318,0.010505987476221442
2016-05-04,0.1274848669258886,0.15269134907953968,0.11624454498450408,,0.0486862875739583,0.10274159774403437,0.030073486095902324,0.010087073462820112,0.1072070847756712,0.1323004008065903,0.09827058039828922,,0.04324630914833539,0.09617992170380796,0.027250998199338766,0.00855954092817236,0.14200486990640948,0.16678002326335875,0.13780679125602824,,0.05212744526967716,0.1527542101100971,0.028358990775563267,0.010638000395226327,0.09588231177488193,0.11567665996310175,0.08151234380908506,,0.04732546431772166,0.10673487199729469,0.03243547090838054,0.009316027235636333
2016-06-03,0.09767761673487947,0.12187436424298968,0.09130896560665468,,0.04140602393248793,0.08989200830708358,0.026787597149807014,0.008957716715564551,0.0977370698783458,0.12672737780567211,0.09651026392051171,,0.03962536593097478,0.08638557559598102,0.0257434355201235,0.008417138450914451,0.1286186661838124,0.15757388187720697,0.1290832551408498,,0.04586782128500192,0.1494079017451946,0.027465571936581314,0.010475962900503314,0.09611120638306989,0.11890342910447471,0.08883573914041473,,0.04643673673641356,0.10414117157527368,0.028623664023363436,0.0092056199084751
2016-07-05,0.1424722794295546,0.1629296541256203,0.13461355606211253,,0.048089338194898516,0.10497109161670952,0.029737422249407067,0.00988247769379574,0.20273357507678505,0.2241099632881456,0.1858846666979637,,0.05763538195700048,0.1308176435585566,0.03441768506242412,0.011487119090605714,0.18368668648653602,0.1983807059089197,0.15720980625230907,,0.048118010669214346,0.1484159539241812,0.029136097082617444,0.010656340441786847,0.1305942318052041,0.15075499385793809,0.12334305963914434,,0.05091504019475208,0.11698754828897111,0.030743592656774205,0.010188390507781218
2016-08-03,0.13988994445237932,0.15931024592498186,0.13118396216226733,,0.05000663746419827,0.10976681283220878,0.030254532856690625,0.010243306531245422,0.12006937921001816,0.13947457820258685,0.11038210403117359,,0.045593029222294856,0.10482015397923228,0.027075339338979622,0.009165923614536534,0.14132470612755998,0.166245060396495,0.13544435462419163,,0.047010005863991504,0.14624316920734473,0.027778093501142544,0.01049473305674242,0.18294651517178617,0.2010072964590688,0.16712774883933526,,0.05028306847208713,0.11465530557647896,0.03025788408566469,0.010020934763294983
2016-09-01,0.13082305914577969,0.14508459669737447,0.12090569630437316,,0.04988340981336963,0.10990917739755399,0.029958459178761675,0.009725924092989774,0.07409501822597092,0.08325817439963708,0.07243492636261899,,0.044838165135318395,0.0929310931328901,0.02855191083629133,0.009205226509672747,0.13199006607726876,0.1544369450666342,0.1297452375432365,,0.046400594084065834,0.14385232459431374,0.02806181427470632,0.010453772294430834,0.05190402268045783,0.06225659673604717,0.04950800561359894,,0.04928170704075207,0.11149223807334302,0.02979940594792257,0.009816013583356707
2016-10-03,0.09917705823060231,0.10882096275390978,0.09620014509889079,,0.041728888055181955,0.08867389172507766,0.025710089870875683,0.008487851144365541,0.12091499549574704,0.13133722204214138,0.1179888599184659,,0.03826786618582559,0.08334290896550484,0.02233995027589001,0.007756819875649259,0.14288746772889016,0.16298400869471386,0.13781978474340906,,0.04470874035775622,0.14153304710435693,0.026514939873436096,0.010329089839952283,0.09763054119426319,0.10774875625671834,0.09434801790200101,,0.04714064134270045,0.10443118685246405,0.028907594988909935,0.00946542307453272
2016-11-02,0.09430344270725223,0.1067859632978355,0.09012597848665857,,0.03615642314244715,0.08116036766694473,0.021977733415717522,0.00790829336423858,0.07996995468126357,0.09986110062136525,0.07524416229023079,,0.029951789730617646,0.07456518738813524,0.01780331865855066,0.006681507667023583,0.13697340021696744,0.16115943941334965,0.13010494966284616,,0.04222694637641326,0.13912810954852378,0.024999481105675465,0.010214678378280518,0.11549503060581628,0.12984601144298194,0.10959688913064952,,0.04580284548262758,0.10250687152141102,0.027764796989921427,0.009175565264483442
2016-12-05,0.11194171495738205,0.1404958334112858,0.10798647242826719,,0.042726116297560256,0.10003451780793869,0.025359294188445073,0.007704121089284679,0.08884196104712332,0.13975513363213887,0.08821394865585667,,0.05274967913426908,0.11856591630864993,0.031281776917933955,0.008005039349552604,0.13116944496944175,0.17018675837645447,0.1272428428370748,,0.04459034752030954,0.13922021765927217,0.02656590621607121,0.01015161343494034,0.08959481199163541,0.13277539029373442,0.08879459443624528,,0.04825739333599125,0.10802168841422925,0.029017448532144257,0.009336719940357865
2017-01-05,0.08495991501672975,0.12151177382629459,0.07990884329130044,,0.04417343290477586,0.09958864316458683,0.02912843156192795,0.010277075050804961,0.07960643122109999,0.11146550688158098,0.07189146985409722,,0.043444880948222846,0.08793515428796675,0.03463634553597488,0.015725322300934718,0.133510054782551,0.15959239552347326,0.12499801150185949,,0.04346748485881657,0.1371292967964356,0.027739634702605254,0.010387650952446377,0.08631875019529876,0.13213977415987335,0.08722026742994678,,0.0464991686784078,0.101073015927763,0.02907886762272579,0.009994717781946647
2017-02-06,0.08233645922955456,0.11543205104945811,0.08184940123580564,,0.04970998826189782,0.10589009321909135,0.032618965181911125,0.01105013848030314,0.06642050786700222,0.08767208714266941,0.06954938386711448,,0.042022152678948405,0.08291832103643984,0.028624935396021435,0.01041025379107378,0.1283390091309374,0.15091794540123427,0.12674092882646135,,0.04318675278597226,0.13545018249352028,0.02776148126896042,0.010322360619202407,0.07861871518160223,0.0748714237895177,0.06262952290815207,,0.04621640615025919,0.09949451373853255,0.028835186679731836,0.009794821167820447
2017-03-08,0.0642886291326451,0.07350513101601862,0.06387801459438837,,0.044401697829181554,0.0863047336040233,0.0313507224380584,0.011508518271467654,0.070746412625094,0.07080938451057099,0.07344613905200717,,0.043742280485431426,0.08624524389417652,0.030557352551183446,0.009908211952764754,0.12749891085079335,0.14373367668363984,0.1210841653586788,,0.04290924171014278,0.13393441207446993,0.028357805881108852,0.010277117627145137,0.06615179116327873,0.06845309376553925,0.06383833004922958,,0.045282154927548,0.09752770553174242,0.028750629898069546,0.009019152649118638
2017-04-06,0.0642891452092529,0.06596442631037604,0.06592959707847414,,0.042503444613667875,0.08287101283715094,0.02650685075737201,0.008615968606299925,0.0641146035251672,0.07017379093988864,0.061858015595157065,,0.04010257360142228,0.07709206731265061,0.023082624543591817,0.009476599711868703,0.12139332968152909,0.13953324263167005,0.11712561335035937,,0.04218525725688269,0.13224399435298323,0.027045449504891052,0.010230815018607451,0.06568750854112379,0.06935492724247636,0.06390601871926561,,0.04491481510217435,0.09662297384438269,0.028079990687216533,0.009470197658820406
2017-05-08,0.06745592444639377,0.07184428458664432,0.07161553054079074,,0.041059661239519825,0.07889423133867518,0.025827251556123386,0.008510877357370184,0.06475437285707342,0.0830519662005385,0.07218400213491838,,0.03701521664937855,0.07395179503033648,0.022992253254396862,0.007872204059460387,0.11825071842033434,0.13741100017110894,0.11553458310124638,,0.04131283740817429,0.09437496555108738,0.02637020676955736,0.010142433509946052,0.06555565416191571,0.07160497907322741,0.06644905193544158,,0.044792252086196915,0.09500358969163744,0.02806479615959941,0.009484059795539684
2017-06-07,0.07095346625853437,0.09250168550795929,0.07182222778681772,,0.038200373392810155,0.07284470946165665,0.022884444734860458,0.0077386505772517305,0.07107837191710391,0.1042570732634357,0.06911360380915559,,0.03530389127471519,0.0716466981203892,0.021669575598387045,0.006610009929150196,0.11726009719106065,0.1416472017516494,0.1142138197589377,,0.04033815914705647,0.12891424612743432,0.025186664560620384,0.010028364267621761,0.06724202349078967,0.10524530904528191,0.06723964436866012,,0.044610648854041195,0.0811085781054328,0.027872040247142092,0.009374275420072468
2017-07-07,0.06993248252654227,0.13100362925629608,0.07069999988123545,,0.036161812082394565,0.07362175117036429,0.026711013857127697,0.009353115543684634,0.06842927355325827,0.15618338949449304,0.0636646350691736,,0.03360520628672816,0.0719856671601785,0.032800575976328225,0.013168016237669956,0.12400571744223912,0.16806685030762203,0.11806642969094884,,0.03901557311516659,0.1270109641183824,0.026452581975965023,0.010126774375797955,0.06664539308962708,0.15831863382062808,0.06581213044957333,,0.04182395644181616,0.07765382058990908,0.0271997299974238,0.009302884483596362
2017-08-07,0.06249134649715194,0.12981981139070242,0.05841253995181778,0.09003091192182272,0.033956678831140154,0.07142718458304072,0.025141426439676515,0.008917647715442312,0.04619008390689336,0.10108893358450305,0.04992727889584291,,0.033098960820978476,0.07294878083337232,0.023720775013120098,0.008310949825678142,0.10753516340791343,0.13512159641612898,0.10735485581170759,,0.037935707969210725,0.12553084921073818,0.02485502541703151,0.009483453470134028,0.06223524085141643,0.10674688218138069,0.063295920028482,,0.04098656090455534,0.07164453991488838,0.026810435333006928,0.009149632633981388
2017-09-06,0.07166926887623165,0.13067123547354428,0.061734096119080796,0.11836849215682148,0.03373684457594079,0.07091478652280468,0.024809597531875578,0.008942958144801599,0.07937020566737425,0.12791128161175797,0.0716626618665326,,0.036746859018911095,0.07424847102033048,0.02323585949302689,0.007333249032213515,0.11633564845592359,0.1464271988512883,0.11823748999042244,,0.037184543574233016,0.07953959640351974,0.027695075058899753,0.009917575108873328,0.06807154203583739,0.13729329062565065,0.06514913346868306,0.11836849215682146,0.04013249942479496,0.07084601718273653,0.026141218162296424,0.008938438779289999
2017-10-05,0.06601894402021873,0.10629702715220318,0.059873272877767655,0.11299820820042779,0.03552590257966506,0.07197685947553921,0.021924842100397808,0.0074928274822063465,0.05577294255484583,0.09444409821806002,0.05845263860485444,0.11229649656504166,0.035421518601432556,0.07166826264853025,0.02471217615007829,0.010003618153443057,0.10676673435187892,0.13446781579893216,0.10629948483588197,,0.03661146123969539,0.07745257862560917,0.027625489812432753,0.00989176571485458,0.07037200670979851,0.12724353784222509,0.06313421283851368,0.11212463122878662,0.0339781656492344,0.07135084305901845,0.023481873893789453,0.009072600153463969
2017-11-03,0.06792854323029539,0.11223585614629586,0.06369782389275279,0.1080853849925725,0.0338137313197868,0.06908122562997421,0.02091330603181147,0.00730616853202536,0.049058752460689,0.09887771433268548,0.057770650368659374,0.08874799157317334,0.03050581998806208,0.06854996740435136,0.01900777970561582,0.006829683226045087,0.10491097662013947,0.13935684256048986,0.10294662841722,,0.03539992574689463,0.07477557192203156,0.022878510494646332,0.009782674731577335,0.06333689561157058,0.10763304429198743,0.06240623569933648,0.10341405616941098,0.033084526006519926,0.07057607990722872,0.022707788985459613,0.008056312708430671
2017-12-05,0.05092808454185179,0.09596276225479586,0.06079683683513429,0.09491350666209017,0.03067461987242821,0.06873852465145217,0.018557960264852243,0.0067196795463260245,0.06400989244987229,0.11759596629586502,0.08360632845528922,0.10206857616484666,0.03109139285124677,0.06995070490481682,0.018794364867970644,0.006384226311847094,0.1106826445923419,0.15342414898195747,0.11443654043332732,,0.03444493588768934,0.072588056203375,0.022835520144453912,0.009691362773450606,0.06466596296062525,0.10339684000616592,0.06519978702383769,0.10371770358112063,0.03176725573758996,0.07466690741723013,0.01958849615623728,0.006584666421454668
2018-01-05,0.057155388529788,0.10120993973086675,0.06172359419923257,0.10769600438566247,0.03056489165200418,0.07762446147976038,0.01787361774504155,0.007759997907032816,0.06711147912325038,0.11265626418483682,0.06552539232424062,0.11783948383467446,0.03179212051877655,0.08558579364484106,0.02015916382874156,0.011579245648068696,0.11005106581754419,0.14277674714067046,0.10524097228426854,,0.03375133586903953,0.07386780591735899,0.021453558553006912,0.00972917859735421,0.0633745051781805,0.09616807948622155,0.06375189680112087,0.10851746570873286,0.03180457140946294,0.07595927285683508,0.019533813042346748,0.00830518516842189
2018-02-06,0.14285353126869507,0.1529819625751663,0.15814953501504117,0.17141464263566988,0.03233854676818737,0.08201474091529243,0.018780168863015118,0.008101997032827114,0.24184366629508794,0.22966328177389114,0.26718336600307163,0.257286178721297,0.03747538819731427,0.09062401388434245,0.02192646473524041,0.00882820551822962,0.43158399409327364,0.2778662340958898,0.40393994955663565,,0.031606245301567436,0.07101512675765416,0.019851646647554226,0.007833901755636722,0.08893836744987867,0.11749816987190939,0.09424566871852118,0.1357456044053275,0.0353913524626056,0.07559307807656203,0.019500257353884807,0.008140170780094104
2018-03-08,0.18649046640924027,0.20255048642340245,0.20468868511991742,0.2015639259433968,0.03570860394547233,0.08259985284118466,0.021755909839003253,0.00895933606299032,0.20186798125979064,0.2184499402836916,0.22534861580926865,0.21175989947482218,0.03859714863107606,0.07876992366293117,0.024210237632310068,0.00830119779017229,0.1333391675591735,0.14872553579842118,0.13209338407751992,,0.03399090167700381,0.08405920364817279,0.021386350048467086,0.009777296301590476,0.2636285275697833,0.2978174347937839,0.2896168056865372,0.2877148691545627,0.03485147559628237,0.0743398842076922,0.022160187990905224,0.008043315193607865
2018-04-09,0.22492670384517133,0.25623147599752716,0.2428050160689278,0.22389147970519885,0.03860102996489308,0.07736875264483035,0.022563444679627724,0.007856129421349218,0.22913592501634322,0.27866897823482056,0.23939793450523364,0.21766484271090492,0.04027855485393394,0.07775305981533809,0.022879507298662657,0.008840853165347978,0.24065205555131372,0.2141321556466049,0.22284994256945903,,0.03833808194977017,0.07399693866465631,0.022941566663423257,0.009370283500544627,0.19736643313460386,0.29151060228426057,0.20970193628949718,0.18879995570001473,0.034734717868597755,0.07398654495522285,0.022065049959500257,0.00798939384113985
2018-05-08,0.1742116488041872,0.2286330407680786,0.18539082166814086,0.16495040430989807,0.03581916810121514,0.0702313593025223,0.021057939405220643,0.007377630393798481,0.1577609459607433,0.2235684691455583,0.16626315925258942,0.1470845527378236,0.030392427009451523,0.06632524428169646,0.017247080135261963,0.006262566312923182,0.13772581622469138,0.16893738206708117,0.13508744727318256,,0.03172461646218438,0.0707845031645982,0.019813082067457844,0.00934934397344604,0.1742116488041872,0.26532534507305894,0.18539082166814086,0.16495040430989807,0.03376325472392824,0.07309040838298562,0.021310811467406453,0.007813547014480924
2018-06-07,0.15858240312468397,0.21087824430562743,0.16788569413999438,0.14808921338302758,0.04436356260529525,0.08238873301458588,0.02724742749452752,0.009999244014575581,0.12062864742997499,0.1484849772805999,0.13911184179767375,0.12177185642893999,0.0553411495952207,0.0965711346003962,0.03640084971510405,0.013444165725104765,0.13323396995340342,0.15032134567667996,0.14612563770651557,,0.04069117681306315,0.0754862028648445,0.02481851947308652,0.009525740502768262,0.10822748863278846,0.15564992343214742,0.12482665813188072,0.09848697503546029,0.043356618037335384,0.07581138082220287,0.023028191273007887,0.008574724582057547
2018-07-09,0.10141691434288473,0.15282635232987918,0.11280888093207511,0.11293007003769687,0.04034564792763248,0.07649160866946053,0.027190972554032068,0.010109595965769535,0.10259505191103058,0.15947219460479578,0.1060329447308146,0.13525681606525364,0.03486710172184157,0.06464784915053366,0.026563769209035075,0.010684633103872717,0.13934431271507652,0.1794400606132848,0.1167291366973078,,0.035259774354486614,0.07228057210752963,0.026084422784534492,0.009249432000059966,0.10338147974619274,0.15209567824026637,0.11480926943141383,0.1119882124727673,0.03572087302571408,0.07461640662945962,0.03425097604774997,0.013329241837955088
2018-08-07,0.08779981606150618,0.13379283386937565,0.10003335122528274,0.12335103348013239,0.04027098408530262,0.07491603563105974,0.027421907184742068,0.010127232864811122,0.08640999921057706,0.1485681634826726,0.08706384432900774,0.1339706427885068,0.02978097830323577,0.06186328930203937,0.019827575654973974,0.007004688894495433,0.11652122799060653,0.15608479054261973,0.10715013038497288,,0.034298241478346904,0.06966698839780941,0.022473577592354514,0.009114510092657176,0.09789552294914496,0.13620214507019313,0.10820257521959005,0.11634917894687445,0.03533500803425598,0.07387977943987441,0.01912908852581618,0.006906692580205044
2018-09-06,0.08102089482301819,0.13443392279784044,0.08938492271551436,0.12129812817454992,0.027929171919203664,0.058180974496784325,0.019429804839357776,0.00697109840353516,0.07240558695713893,0.11990298080235141,0.08196162864465269,0.1007746141921409,0.02904971961079928,0.06044293615495717,0.018832551049110125,0.006496680822293876,0.10729444601044033,0.15486447002781023,0.10148834736884829,,0.03382021906721627,0.07012564227365105,0.021867867201327055,0.008979671096925382,0.0910901757204734,0.1283277442901634,0.10372014532394634,0.11161979311033006,0.03497211172626816,0.07336903225707765,0.019469025770592008,0.00812071750761931
2018-10-05,0.06851958129958742,0.12284571213727194,0.07595259308685258,0.115900029635755,0.03103672036970882,0.06737012684126156,0.020210935355133245,0.007057577420362642,0.06745967153271673,0.12348389136014766,0.08116718146071707,0.12952324701020762,0.03406555633306721,0.07895966907227524,0.023406752836461705,0.009222683509702406,0.11501707472631258,0.16330473072612078,0.11415142059219573,0.14730577700707792,0.03351271935225959,0.06861281559691314,0.021223151938209724,0.008873451980847503,0.06701063224114646,0.12676109948287356,0.07517149329986704,0.11436630344105417,0.034723941547752775,0.07371548032190811,0.020300854663449403,0.007323818979335552
2018-11-05,0.14391577157393337,0.21574159493164077,0.14341914736356276,0.18177382235361114,0.0340540078996927,0.07032271837267172,0.022270597470264608,0.008060904164118483,0.18460463230730678,0.27922036664266014,0.17749396380061405,0.2351127911748352,0.036994550624032584,0.07363795227501241,0.0243811431939253,0.009116251241301181,0.15568867482895835,0.21553272524154732,0.15333654391927795,0.1818637259662118,0.03385147532339335,0.0665311829710564,0.022503949446621006,0.008819070336704498,0.11780667966700566,0.19038071927325662,0.12161360207427727,0.25637392395837566,0.035365376230144525,0.07405271083035397,0.0222490586541232,0.008301041546834892
2018-12-06,0.18955256989881986,0.27208734612085034,0.19083734400320843,0.22674469713654097,0.031596438734480925,0.06879994749910871,0.02060054046956863,0.007955155364666643,0.2222714053280704,0.30096718680375806,0.22592458006905222,0.26620540913883833,0.0291134139821369,0.0676658325476043,0.018218527565865946,0.007237691768764279,0.27039268224618646,0.27278557941466003,0.25768807569240865,0.28170066746061156,0.03324027005642483,0.07082619617781628,0.023510296278560463,0.0088249895049062,0.23071468031663833,0.32678866590935945,0.2295984512279235,0.2690643836177946,0.029849624273839886,0.06330683249368503,0.022269649006578324,0.008397337435579291
2019-01-08,0.26940796447017706,0.355724712092634,0.2681522328399595,0.29080796872394304,0.0377568863472715,0.06868754676791038,0.02523176117227924,0.01030235291958948,0.3224116424461351,0.39970481802540814,0.3222496889785244,0.3317565325511369,0.05028643222681384,0.08637825731072278,0.03377557186401957,0.014277306626736996,0.32405634468834577,0.34961862815163813,0.3152722876969657,0.34227048096737356,0.03462906531003619,0.0681141580737452,0.02269272080441406,0.009101820881816387,0.26940796447017706,0.355724712092634,0.2681522328399595,0.29080796872394304,0.036805401932927986,0.07254842200417326,0.023682319001649157,0.010803414067877458
2019-02-07,0.2431442167391217,0.31408780987509227,0.24458390320565174,0.25724052553196575,0.03768314734443062,0.06585704886964093,0.025533697703433438,0.010653237217977937,0.19841591510009554,0.26757950298718697,0.19792444634696046,0.20463958043933483,0.040710333399781785,0.0681139010249689,0.027209313727386022,0.010907696669430755,0.12578146436134088,0.17573873369998377,0.12382921869785962,0.15023496722849286,0.034873879323980804,0.06723009218442871,0.02276117616376627,0.008991992977729669,0.2413117228684817,0.32193884357440133,0.2399885278142969,0.26080397130173844,0.03674333688239063,0.07039564384697594,0.023963897686819006,0.011981574839945913
2019-03-11,0.2129813539588718,0.2649592775822413,0.21484456271117888,0.22288472066453435,0.03994362708457998,0.06856933228884392,0.026616275810163233,0.010947699124962396,0.12750212096536925,0.16202627200257136,0.1335646304664523,0.15986988461419882,0.036049482235270734,0.06577873611044252,0.023378170566468258,0.009070927557131965,0.12634975677517077,0.15030647457928972,0.12183903822081749,0.1720862246700892,0.03888271233700296,0.06506425336824133,0.024915077964408137,0.008915099766615526,0.10683492427818232,0.10370437586470106,0.1114419622456339,0.13224649175609637,0.03619629142975013,0.06937138655399104,0.023629652004089004,0.009037284898913197
2019-04-09,0.1099349112350734,0.15008994656454738,0.11064153140609373,0.14806440533381618,0.0362759046633593,0.06407177412882296,0.023073576571606275,0.008944227825998774,0.11416367205472698,0.144466419694608,0.11215703291097173,0.16407471174377622,0.03752700007605491,0.06675764532792587,0.022795574280803005,0.009054614261733705,0.11599137648574798,0.1449312393162071,0.11563143674448392,0.15865251559412227,0.03867066057846132,0.06511860517005695,0.02465262749426213,0.008875693732113984,0.10796616922132236,0.1468924421847936,0.10876469539874997,0.1474658548002953,0.036100901335240784,0.06879394524671867,0.02384935690993959,0.009161498662260655
2019-05-09,0.10017468810489971,0.12058865648547896,0.10327056089635349,0.15600458045341806,0.035541809505529716,0.06321132182069132,0.022137059714180066,0.008487872899878275,0.10302039397039334,0.13195402053602898,0.10428196212152356,0.15707372043930765,0.035668628394473594,0.061355875341850816,0.021953893065495847,0.008129451889022744,0.15285645594234917,0.17493662831731008,0.1514511156136733,0.179688835617482,0.03857801213251332,0.06307172839388811,0.024645091234635794,0.008892913672187076,0.1047045421617094,0.1204883936406931,0.10597238353902307,0.1471134208866917,0.03965652995716392,0.06835949610679028,0.02249525693786822,0.009296313240597568
2019-06-10,0.12927285311017772,0.17583860285609665,0.1275264485426799,0.18326591855045385,0.03898281475357235,0.06723210254151492,0.025680414901525752,0.011082970782429398,0.1509159979016047,0.21362103857183493,0.1496094730165851,0.18703447048194619,0.04229048335609868,0.0758418994622128,0.029867306982428614,0.014086228136139424,0.17376272693854347,0.21829917792002923,0.16844186347887224,0.18049270540497986,0.03574935793642988,0.06897668058740362,0.02467494202244229,0.009107893144914909,0.16845741247385332,0.23790650706972677,0.17063014280834074,0.16333187775345112,0.0400396995516229,0.06561958528254734,0.026444167705236114,0.011057881263743826
2019-07-10,0.1225535070170478,0.17439804244561197,0.1201131676308218,0.1666097778528985,0.04430644127671832,0.070999654483808,0.027688236020757397,0.012428868710418641,0.10490008108722423,0.15251513308103531,0.09872515186499338,0.14422438694830497,0.049565062050175746,0.0782007014636752,0.030044654588596252,0.013877276178640935,0.10740602439917897,0.14401616757419766,0.09966912263610346,0.15528224988641365,0.038299361164553763,0.06903783931263456,0.02460743804663834,0.009191227043934982,0.11462021433074013,0.15958623386323365,0.11372629450159889,0.15707248813470093,0.04216075667277381,0.06770745906142263,0.02688147626080931,0.015219249799020926
2019-08-08,0.13317865625834302,0.18130826118768065,0.12801064445706134,0.16718433458686244,0.04857471293867339,0.07976129808687575,0.03179757256631454,0.014879460687606302,0.16808140679660039,0.20779943690867309,0.1606994039078421,0.19712620445768197,0.05562684839729091,0.09537511871744121,0.03777457845384681,0.01716151465432485,0.23839363617425546,0.2502842045770226,0.2244489564200845,0.22786942680588992,0.03903848181529001,0.07013755933400709,0.025336818238523247,0.009726272610500231,0.12231084184945011,0.19447397192499244,0.12024772076780488,0.16214089024639708,0.05048752489059909,0.07002352147040061,0.032995035005332504,0.015484005925719288
2019-09-09,0.16346662473232865,0.19702895032784865,0.15925276834866103,0.1974717933937529,0.05221554939949981,0.08935111502753679,0.03358133031919117,0.015280952429157413,0.18481420578930455,0.21833215230276026,0.1841604039695018,0.22260151823973404,0.0533537749134634,0.09792452815695489,0.03558745396523587,0.015613002825545407,0.15399346801333713,0.18340412480602467,0.16331375903454606,0.19902047876976353,0.03932102499669594,0.07268220391785091,0.025516230989005427,0.010009229678838662,0.2294365539446472,0.27290345611224703,0.22580750905971284,0.24856053584566698,0.051168747300702346,0.08844910525649433,0.03360047354919737,0.015505774523570156
2019-10-08,0.17145902838030194,0.2018422066519825,0.16618114850563598,0.20568756656579915,0.05412295338177795,0.09898620717846336,0.037549699782295665,0.01700735980637434,0.15202635582676993,0.17718838020460365,0.14844996170274097,0.1773036267188059,0.05482394292126581,0.0961099955320095,0.040413462024687145,0.019126812130380276,0.18588282527497216,0.186914383846818,0.17515570066400138,0.1736767590670704,0.04743126139338618,0.07906454357581479,0.026472056378559632,0.014565554311503928,0.12593202284262053,0.19743911261053465,0.14028274151787018,0.21707963004213818,0.052655720249728304,0.10784683456000571,0.041359996379259155,0.016251891550378733
2019-11-06,0.14645641545958657,0.17417422199208515,0.14469471974307752,0.1806727689644216,0.053565878903027726,0.09874559307056523,0.03633533453301499,0.015884380811988334,0.1106877279374711,0.1405290453434302,0.10788948286477307,0.14312592343787103,0.052039415880359756,0.0981374598308288,0.03484500167430434,0.014267053072848713,0.11253920884690968,0.1456845740875795,0.11099039464905543,0.15727180004967967,0.04483868213115721,0.07927639985478187,0.030023818444030494,0.012118165367399151,0.11489036211322216,0.16947976809169493,0.1099499521224522,0.16937777173354326,0.052581220510869636,0.10518986827201936,0.03898196322177571,0.01567159163720855
2019-12-06,0.09959785250427346,0.1235053709393725,0.09851528313988529,0.12393543023951326,0.05254891835925153,0.10033840650494141,0.03454053662103327,0.014073510418447122,0.08519940286668787,0.10657913604049088,0.09144399877238998,0.1153081572311934,0.05227302045951883,0.10654836418821739,0.03233458609031763,0.011365280500331844,0.12413508633014742,0.1481992956838833,0.12615263671682417,0.15017677094534626,0.047752010962340004,0.08958318664144423,0.029767363874214293,0.011020758914611144,0.06505700197197176,0.1265263510695245,0.09727796765439906,0.16400396828522332,0.05351644042054343,0.10482992135279434,0.03707633000388655,0.014902829786417543
2020-01-08,0.07135118305233466,0.09823031117810373,0.08110310171232382,0.0961600468272829,0.048619142392290114,0.096397716292237,0.029545040618687266,0.009956292514734134,0.07856800667017157,0.10679989937466107,0.08706158519447889,0.0799790155721096,0.04583090235788519,0.0912911722355074,0.0276169275592237,0.009273800612118686,0.11802128218660365,0.1494374997526265,0.12319609673190168,0.13224603093679047,0.044348222503414816,0.08473860192844619,0.027579339232583853,0.012965118851405298,0.06970217873027736,0.11559461802606412,0.09371476254750315,0.0822972097061534,0.05237302301698444,0.10197247050508447,0.028597879281460053,0.00947556149187854
2020-02-07,0.09966505817820473,0.13211634495692515,0.10328681297884865,0.11272728049692692,0.044032119620934486,0.08922647663685691,0.02615621113479806,0.008805439046547093,0.1365560745698224,0.1855561436510216,0.13700363920278968,0.146838221908338,0.04376634535777666,0.08799758874309618,0.02672169369475792,0.009458482352484737,0.18133614131322623,0.20877564382023558,0.18527887237311716,0.18425189660316973,0.04280365346049342,0.08307137625314721,0.026548391387012107,0.010081944346840479,0.09219158176079567,0.1319397967639705,0.10305783741594685,0.12074231080030672,0.05196436889090044,0.09925118677537186,0.027611236174115886,0.009283750339151261
2020-03-10,0.26686898375823215,0.2797077910097641,0.27481590177107584,0.26814261956758595,0.05260785868355438,0.12834304831541823,0.031714041232707484,0.012795285957229112,0.43336963151267355,0.4244176460093989,0.4472845823649126,0.4517259900902476,0.07499722744541543,0.20710129053011858,0.04548292969935278,0.02033474156110837,0.744098457065448,0.5129204331561646,0.7127726938047667,0.6365604648420434,0.05776352964430529,0.10183684660278203,0.03363584006397335,0.014373118444928541,0.17331563453370363,0.3779353912106814,0.1748560042138355,0.19882201776882652,0.054691438677645164,0.09909792553142097,0.03518759577139451,0.013375173332932028
2020-04-08,0.5918355080781104,0.5783190598733146,0.6292749055175174,0.6605942411468075,0.08712594820402168,0.20449834684599374,0.04847042968983384,0.015104219563176337,0.7292295573460027,0.6948843766740067,0.7824496884424689,0.8230051992766614,0.09918623128075452,0.23215168758500654,0.055246668005365554,0.01596523534781892,0.6165615947987836,0.49497964316413834,0.6948523348837234,0.6599372561396428,0.04750513280194271,0.09464483486522741,0.02893778712254412,0.010656489380951562,0.8039603597539968,0.7770149817463614,0.8565073610676673,0.8924756840033479,0.12120616894131284,0.29042656909886094,0.062424239196419276,0.018542565748640907
2020-05-08,0.6160422940473232,0.5975497659852814,0.6496016485610957,0.7164657190940084,0.08681407981738253,0.20904300873028622,0.04766435648621864,0.014414940947524778,0.4547975145858905,0.4455016741232253,0.4706408184652719,0.5736494594821308,0.06208060519363048,0.15271245787592347,0.03421330438427452,0.009661555313197123,0.2590868907150058,0.24981411239289833,0.24488517690341832,0.3575686508892178,0.043499679716360304,0.096083455709217,0.027459646739307297,0.010744572761201592,0.39919751066378,0.40678946945445077,0.41048723819540933,0.545424955034866,0.045081427610263056,0.11663058398678694,0.023945152163958493,0.0058071834382738595
2020-06-09,0.5210668999612328,0.49074520978056757,0.557535062544305,0.6513890281769378,0.0763054717861725,0.1757979150870817,0.04027873139216706,0.009445930817108502,0.30316242360475826,0.27460847847743164,0.3406075065243683,0.44839822642267096,0.047299544416994625,0.11921637505744577,0.02499918514249634,0.006293951766381328,0.23465703368202623,0.19258344233999058,0.29155498080272313,0.3387818723042597,0.04348121234748579,0.09154913296787377,0.0269382643094302,0.010304608753546387,0.26384012993808087,0.24324974012528844,0.2776517919249521,0.43005032803107784,0.041420075706595644,0.10941197582432685,0.02263254767792111,0.0053837493136748085
2020-07-09,0.2674485841293941,0.2499106384955664,0.2973570026274739,0.40908700222305355,0.0379408812555497,0.10461675561362246,0.019222923952651714,0.004629508714043847,0.25981240830666524,0.2508898784611935,0.30152017164339084,0.3712424927089554,0.03444313729217342,0.09286310814627002,0.01931121720573025,0.005171069228518596,0.20382127206754216,0.23930235279413936,0.23781369609419858,0.271841324103926,0.0399859953658796,0.08258773915780054,0.025288555257460037,0.00965270952802707,0.2691119665486855,0.24529122993708863,0.297414942935519,0.40984869937101187,0.03909576977085598,0.10545236749918038,0.02113191935009565,0.005100905293520696
2020-08-07,0.21242033804593555,0.21509854310224877,0.2592609439474628,0.34710568754768983,0.03148769772340263,0.08641758104118061,0.015981901744646598,0.003724517167539865,0.17124943311116927,0.22536660361941213,0.19875207596647024,0.27200796459255105,0.02533629317388753,0.06774378506084175,0.013135160614949645,0.0032377243828144576,0.139516067273287,0.2140722209014437,0.16574890884303398,0.21719280089191118,0.03958733437840687,0.08286306141992213,0.024141344487623777,0.00936170436286972,0.1638473600010532,0.23911914304429904,0.19452100625285404,0.2548015427443908,0.022041597933009416,0.05293244678715219,0.011720097490073822,0.00198851083101663
2020-09-08,0.16190942829099314,0.22743251887235563,0.17730921609361527,0.2289435139503632,0.025247889210635678,0.07421167856289551,0.012844115350474602,0.0032529699594340635,0.1836681327606125,0.2757037769076702,0.17413387903513516,0.20312368910357306,0.03072692948269894,0.08819300864919752,0.014899176700068077,0.003240769596273572,0.30647615413212553,0.43444726117354426,0.2536406619892131,0.24231659003401382,0.042644535279604504,0.09904495200487075,0.024644507143491957,0.00934733037656913,0.16190942829099314,0.2434693507773986,0.14820849013894802,0.16750726109221772,0.02503476922530053,0.06981108803171529,0.012829198289147263,0.002679927211296181
2020-10-07,0.1710331262217044,0.27362656407747454,0.16097497671662983,0.22934213987533258,0.023871345702711905,0.0688134380337748,0.011390464491860458,0.0025321765334235333,0.19650223657254223,0.29936158882886216,0.18067397761501947,0.26158553454594063,0.024481374937990928,0.07175830309213219,0.011443797159190007,0.002384283756521872,0.21981538973190717,0.3398600560653042,0.2046238850316127,0.27962972444474354,0.038996938536209204,0.08676636572191984,0.020033559272109813,0.005377301178697957,0.23649822186257077,0.2592437141742301,0.1635680086566195,0.2391700745205403,0.023774766766879805,0.06709187260949452,0.011957604721423192,0.0024677120301749406
2020-11-05,0.20161555263418052,0.2970800955105401,0.18437066979182343,0.23375730095651015,0.026737282455394203,0.07215003573653261,0.011735778531103342,0.0023724300891917165,0.2230900812113408,0.31968781544868974,0.211594385276601,0.2537883297530982,0.03373392907612224,0.08103027439304937,0.013732175998243916,0.0026407733112680264,0.3022388721128076,0.4518850850001232,0.28052010316564224,0.2967332535522383,0.044744158833528044,0.09766505477359995,0.021278826659288305,0.004637332426055644,0.22662024267205583,0.26402432758385236,0.17365247455732366,0.23762603190191875,0.025535496519217403,0.06856822314022881,0.012136549251421151,0.0024632507710244124
2020-12-07,0.18306798006289718,0.2554350338528829,0.18688755319320646,0.2584770787986086,0.030802702606490852,0.07930045216853897,0.013460292961031076,0.002509535102414097,0.16332734495741785,0.21500933288574145,0.1752014001204304,0.24703801611614187,0.03489728764153275,0.08988406529612362,0.015271315046956382,0.002892761849043709,0.16453824185400606,0.18993644032090934,0.1666785443009017,0.25282409498133535,0.04109591651566499,0.09089444320066058,0.02105925025361293,0.00623681772886646,0.20381850929452944,0.2520826068457143,0.1740951331823665,0.24320252936150727,0.043774065942428435,0.10885432383090915,0.019055357595964318,0.0025548846285047408
2021-01-07,0.1587036358769501,0.2149722881520673,0.16765434414155847,0.2345266086176021,0.03244714191301326,0.0838065626807749,0.015212719077454416,0.0026134563717753463,0.12639194204160525,0.16222197593831067,0.13372299324464026,0.25415077055335256,0.03064072778380498,0.0848208299417984,0.016906352657868783,0.0026994904263352134,0.1854187998719055,0.23344397344592532,0.1936253940707215,0.3635615937627646,0.042214921850483034,0.09704375104499324,0.02342164535496637,0.006141707712957916,0.16369042718563687,0.1265828749786145,0.164694627493813,0.23900252473656503,0.02690723355349017,0.07477314209859735,0.01710539222301589,0.002536107393890445
2021-02-08,0.13600658568252985,0.17583687146560725,0.12899098278293336,0.20888566441776382,0.026745086417620852,0.07125932826201964,0.012958112812581211,0.0021783028272185038,0.16528155103226572,0.2125811717716945,0.1489456896271755,0.23052080589716858,0.0250316531367877,0.06773715507893467,0.011860800583385421,0.0019081456111378016,0.2005037177890539,0.23943936500301394,0.18442035097660206,0.2534264930456009,0.038159727235875684,0.08357039486557967,0.01742055319861772,0.0025600789831960245,0.16408883527394605,0.2279690803354184,0.1616189475373819,0.23485810490112122,0.02578757061718948,0.0726639154695439,0.012581365536856737,0.002415488342253603
2021-03-10,0.1547871841266161,0.23150229001028824,0.13378046185296052,0.24580593012734614,0.03771320022482619,0.07444551335412365,0.021575246241916236,0.0031030008630863752,0.18558965924612597,0.31023240716216816,0.1583006704061888,0.28721608501712237,0.05126458586462737,0.08474932134045118,0.029402051903814185,0.00419019769676394,0.243690539457454,0.4262768689600091,0.19533874011634833,0.3325111727917087,0.046778512036524174,0.08876292484810211,0.031009909611815573,0.005510442338714279,0.16533171045104367,0.24613907599000556,0.1572381886955263,0.2419816020485148,0.033224321054236845,0.07448999118554174,0.01699585447833656,0.002745748488088672
2021-04-09,0.15530063770279948,0.24701225406435443,0.13418982191480636,0.26926013801594423,0.04466964179215676,0.08093190026364512,0.024957323153539306,0.0037713378214821324,0.14106671426041995,0.23985768313412265,0.11894444698213386,0.2766074200084143,0.04791901176804136,0.08533952258232479,0.027943965094564465,0.004464243101121937,0.16024877858131653,0.22245417522008176,0.1448551306074768,0.26971740289223506,0.0432658472714566,0.08658949964933829,0.02854999599386126,0.0055312458118474085,0.16050920746510955,0.24587092320617496,0.12471256610227897,0.24512794200395036,0.05294885476376423,0.0760843649053261,0.030728497613274654,0.005114932072964779
2021-05-10,0.1359275351667157,0.23325615138692865,0.11827648508214948,0.25542642984916314,0.046549651254234485,0.08377843395239636,0.026526097352267963,0.0039031461340482175,0.1120577185940078,0.17557874512176008,0.10345165359674419,0.20264222710402136,0.03376136583025851,0.06808624867572334,0.01976903539012939,0.0029541467651392453,0.15763079394600443,0.20367314561905014,0.15161771785802888,0.200726680388461,0.037846552486699714,0.0822481767569996,0.021313321399959565,0.003584123514937153,0.13391075943605205,0.16582358940884864,0.11727769108714921,0.233103613121058,0.03401033535041431,0.08075968656821213,0.026954748647092634,0.0022244573935844576
2021-06-09,0.11645042119378975,0.1850546069770476,0.10256117151863159,0.22727294419748006,0.03714243941560162,0.07143011705719057,0.020871179071424148,0.003045306291188764,0.10937171998740096,0.17181253185677106,0.09691115162503161,0.19453460569069075,0.034077488134143984,0.06785153995970705,0.018431548622576524,0.0022534706012995024,0.14602595658435535,0.20013253221209643,0.13928651856079083,0.2034109274916101,0.03991502041363697,0.08415472077250369,0.021902302570830826,0.004894167862297867,0.13350877402762962,0.17574629562792585,0.11921265505008798,0.23152182334905524,0.03368519738211362,0.07758094534997985,0.017435688903933343,0.002113061781633763
2021-07-09,0.1043164997265683,0.15458220422625424,0.10388897506402985,0.18182383170479538,0.03506105921672629,0.0772342226812472,0.021674787012983532,0.00417333972889996,0.08610197923786646,0.12509138856949248,0.0951706084080979,0.1551532965343446,0.03959461222937601,0.0864952333829342,0.027654877909033416,0.006062885208326923,0.1621958688557082,0.1815816441248408,0.1594697159820678,0.20432646543492125,0.04266682119425698,0.089411847361975,0.02947936714899489,0.007384722661483632,0.06536360911703484,0.1001951204997083,0.11463721069232367,0.22896216701414362,0.03578065802254251,0.07741512541261689,0.02154130798836634,0.004448421821261483
2021-08-09,0.09535570566568934,0.11779814515625686,0.10561657811879008,0.18156772677332195,0.03929683607046506,0.08480551642770895,0.02384444791430829,0.004715707565445598,0.09969934482204085,0.10809313274986919,0.11364760434367305,0.19530484768918,0.04087474025145486,0.08884820459824225,0.02438508899484567,0.004551418129179509,0.15330811833753638,0.1760106200433659,0.1600190690179094,0.2266417702864274,0.04255378152827646,0.08980308167462975,0.025271673058794474,0.005516914454802823,0.08982331796114364,0.10188498282114233,0.11631002896507206,0.2278904787056698,0.0375230655395421,0.08042510541319144,0.025277762641262202,0.005850286473086588
2021-09-08,0.08991701474580902,0.10084607867906999,0.10525307530619682,0.18240233530488276,0.03850767946332447,0.08524101129607299,0.023511717537810114,0.004886077678381192,0.0826916095156566,0.1024211934417402,0.08788117767497618,0.17833109205264444,0.031194299111246195,0.06797489839636187,0.017663257901876485,0.003319346691678307,0.14971616348770755,0.1703395728462367,0.15523666102489508,0.20553060337214188,0.03865250526923432,0.0847075508308653,0.020931996986783333,0.005275414574202017,0.08396057528964074,0.10083759954490694,0.11285769114627844,0.1856088250837107,0.03473528951478648,0.0783254386489193,0.020650232218325414,0.004196845499062986
2021-10-07,0.1217209561065044,0.13963831205893917,0.1266339898974402,0.19498877406136317,0.03809572506860668,0.08197254183933887,0.01943372483729611,0.004306221351927988,0.14499398242909545,0.1742212457859658,0.14523081374431648,0.18986498921539985,0.039320851532003064,0.08242170399199307,0.019831064206132617,0.0059028152288557985,0.1966211129734284,0.22888092670965965,0.18169774759678145,0.21719695074028472,0.04228331031629004,0.08762784420114915,0.023826562780474698,0.008375288608186168,0.11261769468359505,0.1438560947183255,0.11816192895893977,0.18727686553829548,0.03613347151493792,0.08049314121199491,0.02041828517492087,0.004184641768685043
2021-11-05,0.11861998108656974,0.14602967562178343,0.11705687052061546,0.1855678205144289,0.03678046747480747,0.07753839276803545,0.020994638260759698,0.0065434253164628805,0.10839576224469262,0.14459245469472284,0.10303559369408058,0.19013971831054985,0.03888569392084708,0.07668236512790749,0.02615533866383252,0.009062535678582432,0.14256034400360248,0.18716524277210236,0.13523997510009939,0.23749101770430905,0.04286916225348479,0.08526336914242574,0.028747177441495644,0.011520745523127597,0.14066456427546636,0.17546828055458358,0.1098941411266779,0.18539040348844296,0.038123956822185084,0.08079076979469127,0.021419913919271692,0.009527781605987074
2021-12-07,0.1384957951637825,0.16859449229174772,0.14281730168648818,0.21000070697856096,0.052478770352950406,0.09884777697277222,0.03215570862638711,0.01007102524661665,0.15141806202345073,0.17771917696873854,0.16458987604192699,0.25159837494082027,0.06379783743680234,0.11494722334808696,0.03997215621733095,0.01220823632186069,0.21875354213338963,0.23625908558381362,0.23325738146846572,0.32499453140432627,0.05814978573678053,0.10530328184753086,0.03965881978124111,0.011908882499205582,0.12481802714867242,0.17527894620955187,0.12074800771911123,0.19298588469658204,0.07044464587177682,0.08353433987173324,0.044454352853725204,0.011379727930670701
2022-01-06,0.14220831482059046,0.19486455133491895,0.1354996128823946,0.22284529652157375,0.05324322702111196,0.0999130671075861,0.037748160302793765,0.013855920833491887,0.16180527677776707,0.23018779648978274,0.14569966266474,0.2409191017433014,0.053314985433021995,0.10372351063927067,0.043883455322644115,0.01869828246306169,0.20200779699093702,0.28461579324679764,0.16192432254240963,0.2752805607579547,0.049763635219538936,0.09959076583901191,0.04462461257717695,0.019949297589080008,0.13080024313060137,0.25394306039317915,0.12411513881051472,0.28011225564685316,0.0588546888870559,0.08479783681357639,0.04173749015427086,0.013360805722836485
2022-02-07,0.17498021769191502,0.2536144924264987,0.14839594489201172,0.2458627904592935,0.054695827530798026,0.09878553012769907,0.03921501631224916,0.01500966384046909,0.1953039611165417,0.3040898743938318,0.1405154520754803,0.2615330812794839,0.05330208493884048,0.09563489636898002,0.040058451176307665,0.017076540040145676,0.23071204441420354,0.3461113250340782,0.17286971459145764,0.27707428170941706,0.051597079462901145,0.09640922907381684,0.03959351930417624,0.016129163077824395,0.19156258539676002,0.27409557958235686,0.16144689494238015,0.2680999619142644,0.05576596030862663,0.08679192796600775,0.03951830298755054,0.018961278695119214
2022-03-09,0.19902877595284246,0.28736069085026833,0.16298708854944707,0.2542256642597627,0.06297333716481567,0.1101243636985602,0.04688603727456106,0.020201035173335595,0.2287069861727882,0.3144033072370554,0.19446215756806864,0.2741549560108152,0.08261446401245098,0.1415210671099631,0.058984696321752565,0.024567689953199866,0.26633129975029207,0.31894503392712564,0.2252197357871707,0.28842696199788587,0.07780894180921566,0.12377075021226762,0.06117828821151984,0.02292911242950348,0.2032657070873384,0.28495610951092637,0.1738592617061822,0.27019981221252937,0.0638006615322142,0.11230419986128833,0.04558119703221287,0.02277348372935708
2022-04-07,0.21587834636489733,0.31993676705786567,0.16949593699327237,0.27052423007440907,0.07365234047338422,0.1304767255076745,0.05419125066920762,0.025832492744888254,0.19936260630066158,0.30264701905004826,0.15658401744247627,0.258415345785898,0.08272190267209982,0.14675001613435423,0.06470245009186881,0.03536392375024882,0.19588245096584356,0.2933137597230689,0.15900968141255847,0.27084326364873695,0.07282397629283092,0.11704045778161076,0.06605158559143584,0.03499016353973259,0.20429874187277014,0.29455777484500995,0.17005189628309816,0.26839866855203287,0.09255490085952567,0.16700344826166613,0.06851406356250826,0.025932251158493833
2022-05-09,0.2476461527028441,0.34580287395502113,0.20735418348329618,0.2786749503816938,0.07904259279195143,0.1418430581048718,0.05834666879590493,0.02810918476241521,0.28976585277288097,0.3926952983877029,0.24487614051551973,0.3092482660090374,0.07711162680234518,0.14356979547466,0.055345233672287525,0.026849978931072646,0.34798441217996606,0.43907757638014533,0.29069849084949145,0.36482178401894744,0.06974154625009425,0.12289692701223899,0.05376456308573218,0.02193390160351121,0.2219800744403554,0.31272657855042896,0.18619308334858242,0.2727008189180892,0.07722984463683673,0.1509864002753564,0.05335512292205429,0.02534922493108745
2022-06-08,0.2588173549149739,0.3617243039734582,0.20716589778822292,0.29502745939822306,0.07540518249958807,0.13867594222682483,0.05479403660679781,0.02617463909766116,0.2650912365980395,0.363017469506387,0.21000060475818605,0.2992523209354194,0.0719603903961104,0.1309221656978397,0.04985535046790083,0.020351567176683228,0.22186224117818865,0.29925519148922386,0.17771199708484844,0.27693706531989387,0.06328438350921281,0.11028113709303923,0.04804463051170729,0.01574188087220512,0.24788079430299262,0.348011657147126,0.2526249347396092,0.28165279160525986,0.08120871660721572,0.14661581556139525,0.052892558231685635,0.024343952161591843
2022-07-11,0.2882936285645006,0.3845510206333776,0.23382873993515477,0.32184905851595685,0.08401654765999546,0.1444785068737246,0.059002454042799406,0.02484257180838489,0.2569066209984329,0.34339165990494,0.20714173218336532,0.29209252305030203,0.0912271624320064,0.15236978147254213,0.06353738080363514,0.02621525561556612,0.1930793729867083,0.26655666048118204,0.1718313775270014,0.2634991887898535,0.08549377762274166,0.1302199551298894,0.0635681971786626,0.026279353282854263,0.2597902544558933,0.35185435762142936,0.2125298061302349,0.2871131660251435,0.08559569736049526,0.14997050022346,0.06149593449548511,0.025333806047545135
2022-08-09,0.251155338883982,0.33540299184437183,0.20206513983893826,0.28173237578406213,0.08706805327059311,0.14190231255730465,0.06247769329106229,0.025694709243268478,0.2058948706505815,0.2875267733437391,0.1654639421823708,0.22985147468154868,0.08987248515901478,0.1395513207280924,0.06616494655167621,0.027040359887577723,0.1734181450158703,0.24772386052880305,0.1584532224030566,0.20922159232959758,0.08872491881526225,0.1261186540169328,0.06844168188510298,0.02877873765817685,0.2504025042275408,0.3416292160818664,0.2043497141383186,0.2803964845642661,0.08556923231905444,0.14681577648042923,0.0617024175007723,0.026694464327872525
2022-09-08,0.22517911378270922,0.29927430453383386,0.1829810220680546,0.2645155324679991,0.08496400191121228,0.1432846964036906,0.05954851288254663,0.024043654343546775,0.20651190530265182,0.2653740553431623,0.1739849091684351,0.2402425477978306,0.07945025029100677,0.1412084039169669,0.054131462483652575,0.020820185188352196,0.22650226403755497,0.27095231521360735,0.19338419340150398,0.26492315681082973,0.07786338509665112,0.1320637997552228,0.05337720968112251,0.020102625509451574,0.24444406524950388,0.3352666881653303,0.1595662475355192,0.28197498739904925,0.08284537680328427,0.14397803236877332,0.059179714686075614,0.025440068959702748
2022-10-07,0.2313369285781069,0.28778885624900447,0.2048542381206593,0.2674471569163593,0.0857286027326288,0.13578627187419162,0.059991992824651966,0.022558295156695957,0.2569654092958708,0.2948742450707082,0.23854384219744187,0.3004395116767158,0.10286463135765993,0.15931059897524044,0.06818144392867242,0.024284799844513844,0.2849210593480122,0.30554613439703804,0.25976532913960626,0.3383906795377936,0.1081202493324307,0.144096521626118,0.07130439375447561,0.021865060678793246,0.21937447574515126,0.332906463749091,0.2204559006838738,0.2668802631970105,0.08522992762082265,0.14457734270377137,0.06041654241445641,0.025251399952922863
2022-11-07,0.25078450645337186,0.3052348109493332,0.2228430989449923,0.2850652909395684,0.07987345075522218,0.13299760500350039,0.05502085097269442,0.021692141438305355,0.25373116427228615,0.32367592587689475,0.21888298795392927,0.2863200631252807,0.0788971676188948,0.13629418004877047,0.05548147465426826,0.02427312806096837,0.2572085539137489,0.3461372422281398,0.20744303556894197,0.2942429576558713,0.06762927036033428,0.11539841625581732,0.053770093485582385,0.0226007035312375,0.26215585528181795,0.31100522734123415,0.22068914927317654,0.2747420988415685,0.08323954685616297,0.14217891367871147,0.05917552587603407,0.025181357899756094
2022-12-07,0.2713634423729574,0.34298229172041345,0.2294822565032465,0.3067393495307619,0.09143515444510393,0.15975652515046962,0.06372153916984341,0.025378567316922077,0.24699088315089476,0.32763162788820555,0.1934876335529166,0.2835756806935632,0.08425600472170904,0.1592776865832227,0.05829497045780902,0.023565832988954365,0.24954138946543394,0.3202707747829372,0.1999087848440602,0.2911499490867073,0.08162482497176635,0.1467691182637192,0.058925831255027934,0.019789733696824047,0.26282881824291116,0.3240726216667301,0.2176489282764596,0.280226848387136,0.08479529135935682,0.14767440854454192,0.06006492200117301,0.023714872708478597
2023-01-09,0.23735584357436798,0.3127581940452521,0.190779950722708,0.2712769718650291,0.08020851833476546,0.15072031661508714,0.05651803885793013,0.024547612068945804,0.20703356352801042,0.2713974390543708,0.17382711933093184,0.2384249067117075,0.07789216384232346,0.13974655683747653,0.054191115646900365,0.023301813153002972,0.23346869679837265,0.2834200318628834,0.207807951014583,0.2724022831122457,0.08149683200580132,0.1313908677418211,0.05620986898115245,0.026870318477571594,0.24087660917355574,0.3231739634738132,0.19818008442716292,0.27844612524421875,0.0798551287128804,0.13927292239496247,0.05658493764733625,0.024137645899587033
2023-02-08,0.2059330432472217,0.28965392238110776,0.15757519341668796,0.24005775834295515,0.08412822241762644,0.14970815666804463,0.059353431087201,0.024198164492300406,0.1781398334022325,0.27889647145099855,0.13061324866372578,0.21359241876658486,0.08211754627725446,0.12982927971505234,0.06017189820679413,0.025316589875858816,0.19166665087555576,0.29671134994246917,0.14957834799567202,0.2459973286551369,0.08432191032422257,0.1224512446358606,0.06211805732617495,0.028441004550678186,0.2391436047553581,0.3207362398627813,0.1974869081972009,0.2743415678130007,0.08200524913090457,0.14201880408965875,0.058251369186714794,0.024741906912247768
2023-03-10,0.17099331728025383,0.24004479482881363,0.14706113271230042,0.2051724153100659,0.06990222759878348,0.11970642757670508,0.05029403468127194,0.022006669268340964,0.16871867476618652,0.2233103794639371,0.15205046993481386,0.2082111757511362,0.06403474748443158,0.10849806881611343,0.047927117195975005,0.02335633145716388,0.18687799264243743,0.22634253323522152,0.17889444970830548,0.23326516483189746,0.05961491233999944,0.10358216456945746,0.0470349170390251,0.027792747124545433,0.17126494146805304,0.2813445333220575,0.14295967562645065,0.20569078710229832,0.07986941614099692,0.1389100028315768,0.05675659705516193,0.02420373394612444
2023-04-11,0.15779430106169404,0.21993829463199993,0.13615753245790418,0.2125572563403127,0.09855935851839921,0.14351645066430058,0.07451976396669455,0.04046988126805082,0.14530962846015383,0.18959431381830907,0.13040195485453618,0.21086421928618834,0.10879169591607818,0.15126903771648179,0.08088271226984145,0.04620269747581937,0.1510646017915125,0.19733190701492886,0.14472541746341547,0.2293894025681872,0.10772510568715406,0.15117469809036613,0.07969014567529101,0.036329541982279216,0.16676554675721858,0.22946214013066948,0.14046177420649367,0.21153626916333498,0.13536724132279793,0.14315534574508632,0.10149280633923428,0.05989428435815145
2023-05-10,0.14987235888104128,0.1874705613797222,0.13630647113764796,0.20576194653248267,0.09751172064464053,0.14283097262250558,0.07529397053641605,0.04244705961640655,0.14472728942608373,0.177295483563904,0.12815316600043225,0.19633098879173924,0.08873432233145073,0.1325777811981013,0.06965114205480563,0.0378589334980938,0.16490702453862263,0.19652595868328224,0.15577503662663936,0.2253870581409641,0.093192980338326,0.14059902378632855,0.07149946773840556,0.03320411817964588,0.16193246346313883,0.21972744297407612,0.1369350177919261,0.20672737826250764,0.08643786247445366,0.1419890101399281,0.061687524612438066,0.033663250261180014
2023-06-09,0.1286002500161582,0.1720537782363538,0.12102163593225197,0.20740209831873002,0.09062332672688472,0.1274613109067619,0.06915814487916763,0.03539405399899927,0.12433343019147644,0.18503404928361517,0.12256023043614568,0.23585513134143493,0.07301443703380604,0.11369208653452977,0.056463499986192184,0.02764967957329417,0.14528466829738812,0.2014060589404791,0.14619302891364302,0.24568100797640136,0.0795625778060127,0.12680090838439992,0.062133325578354236,0.01964851548897531,0.15563473111856044,0.21380428082666356,0.13408695459813558,0.2102580063742691,0.08593531783065214,0.13996498270023996,0.06275995727974894,0.02879629790018297
2023-07-12,0.117392062015966,0.16232507820183772,0.11331734840105578,0.19757184726345212,0.06987687176827075,0.11070549322662641,0.053926003918315826,0.025395696208979746,0.10631726707104956,0.15354714289601706,0.10926247108943726,0.19439646630625776,0.06801953745129623,0.1084242483135362,0.049666911855830755,0.021420561226196812,0.13466832865844178,0.17262495500714028,0.14374844536265766,0.2246609158595737,0.08064314819113569,0.12459072423440935,0.05807040579057898,0.01815094547979224,0.11442127510459098,0.16150881510983112,0.13021344471365578,0.2052907969101219,0.08315857817171292,0.1353751977155687,0.06080913065667307,0.026147629932307716
2023-08-10,0.10546333883464393,0.1676092414525948,0.10239642188165413,0.18417929772696942,0.06867288359717696,0.11473203055976988,0.04968146450768305,0.020683902529579527,0.10274961164157126,0.16132834127180037,0.0951897416502146,0.15059241184291608,0.07151941225256901,0.13084046155366752,0.04867421371525627,0.01934422141648971,0.13757754213322107,0.1852469334091526,0.13844702949272486,0.20362052223272392,0.07974512815711936,0.13011667359042514,0.05566066717022137,0.015647446883835688,0.11132637517429,0.17537590580163034,0.10449416864902393,0.1985197788733571,0.08255463986905336,0.1357195548850814,0.060140167229301655,0.020851776347553762
2023-09-11,0.10448462180817382,0.16195836943118624,0.09322190773292838,0.15230590146528822,0.06758858180042071,0.11882653472041146,0.04665798582446032,0.018799128074469828,0.10640938262400497,0.1598376947150322,0.08880324768236807,0.1507179944507532,0.06136248444510697,0.11301477579067715,0.041220439309596804,0.017792306721054137,0.12678436011721322,0.17845546040279725,0.12539021184827967,0.1836945496022561,0.06853121751542171,0.12270386228749007,0.04860680568030333,0.01855756717972243,0.11178470629973615,0.17417319967303693,0.10224030765664065,0.1938384895400434,0.0686112885180193,0.11331461682782158,0.04713039289280532,0.01993430340399539
2023-10-10,0.11195300540061784,0.1642418203906923,0.09146634043541797,0.13910443368441025,0.06419138079299389,0.12940266302464298,0.040851156992808654,0.016184702197200942,0.12084610938232772,0.16464440130858496,0.09640297787413117,0.14589113929948047,0.07099224306751103,0.14631111798155422,0.044848966551311646,0.0191013006010913,0.1381734133211018,0.1845477921678111,0.13201469881328673,0.17488390806251405,0.06985054761813808,0.13418637484252707,0.04615657196524764,0.024321738350495625,0.11387306851232472,0.17273204780396814,0.10130154248476547,0.16993375998773577,0.06810920870851447,0.1339735863023974,0.04543190865482465,0.01931160201401936
2023-11-08,0.13163908980212327,0.17628905480714546,0.10640586112833587,0.17908412813263208,0.07002448748617518,0.14953914420912992,0.04386258462011195,0.017602781286305907,0.14391004206832353,0.18729386411269366,0.12164227974343991,0.2114393967450429,0.08122023496743876,0.16808418234528152,0.051520659301536154,0.020184507591148742,0.1529681659964337,0.2001331985435484,0.14022782314057067,0.2196035268403189,0.07855148233075995,0.15432880267131122,0.051052932567380596,0.022836419772892254,0.11888210751007905,0.16773876861302955,0.1045491742894522,0.17848111613165762,0.07022000825993376,0.138448299630557,0.04692612081455133,0.01930812827035153
2023-12-07,0.12814111377159504,0.1636225079642311,0.10874512696735066,0.21981593840295252,0.07915344775349416,0.1625896812714714,0.05087426575702108,0.020740293895397412,0.10538889644738064,0.1363194796941992,0.10212584362269672,0.2284016640931846,0.07943401131810969,0.1542676276123092,0.05302603878130433,0.022702805681343353,0.12073331260736402,0.15656788183096418,0.12045225566760044,0.23178490296095525,0.08042716452206297,0.15037946776537986,0.05400482609939405,0.022687894844096692,0.1167775463347445,0.16362184384999265,0.10339024946701658,0.19719075671115732,0.07175884518183463,0.13502684582025615,0.04813382844147088,0.020101854574330065
2024-01-09,0.12933981663016222,0.16806955792809988,0.11023319761706613,0.24083032522010148,0.07806192465180596,0.14575826925844057,0.05254361979213272,0.022749909273436557,0.12396317135893363,0.16585386100384258,0.10282847575178751,0.23462390901197483,0.06848695169040755,0.12765821512212056,0.04768636265371158,0.021817639791759744,0.13523072197078037,0.18073432982825252,0.11746563034657775,0.23519731994038082,0.0737423397910613,0.14291416044216737,0.05109701762350971,0.01871828292601262,0.11628086458792813,0.16398644395203407,0.09972092735974811,0.20016539048593182,0.07153934023695174,0.13426397171451085,0.04835264815247859,0.020652653319408715
2024-02-08,0.1087181280595259,0.1427741787343212,0.09298326829996814,0.226778948811541,0.07397773570190347,0.13062430733441788,0.051984347962403046,0.024129454762813345,0.11955732125720724,0.15824656537882018,0.09246538740704101,0.19792369090421338,0.07503821463557152,0.13711490247637814,0.05220517151672309,0.02345750369899669,0.13323796160917115,0.17184676856659395,0.11879396873283955,0.2115125205199614,0.0754459207147395,0.14012005112412854,0.053086145881833656,0.023521624785669056,0.12479513238179077,0.16889697750621077,0.09794003385279551,0.1986426572703015,0.07141468069570066,0.13420274896711906,0.04849553365060252,0.020977397996140724
2024-03-11,0.12063347133139708,0.1661408462038157,0.09715798820769814,0.22649823374627867,0.06519266913340095,0.11780045240045695,0.046915445975955886,0.022583708556393897,0.11890870737488575,0.17902528798898693,0.08525758504033257,0.20260152066921133,0.05804038618354508,0.10552002882348989,0.042408466058650514,0.019777852978145754,0.12968218370560355,0.1874481390143774,0.10150343744857056,0.2144499881128608,0.06499075286830407,0.12525241773383575,0.04714517817253718,0.019050948271208415,0.12063709247299137,0.166280980935748,0.10395698893544111,0.23117788530577119,0.07008704987976204,0.1341158149637135,0.04781428464842305,0.020826509258974023
2024-04-10,0.11840924224140711,0.15827134989804018,0.09951628909855219,0.20500301693015058,0.06159492236333243,0.11121014794596858,0.04399963013612242,0.019184946552653015,0.11719106237864536,0.1455125128864252,0.10915663557109587,0.18068912763190342,0.056588443707721314,0.10182383213741933,0.0409627334972649,0.01569398762613051,0.12955010556812016,0.16314844338405948,0.11758365943587497,0.20400616308521394,0.06329191778449085,0.11854945775434896,0.04464715353290726,0.017151436810936577,0.11831384850262597,0.16233898365611169,0.10284150242726697,0.22298964513204336,0.06895953613977433,0.12587787483477586,0.04859563337250357,0.019544745819073794
2024-05-09,0.1301800804155013,0.17662162181936683,0.10920849781776837,0.20479010135116787,0.06256056767111044,0.10814576274190113,0.04428696381289594,0.018520379881648053,0.12951774421493065,0.17862747050730302,0.11047420076321163,0.18192803213249883,0.06148939532936588,0.1068047181127774,0.04235599536232507,0.01726655870808819,0.13895540705750395,0.18861299680051172,0.11845443549331548,0.20245898196122977,0.06760413948170027,0.12158942239195868,0.04667976297259829,0.018375133695083826,0.11845810452498239,0.16494281171727135,0.10218582627778203,0.21923127970626863,0.06867077048098894,0.1263578543609266,0.04743354073296323,0.020325103534788606
2024-06-10,0.11889018140573757,0.15241629595641756,0.1148094422478942,0.1802204607105743,0.06469841113208662,0.1139402531112114,0.043599511813585616,0.016903567650849233,0.1013749122010773,0.13769026550783448,0.10799329763150901,0.16644339608077402,0.06581542287111822,0.11840402413732568,0.04299952778071584,0.016575197852692628,0.11996534304352884,0.15906259672814982,0.11821545566328667,0.19444307066862523,0.06728398962487182,0.12006593915022648,0.04544889381110819,0.018774282122789407,0.11657267913435557,0.15990174680290878,0.10142381229911579,0.1681887880347024,0.06835686145975442,0.12703570408649983,0.046520750976270536,0.019686456480124546
2024-07-11,0.09550398710180726,0.13676513877421534,0.09780346821699051,0.1515056593135486,0.05839407544279465,0.11180370936972786,0.03674993523065409,0.014319988658810628,0.08419863532783751,0.12084345503717436,0.09202370068825669,0.1370283725151007,0.058364215464114785,0.1179624663250721,0.03555899228939264,0.014419450342169751,0.10136163528355736,0.14263067866272267,0.10427607818004074,0.17054214803984757,0.06476123630617121,0.1216325595495719,0.04156280150636811,0.01786756783872226,0.11464812416526485,0.1570419233219713,0.09998359841411945,0.19032652207850095,0.06774534992879264,0.11176582050509852,0.045619754519885376,0.01600227114808259
2024-08-09,0.14065872700094265,0.20346399307373328,0.13221207872600846,0.2313938704956748,0.06229287897567078,0.12182939742758424,0.04122657152365236,0.01891826120671388,0.20122304614199074,0.280763357155972,0.17159080634939528,0.2963899356904167,0.07041488495686339,0.13614224869541958,0.0492921238483468,0.025352106320098735,0.21518316429685172,0.28042418002376573,0.1688412629382322,0.2756112102858131,0.0699390687758111,0.12889609745226502,0.048537711775828496,0.02549211896131731,0.1267238056536775,0.29563841708209376,0.11005863446984851,0.34199923040662733,0.06694900521825048,0.11447814242849427,0.045191775205008604,0.019755579443575873
2024-09-10,0.15759724774684328,0.23110414063783002,0.13530819264833485,0.2496199899300536,0.05634040027539436,0.111788219918048,0.038904054110248255,0.0197507230754558,0.1699629909965979,0.2462174729083147,0.13773681164697707,0.24589635627967052,0.054102414218711016,0.10156394251235663,0.03882243182333952,0.02073224099981952,0.17361661924851116,0.2481853958891438,0.1392483927460293,0.2423664142554121,0.06608044282134157,0.12239285345389873,0.04650395351357844,0.022650616051891347,0.18940791769710325,0.2732028540111903,0.15725192894804282,0.28715952181657256,0.06618267252821107,0.1117591788011182,0.044925228038142515,0.01988896362947602
2024-10-09,0.16598012955389335,0.24077705915607875,0.13828695412344685,0.24162223946663108,0.05697449785431536,0.10338944133222511,0.04197421829697373,0.022094711088093685,0.13295459681409538,0.1912448474208153,0.10950615507990685,0.18083379924783818,0.05683127358407906,0.0920027956356556,0.04413837918055366,0.02318855753904447,0.1400598954238326,0.20001345614816762,0.12056601462818531,0.20492981100255517,0.06565214835994813,0.11616802680779185,0.04813465166044204,0.023841092966221167,0.12819870797843538,0.24283786358183493,0.11169708744125202,0.21584105522348618,0.05817449456764713,0.10904997045499935,0.040520555929535754,0.020275743016284778
2024-11-07,0.13179316008281466,0.18634908816689438,0.1278359292579505,0.2172580967067657,0.05073395670224043,0.0936745552991957,0.035952598779080795,0.01817294231320422,0.1526703941366736,0.19476481446023775,0.17468860090345795,0.2815587188419305,0.055792720206072365,0.11139849381763844,0.03551293267130632,0.016112292282793438,0.16243948817086248,0.2041304147324711,0.1592678109644451,0.26772612136802837,0.0645630764185362,0.12138107808934277,0.05077627725651588,0.022766996663594264,0.13016973345932428,0.18330122505521237,0.14446779545449698,0.21821667096506794,0.06256443000659556,0.1143520425480663,0.038137679674091436,0.017808256601086023
2024-12-09,0.10999074417474028,0.15375204290176323,0.12216715774741582,0.20076147062751895,0.05092629562977487,0.09803716615401323,0.03376521520888312,0.01601209601160679,0.10073939011508402,0.15132677734965141,0.11855407343540703,0.19802298820820233,0.04817110036132125,0.09739400043638914,0.029791834762679617,0.013127654202941534,0.11206386291159594,0.16644722230717865,0.12622824603929053,0.21464072034897433,0.062286847544743375,0.11854466961713161,0.04329806596015696,0.02272285535240843,0.11801745264835573,0.15318656198957467,0.1348601798589372,0.21120094955320837,0.05957421765823325,0.10976351670050181,0.03693750595162619,0.017444485856216576
2025-01-09,0.14368076318592454,0.19355982590342774,0.1394122993142122,0.22302329111529423,0.04908201194175995,0.10199637043846992,0.030165701279065718,0.01236482121726521,0.1637054030458818,0.21681174609991266,0.136169899538006,0.2092924022910605,0.04563687575996784,0.09318484743988946,0.030123705263622885,0.012768065941819869,0.16639019725113982,0.21402726148389564,0.13859981742590155,0.2206057451546167,0.058468813253717944,0.11667252078883428,0.04006655102622722,0.022248608591687397,0.1359949028094653,0.18143686065810524,0.1380771190447711,0.20647252989827253,0.05768746767435772,0.10761129569227522,0.03263088863144514,0.012308254848865361
2025-02-10,0.14078365523605346,0.19671974281331991,0.12606488702268565,0.19059229536723202,0.05001419879702311,0.09692191379706412,0.03247169757049651,0.013293657998507789,0.13306009299046057,0.19106632950413283,0.1195664247944515,0.1753977736009798,0.051004354180590045,0.09453274401569242,0.0333897850135652,0.01349797931082065,0.14035676362085955,0.19665654642593622,0.126876612948169,0.20322455421200453,0.05207666973975873,0.0999466263657659,0.034256889213430536,0.02232109998606636,0.17313361546120273,0.1823174494976914,0.13564528887392507,0.20963747140422,0.056422070751520385,0.10474923759380009,0.038494348716943176,0.013010326040544477
2025-03-12,0.16906909142060753,0.22861689833873924,0.14689785640508307,0.2032417205477309,0.05598967622832132,0.10324956800251206,0.036599037653527164,0.014442447831595566,0.185821559729023,0.25529477175263254,0.16062572201681635,0.210221623027069,0.057417777551797576,0.10632998416347593,0.03705509919791263,0.01451413343632541,0.18904960179054486,0.23806544434153698,0.14595986059356622,0.2172641534945636,0.0533874435107175,0.10694404186412935,0.03479494258599811,0.020967516125846523,0.1540943043480342,0.21673407892127697,0.12782618740623558,0.20687904680478303,0.056891943012394454,0.10614516078416757,0.0382261100315374,0.013318350994355282
2025-04-10,0.30371389504381063,0.3809023422232799,0.2618783200756868,0.315919483141392,0.06382920350856033,0.12154863852508323,0.042892059867122696,0.017198411019045328,0.48805534302080084,0.5945043194937747,0.4179277781551458,0.4848076373545876,0.08036072673639774,0.1545340467445186,0.055990017336422684,0.023878053402784132,0.5563262065291319,0.635045836783932,0.4357985230782254,0.43845355032153344,0.06670376352051698,0.1298717142850882,0.05092262598859673,0.02586140844897939,0.4147158839810959,0.510807470878222,0.36070172252111266,0.24159308806093366,0.05869083124015256,0.11054467100990621,0.03961972264243474,0.015262528506801253
2025-05-12,0.32607119852781796,0.4002622114677865,0.28170363914901364,0.33706629225263934,0.06701689631505418,0.12280919327189468,0.046166271416794934,0.019762496523768828,0.30598341933099144,0.370672213564336,0.26697310800402146,0.31720019113681164,0.06657768540993127,0.11696151409916289,0.047307033953577604,0.021251643387740406,0.20456137005871677,0.2989042891457311,0.21554771936952954,0.23951428918586212,0.06148170677653875,0.1237220652892417,0.046906177014039444,0.021897812313225164,0.44245242738041646,0.4292957965934009,0.38266960672277067,0.4080843193381683,0.057877276615695666,0.10881915698105386,0.05672938080950191,0.017552638882353616
2025-06-11,0.3186209409199432,0.38348919185750513,0.27805789087745325,0.3332324263713978,0.06744449364572311,0.1242995845003481,0.04700737860465001,0.019973917920953405,0.19962754205889682,0.23825002773928192,0.1778439317571387,0.2308230994747676,0.06042070056106537,0.1129763857291729,0.04149803838614675,0.01677511590914563,0.14420850454141027,0.18672733682327802,0.13252302597924373,0.2147676208179483,0.05564024617887078,0.10581095931836966,0.037448146118184915,0.02105174920091775,0.17870573176643567,0.2094178389205235,0.13544103592612802,0.2006064265084685,0.05759260684493845,0.10890241910040224,0.03841270072803115,0.01754188033542657
2025-07-11,0.1547144963717683,0.18478368688322902,0.15432313161466363,0.18616469089577967,0.051632266374430705,0.10269825933056985,0.034862200997296734,0.015173102816757413,0.13134725725965246,0.15870469258563236,0.1335377665887999,0.17612621222861843,0.04853416066287432,0.09720545062742032,0.0313165986769346,0.013498330560072245,0.1254991926215717,0.16398853586783915,0.12478882993068595,0.2066861828666594,0.05678945307559633,0.11724114545532582,0.03912466144474333,0.019955122627813397,0.09162377942931009,0.12355675228684786,0.12858192899860058,0.18501297355963586,0.05670683390317231,0.10704492942857041,0.03871004899792071,0.012660266425371823
2025-08-11,0.10632941232427752,0.12315944279882975,0.11657198160284789,0.17038393385611944,0.052016817283014515,0.10142443774397682,0.0344871341501545,0.0154020670441971,0.11634408296320467,0.1445294347105935,0.11559660565048863,0.17206258141088523,0.05362600675532739,0.09460623430679953,0.03750762537161502,0.018899131620883348,0.14030342995076955,0.18052730166583522,0.12657043227533457,0.20819542520426715,0.0578838316664602,0.11062670047143998,0.044172806645635034,0.02146024524501037,0.09519053952212819,0.11519898113767583,0.12455440017908911,0.185143114670738,0.05553327312199968,0.10387060484631364,0.03774532526005747,0.016770729998334736
2025-09-10,0.09423831788371435,0.1191459411085974,0.10531378999286846,0.17896735815643822,0.04583155268810739,0.09221090152923724,0.030652492648912278,0.014736383983468807,0.09702628946648137,0.12362584151559637,0.10194444179449706,0.18078955770715113,0.04501156006396337,0.09875902892794344,0.02996142077112574,0.014274316898428818,0.12366536593494573,0.16077666401200041,0.117103531379992,0.20620062464768074,0.050275845191720715,0.10184956363488011,0.03372544584610686,0.01982568228849684,0.09373784540498001,0.11635690839005937,0.11939244176063911,0.18841343598600296,0.054972049595082575,0.10413569110203513,0.0371033751014107,0.01622332015958544
2025-10-09,0.08994632181621846,0.11657939237455804,0.09419128678915455,0.17228995024172594,0.042242960809062,0.081653853949102,0.028965434035866603,0.015179208446589708,0.08269323998808464,0.11341362180363522,0.07719862493800224,0.14847932049341286,0.03547069369898641,0.07262160081745922,0.023396119661391115,0.014374054705096506,0.11643348421086458,0.15557142894325218,0.106019907422055,0.19882911684978496,0.048645602609347645,0.0946049808531168,0.03122888183792226,0.019977220041794124,0.08966579223173522,0.11275037279135876,0.0937288958640508,0.17608970454548256,0.04298134462262474,0.10297453796453597,0.028572362494648503,0.014166663253209172
2025-11-07,0.11112468766140074,0.15528301535567546,0.09848045573303243,0.19020139702449756,0.03859157760898791,0.07790415930492624,0.02546397314375223,0.012493370587009868,0.12366761548673903,0.18453601235891914,0.1006887042167302,0.20102094712206175,0.0403923341232092,0.07506704755812199,0.027009726708531044,0.0125516682276149,0.14002615710443042,0.20202267836667392,0.12092391199391296,0.21294312348555455,0.047051487027023206,0.09572081366318792,0.03188601121398648,0.019393792211339165,0.15538402752986893,0.14745028994075093,0.11314549495547623,0.18681804095589524,0.04275192193928852,0.08270069765985708,0.02846134120710539,0.015413388825888129
2025-12-09,0.12592041761264378,0.17705774819368425,0.11161762036638923,0.20326434141911978,0.03584872136196437,0.0661892481923578,0.023990252311906612,0.011429142872104666,0.12088285469311551,0.17123306841031857,0.11832953328532596,0.20789457959171148,0.03605673612497171,0.06693920494724444,0.024059796022037068,0.009362984940826886,0.12885461055661154,0.17539776551831016,0.12324041581079265,0.20895454643145123,0.03866354823161234,0.07339117523175044,0.02874396678680201,0.018249465339374042,0.11746431899805643,0.2021887884610587,0.11610065253558009,0.19099698386524863,0.04131132363849036,0.07919972580355052,0.027523634861464304,0.011185071734653385
2026-01-09,0.11737169710489047,0.16787885905840486,0.11574245647244814,0.1967519831468245,0.03387027548157258,0.06239658765582049,0.022311690888610704,0.00880537696125908,0.10641747793468972,0.14745559921478585,0.11652125575872602,0.17909917263834005,0.03164315043088153,0.062300243010796764,0.019777639660451374,0.007343836961240419,0.12625563486940478,0.1692143097652027,0.12736376795498539,0.20691223628092234,0.03375614097207877,0.0660284591822568,0.021755255222660298,0.01704343496764795,0.11621121646283455,0.18538597743364538,0.11548554969863357,0.18816388116818278,0.03501716112632624,0.06439003181272075,0.023023770189029083,0.008321766525231188
2026-02-10,0.12358983936339153,0.1679836325114741,0.1308328602932393,0.19840039828906358,0.030828678961136283,0.06287967072400877,0.02021970219571256,0.007730343421713796,0.13093341636016134,0.1777267824698082,0.1452351440024284,0.20878349052987283,0.030606341550283456,0.062278226892196434,0.020595890526132962,0.008263179987758034,0.14591070260074218,0.1982317066686796,0.14493518784604165,0.2190718750981082,0.031620951861585825,0.06458732091764592,0.021135249625819443,0.0166918723487519,0.11795410702199803,0.18265253992219366,0.11850009761010202,0.18874453994770257,0.034270315230450626,0.06964184784306553,0.022611558087098287,0.007774119236493729
2026-03-12,0.11999595636853824,0.1639431258209703,0.12572565533554836,0.18506722565751538,0.03585021722379109,0.07110953024571356,0.023915171012566485,0.00968489111915662,0.11784813015594064,0.1602365610143227,0.13113725443788785,0.19624293149598454,0.041258853859602644,0.07728026490968821,0.028606166472722683,0.012094820641512677,0.1329050898084813,0.1776015193010507,0.1302184553890363,0.20893447327314463,0.044332352712199555,0.08361028143539642,0.03144158423853206,0.015117195767290061,0.11786025713974352,0.17715438438424302,0.11952176865927823,0.18893848007721625,0.0358197577281218,0.07120713761888961,0.02385836646549868,0.01058945590728897
2026-04-13,0.1500169599603437,0.18966363357947133,0.15512889588896178,0.20711580252782402,0.044694503539327246,0.08178859167520541,0.03133542048394264,0.01354663064166353,0.1737877846440359,0.2112153398801314,0.1767062846877575,0.22028622835027103,0.046924161238997196,0.08341077682632046,0.03322268669784229,0.014744013423416743,0.15854857821402107,0.2057459048804828,0.15768220195614227,0.2134532949542935,0.04635711921022482,0.08625467652949143,0.03294671730394834,0.015468799256618659,0.13920580127441604,0.18506951274410063,0.15865814959379468,0.1981446419740897,0.04888049952855867,0.07131972834573456,0.03467522389646028,0.01696663312390912
2026-05-12,0.14133648813374286,0.18416717879911562,0.14749354692967523,0.19540128119737044,0.04588012548978374,0.07910181143881988,0.032688126337875496,0.014632799271111734,0.13327217865044494,0.19708614530879295,0.13878911444769063,0.19043537671107263,0.043651546003561116,0.07789493661620646,0.030738497631285337,0.013995691610357776,0.13183383883590105,0.19284534413205454,0.1292745108851551,0.20730383037405317,0.04471602251764302,0.08277703627726192,0.03166904780343495,0.014900190853212942,0.12477989837654527,0.18455564095633062,0.12676806944720106,0.19137714564475256,0.0463631750383668,0.07142814229103957,0.03417929595608829,0.015473064354476837
2026-06-11,0.14614276430154652,0.21075376371210494,0.14815418113685508,0.20575765804201143,0.047315479107017444,0.08330077038588488,0.032668287245990114,0.014203606389866128,0.1448772748485976,0.24139462810221549,0.14566015527700774,0.21740501298812265,0.04426625000676415,0.07529963977226845,0.030506607501780806,0.013137903063077062,0.1557969152102399,0.23781857452540986,0.14742497035796528,0.21545575696676283,0.04639501342638697,0.08307844651103187,0.03213414679100961,0.014433609645997809,0.13580802476731332,0.19075009931806627,0.14632325706304183,0.19297423655371906,0.04185153361556261,0.07902834679053009,0.03369445607931054,0.012804807798892148
