,rolling60,ewma,garch,segmented
2016-01-04,0.002391581958497532,0.0008324759853809133,0.002391581958497532,0.0012385381607295364
2016-02-03,-0.03172869491382017,-0.031744779978939305,-0.03172869491382017,-0.03174033478028835
2016-03-04,-0.006522370754185997,-0.006886260125410811,-0.006522370754185997,-0.006326695369026419
2016-04-05,-0.008320110950684583,-0.010308140046139124,-0.009795308877538886,-0.009046020173916647
2016-05-04,-0.013293905449927632,-0.014863927482025887,-0.012016276921826885,-0.014803620221425456
2016-06-03,0.012309892254262484,0.012294044912662172,0.013245619220453373,0.012294044912662172
2016-07-05,-0.03010820270245249,-0.03022033147923862,-0.029716758935889504,-0.030146179482182196
2016-08-03,0.004733337919187587,0.004761565599387371,0.004675077943122872,0.0047459008371722265
2016-09-01,-0.01951804444559607,-0.019526917596852086,-0.01931054324492646,-0.01950956784834935
2016-10-03,-0.0781925412400552,-0.07828278998837283,-0.07618347641184768,-0.07819312438096784
2016-11-02,0.1035354942919707,0.10435396935045173,0.1006905040636837,0.10396642695322539
2016-12-05,0.044089804033651966,0.0439357301036612,0.044660222154876056,0.043990892230893405
2017-01-05,0.024604449047642266,0.024472716162594735,0.024817766050515475,0.024522697254072946
2017-02-06,0.06528985338257894,0.06488092441604891,0.06583952645659359,0.06503822279478065
2017-03-08,-0.016361609413760275,-0.016245373898293274,-0.01647358508855123,-0.0162908687216034
2017-04-06,0.03222299069080913,0.03201719895491343,0.0324323447770173,0.03209768823740883
2017-05-08,0.005655432956088295,0.005617010090868566,0.005691041292324315,0.005632100002821148
2017-06-07,-0.03578546886969603,-0.035535679332295414,-0.036008580022845536,-0.03563398529123142
2017-07-07,0.026836476562271682,0.026688615152352126,0.0269897528831789,0.02674657904153015
2017-08-07,0.007929231428093458,0.007881888545651517,0.007973665437556314,0.007900522632547976
2017-09-06,0.011043662318807886,0.010976559688769448,0.01110550282480662,0.011002998454864492
2017-10-05,0.040408204567266,0.0401572298119953,0.04063430149647084,0.04025622935007775
2017-11-03,0.02185421812291397,0.021711473260373773,0.021970663792224336,0.021767969953997084
2017-12-05,0.08516307096463589,0.08459229713119949,0.08561508199065429,0.08481843461122655
2018-01-05,0.01088482385807117,0.01081503095817406,0.010931250752410996,0.01084282740611714
2018-02-06,0.03811931574846824,0.037872799895759424,0.03774564533823025,0.03797093843511187
2018-03-08,-0.0667936009329284,-0.06635064551588828,-0.06713210083019684,-0.06652720081635811
2018-04-09,0.03356543791466347,0.03252169636929778,0.03570088849889032,0.033311025966480785
2018-05-08,0.03857490361006655,0.04089917873038891,0.04598713617481097,0.038485822042603805
2018-06-07,-0.00019598135181164649,-0.0001588531373734571,-9.54054241770283e-05,-0.00019529057178760157
2018-07-09,0.045530357471388457,0.04522540443602125,0.045303792129765014,0.045398883966572504
2018-08-07,0.004112522657980653,0.004085032115351418,0.004094676254548976,0.004100261817168988
2018-09-06,0.027906084508446366,0.02772064692659715,0.027779086097915514,0.027824424723198318
2018-10-05,-0.09363974976137703,-0.09301322703910479,-0.09106452911303838,-0.09336088681677009
2018-11-05,-0.03463369939978905,-0.03381863994189293,-0.03370652275914068,-0.039975264986875446
2018-12-06,0.03610841398385501,0.03178080155912284,0.02953302697514101,0.030478984225499182
2019-01-08,-0.07921426074341385,-0.07919560073739856,-0.07973072376926023,-0.078966180868574
2019-02-07,-0.026033994752337558,-0.029197490347040538,-0.03854286371579505,-0.025945866319202242
2019-03-11,0.031176711968021516,0.04416467489068543,0.045410359861438966,0.04737902372948335
2019-04-09,-0.0011526653751171582,-0.0011229074946344894,-0.0010560876591267211,-0.000987571891317502
2019-05-09,0.019734138801809197,0.019553955620016356,0.020655148611517057,0.0188573815595636
2019-06-10,0.043021927852218915,0.04265436853688692,0.04218090502331738,0.04139886093155838
2019-07-10,-0.000733620381303646,-0.0017136058122011251,-0.001186602190537098,-0.0011252379240050752
2019-08-08,0.023920438246194393,0.02328006620949723,0.022944184966051537,0.02364796218018949
2019-09-09,-0.008192429723242505,-0.00811668796910549,-0.008099232835673206,-0.008075295898466249
2019-10-08,-0.07452762503664676,-0.0733540153608665,-0.07039013608599616,-0.07834754359370873
2019-11-06,0.029729377474548,0.02942341214042818,0.029429619587511942,0.029132079256090595
2019-12-06,0.049813707672471966,0.04930641738003558,0.049278029651648014,0.04889594189196317
2020-01-08,0.05250285546869128,0.05198701325050883,0.05196719252139294,0.05156564401096882
2020-02-07,-0.13547998078657664,-0.13419488947550232,-0.13416674859122218,-0.13313581501863855
2020-03-10,0.06044223887295143,0.0519486606192325,0.03454926909915151,0.06403379565905637
2020-04-08,-0.030514712293852247,-0.02301336385397082,-0.02784698894486225,-0.020383143137442394
2020-05-08,-0.05594875372361081,-0.0711442684246508,-0.09085477516076125,-0.07663084851381079
2020-06-09,0.024529958945522932,0.02812851852908381,0.028571218726679896,0.026154531024464883
2020-07-09,0.0028116786768426862,0.001983227371142173,-0.002527816444159647,0.0026919798255605437
2020-08-07,-0.013651049262110687,-0.014380540910599982,-0.01530830524936174,-0.014418561077764779
2020-09-08,0.0031470204463909432,0.001586126293676359,0.002838047852664885,-0.0012714569469889066
2020-10-07,0.03481476232455139,0.03436187063350108,0.03384672022970538,0.03361846725241692
2020-11-05,0.09849445861842686,0.09725194841607668,0.09427289896052543,0.09523691771031972
2020-12-07,0.0628816317828171,0.06216129701169458,0.06138907069100763,0.06102009877953884
2021-01-07,0.05925399136751971,0.05859411458241338,0.05787182298851575,0.05756474175929412
2021-02-08,0.010511656971364525,0.010397573039867661,0.01027010567758369,0.01022237668635345
2021-03-10,0.05890709657074577,0.058265434620774416,0.056071130732407805,0.057279759454267255
2021-04-09,-0.0063467125304614075,-0.006278795657274635,-0.006213070698844338,-0.006175606342442196
2021-05-10,0.0056971122901880765,0.009548373060420355,0.008512121183746474,0.008548036436724875
2021-06-09,0.024144085949931282,0.02393306983685758,0.023652610655319397,0.023537993992937278
2021-07-09,0.004044446344493578,0.004001404869736868,0.0039565704436565485,0.003936514196231596
2021-08-09,0.015736741154759582,0.015444978385788769,0.015047094220766357,0.014963416250643189
2021-09-08,-0.03710955036641303,-0.03670335649223025,-0.03630270810552607,-0.036103450355489126
2021-10-07,0.07017497114284106,0.06879647306143104,0.0635183235237233,0.06902485214096232
2021-11-05,-0.02194914808166103,-0.021745043946047413,-0.021619694858525638,-0.02138789668072456
2021-12-07,0.013387612691364613,0.013932755573457377,0.014590640969117361,0.012700138834212435
2022-01-06,-0.015894300471748012,-0.016875449546201605,-0.018484696550847186,-0.018576478949811792
2022-02-07,0.013387023946452761,0.013554588467055139,0.011449367717531937,0.012229709078069388
2022-03-09,0.0220956251410486,0.025306554258115035,0.027490112902242063,0.022233713087619414
2022-04-07,0.07451325345899762,0.07444941215861386,0.07385202532985004,0.0730776560172977
2022-05-09,-0.050572311770393,-0.05004298061077419,-0.04874279819591749,-0.049309292704232136
2022-06-08,0.07603976176746466,0.07528470853616853,0.07474863649320927,0.0742158313150416
2022-07-11,-0.1009667163547784,-0.10000486804293238,-0.0993001124450049,-0.0986445866843434
2022-08-09,0.04777350555546252,0.05171580715167914,0.054994525215355076,0.04617584277726757
2022-09-08,0.12943160056570285,0.12817474705511642,0.12724538312024902,0.1268680443331863
2022-10-07,-0.03186029804183379,-0.03157726921775894,-0.0313540658439374,-0.03130598157716125
2022-11-07,-0.06583134930954397,-0.06519811472268994,-0.06457320362265796,-0.06466262926883136
2022-12-07,0.012138482513226571,0.012069603765701318,0.011995179158748662,0.011960314690703563
2023-01-09,0.014497794868904228,0.015249276520374676,0.013307982116650364,0.014483131888501033
2023-02-08,-0.02474210737341361,-0.02969344490895083,-0.025629842173704658,-0.019387638065817694
2023-03-10,-0.0719183663039151,-0.07185895437797592,-0.06934282208789043,-0.06913573921026181
2023-04-11,0.004117169591593028,0.004852343165075938,0.0045798705225931794,0.003935987459616989
2023-05-10,0.0006319907985316667,-0.00017411793421845368,0.0010608486050275594,0.0006098683597170434
2023-06-09,0.041497955383457075,0.040287193971745065,0.039956879431261,0.040888016683075956
2023-07-12,0.010698347849223725,0.010589069660685103,0.010560726301904137,0.010565311278209318
2023-08-10,0.005476057591876637,0.0039901145247377735,0.006024273161398709,0.005871706528100088
2023-09-11,-0.0028257246754377924,-0.0028626509567395014,-0.0014560095911802615,-0.0011118249864055236
2023-10-10,0.004712903671301988,0.004240413235858556,0.0026227671752979626,0.002952993576356443
2023-11-08,-0.008817586688662251,-0.009535412568854325,-0.01084511835650836,-0.008735847778172674
2023-12-07,0.04235588672309352,0.041757844863367276,0.041546813406727987,0.04112474420228583
2024-01-09,0.03969781052713123,0.03979474271727275,0.039336914470986646,0.03967002038856762
2024-02-08,0.01212767279281546,0.012119798842818715,0.012165553164785637,0.012017166286596038
2024-03-11,-0.021539207033878478,-0.021333609137361115,-0.021278469906652206,-0.021211581452676962
2024-04-10,0.004200460598368564,0.0041613817717726185,0.004151461660118665,0.004151688356659564
2024-05-09,0.010401329155918355,0.010304568218766255,0.010280018126130311,0.010278759521868621
2024-06-10,0.029677308509342637,0.03024431304429498,0.02858754689693585,0.030054455373125375
2024-07-11,-0.05104154877014257,-0.05055167606576494,-0.0504586138723048,-0.05042848043272502
2024-08-09,0.03539067185166299,0.03506669226760826,0.03499855030897913,0.034981938390617015
2024-09-10,0.031209440514044912,0.030163188245673968,0.03001064812457803,0.02894347871683961
2024-10-09,0.026738693967728343,0.026494906685903347,0.026440590531765427,0.026430848285031373
2024-11-07,0.017484954681957814,0.0173287910625746,0.01729296966179541,0.01729164866071017
2024-12-09,-0.028878188206250044,-0.02862029250201455,-0.02856041342572644,-0.028559117355983626
2025-01-09,0.01771020262978848,0.01755411724077019,0.01751907262826636,0.017516787566583727
2025-02-10,-0.09721841334152971,-0.09817192599988098,-0.09486960396527808,-0.09426156713626577
2025-03-12,0.0021313834931397835,0.004633755346671344,0.0034944657186108965,-0.00021161549132882242
2025-04-10,-0.06933821913001637,-0.05102068804292824,-0.05234111697457636,-0.06032682150936843
2025-05-12,-0.00826925892120683,-0.008980243352705211,-0.01254826301150507,-0.0065510793664045235
2025-06-11,0.028088505482705143,0.03535311097204445,0.04097899420271395,0.03935531456167532
2025-07-11,0.0054381750623413855,0.005512979127722359,0.0055716283122842075,0.005539602747816403
2025-08-11,0.029852246714242078,0.029650597666871566,0.027259456712697864,0.028575259352293852
2025-09-10,0.0335829448783046,0.033506688078018584,0.033443260015126715,0.0333641159523896
2025-10-09,-0.0014595671309104467,-0.001456393659231612,-0.0014542687803964455,-0.0014505490857345364
2025-11-07,0.015179444078855213,0.01514594847746407,0.015124465033713858,0.015084972329122263
2025-12-09,0.030357555894200725,0.03029086411696654,0.030247449963020763,0.030168977797953387
2026-01-09,0.00201768675930058,0.0020132951057117592,0.002010363034932659,0.002005213713467953
2026-02-10,-0.06328483575846962,-0.06314766876093182,-0.06305521202758525,-0.06289460109784675
2026-03-12,0.041490158434287945,0.04079868383525463,0.03912585081166469,0.040344010314261575
2026-04-13,0.07286250959488876,0.06713969694360766,0.06971430033902483,0.07418477188903114
2026-05-12,0.011208137485602085,0.011453617245601335,0.011642580936939591,0.011610626542510199
2026-06-11,0.03338720529136574,0.03341104412743271,0.03334425831139442,0.03318928804996078
