date,capital,period_return,benchmark_return,ratio,held,weight,turnover
2019-01-02,983563.8617166837,-0.016436138283316207,0.031137598971538782,1.0206593104771204,VXX,0.1577485972456353,0.1577485972456353
2019-01-09,993780.7113463732,0.010387581353240506,0.011667903328036244,0.9656838582167959,SVXY,0.32223757740586695,0.4799861746515023
2019-01-16,990866.4795802787,-0.002932469641261431,0.009847443093437436,0.9749104068668455,SVXY,0.34732133523319675,0.0250837578273298
2019-01-24,1006089.184734069,0.015363023643951014,0.02420797205859415,0.9603456693634915,SVXY,0.35689176910906195,0.009570433875865203
2019-01-31,1010274.8263187765,0.004160308696503627,0.0007779980237889728,0.9267338071907261,SVXY,0.35811368324543497,0.0012219141363730146
2019-02-07,1014674.8728835224,0.004355296648119631,0.015695488158044668,0.9343607540820199,SVXY,0.36679905488656395,0.00868537164112898
2019-02-14,1033439.8010619173,0.018493537861116332,0.017348493480995986,0.9364895842464454,SVXY,0.3803991754961415,0.013600120609577548
2019-02-22,1036978.7177904054,0.0034244052966138122,0.004585463795019118,0.8738680592203373,SVXY,0.3953753318692209,0.014976156373079419
2019-03-01,1016149.2052307373,-0.020086731002591344,-0.021254136574081817,0.8823146680007359,SVXY,0.40145898084620985,0.006083648976988931
2019-03-08,1051879.4309314305,0.035162381190447324,0.02947321738641895,0.9380478471374388,SVXY,0.4656482903823688,0.06418930953615898
2019-03-15,1022651.8443241821,-0.02778606154639571,-0.007323064329377571,0.8598131180261768,SVXY,0.4500673573806431,0.01558093300172575
2019-03-22,1045861.010505641,0.022695080745487293,0.011566763378165534,0.9487621615430878,SVXY,0.48812795706416046,0.03806059968351738
2019-03-29,1056092.3483967907,0.009782693673801947,0.0215589149759583,0.8677215109267233,SVXY,0.45102192447550843,0.03710603258865203
2019-04-05,1071881.2697768179,0.014950322672061643,0.0055099395241353655,0.8512615762032302,SVXY,0.48588277394148754,0.034860849465979116
2019-04-12,1081804.117075381,0.009257412717575825,0.0003791365565832816,0.8305670952419236,SVXY,0.4862544720313731,0.00037169808988557484
2019-04-22,1076509.7827742381,-0.004893986090065976,0.012402158352089021,0.8437499898769287,SVXY,0.5247644621246071,0.038509990093234026
2019-04-29,1061702.1368156043,-0.013755235851618204,-0.003573142395896234,0.860801053888424,SVXY,0.5424857434353415,0.01772128131073436
2019-05-06,1004166.5386743114,-0.054191845477358856,-0.04084417958450426,0.94146341094653,SVXY,0.5297842473619657,0.012701496073375784
2019-05-13,981762.4167566653,-0.02231116159997094,0.011002291312632861,1.038403147366047,VXX,0.19952452847330737,0.7293087758352731
2019-05-20,977880.4063013115,-0.003954124123205325,-0.013382959390549898,0.9433197572184703,SVXY,0.35011697966581923,0.5496415081391266
2019-05-28,978525.3953407768,0.0006595786512430477,0.0013564492442055265,0.9776536521198476,SVXY,0.34066340169757675,0.009453577968242477
2019-06-04,985220.3801821963,0.006841912201050121,0.029836570026352538,0.9647526529928891,SVXY,0.34231208092805276,0.0016486792304760134
2019-06-11,991769.2141722247,0.006647075234900548,0.012114979087112454,0.941141847353057,SVXY,0.3461115243489015,0.003799443420848758
2019-06-18,989888.6163159541,-0.0018962051144531893,-0.0007724430421989226,0.9181817950624408,SVXY,0.34670055633078267,0.0005890319818811496
2019-06-25,1014930.4092008867,0.025297586488195033,0.01950083924263457,0.950934572931627,SVXY,0.3731401374061496,0.026439581075366925
2019-07-02,1015056.8301593867,0.000124561208683758,0.007353691549052854,0.8783967439278904,SVXY,0.36730970913535665,0.005830428270792942
2019-07-10,1017180.3995873771,0.002092069492953449,-0.0029131897305223475,0.8578011911072347,SVXY,0.3686338825033887,0.0013241733680320333
2019-07-17,1032073.3900730776,0.014641444616650052,0.012426851043642273,0.8830594523715023,SVXY,0.37046142162855145,0.0018275391251627582
2019-07-24,1014430.2494113751,-0.017094850842393414,-0.01330287038806166,0.8289834716324801,SVXY,0.37023675494615377,0.0002246666823976784
2019-07-31,980565.2870432743,-0.03338323397567372,-0.03180584053885249,0.9532821398399001,SVXY,0.37216205704110755,0.0019253020949537847
2019-08-07,956623.6864654605,-0.024416120878606232,-0.01413310769563747,0.9994871677496494,SVXY,0.38292432882332866,0.010762271782221111
2019-08-14,922604.5565571126,-0.035561663786563814,0.03011569460396224,1.037558740519447,VXX,0.20627992182827312,0.5892042506516018
2019-08-21,903351.981419074,-0.02086763500267496,-0.012172582022366929,0.8916479008454227,SVXY,0.3653282444226501,0.5716081662509233
2019-08-28,918054.9477425637,0.016276010487509863,0.03091104628320762,0.9650873375447846,SVXY,0.3399992103954679,0.02532903402718223
2019-09-05,930207.3454387215,0.013237113667368012,0.011651664861592748,0.8998894096471121,SVXY,0.3344101659647201,0.005589044430747758
2019-09-12,938686.7096529199,0.009115563595339226,-0.0006971104469079004,0.8459250873766535,SVXY,0.33097721928418167,0.003432946680538451
2019-09-19,926725.4568713162,-0.012742539825695802,-0.00899567510222865,0.8368075893159401,SVXY,0.33088697250902477,9.024677515689916e-05
2019-09-26,914951.3673043824,-0.012705046008646267,-0.02215518747237355,0.8868652842459852,SVXY,0.32949304967572274,0.0013939228333020304
2019-10-03,919647.6228190856,0.005132792498621288,0.009710013314385257,0.9666329714610319,SVXY,0.3220190061604383,0.007474043515284412
2019-10-10,939668.7863280236,0.02177047274646913,0.02059791409519729,0.935071784924983,SVXY,0.31060025538851743,0.011418750771920894
2019-10-17,945137.5737927321,0.0058199096791105446,0.0036416730426485078,0.8388077563188172,SVXY,0.30411605787649804,0.006484197512019396
2019-10-24,949404.799783279,0.004514925772576098,0.009854772016618663,0.8436923100398137,SVXY,0.3060724753372468,0.0019564174607487606
2019-10-31,955905.6621495698,0.006847303034253544,0.015989042271308485,0.8236760682519487,SVXY,0.34591384466831626,0.039841369331069465
2019-11-07,963402.5207612249,0.007842676226853456,0.0044454682316052985,0.8056961638330368,SVXY,0.3646583687484938,0.018744524080177516
2019-11-14,968229.4123420035,0.005010254256927472,0.0023261501139597573,0.8365384533090237,SVXY,0.4369535630842602,0.07229519433576642
2019-11-21,985684.5057809788,0.018027848789218263,0.01302058596323663,0.8299620965692319,SVXY,0.5077637357958114,0.07081017271155116
2019-11-29,981218.441536925,-0.004530926699020462,0.0017820427296337815,0.8136685815167713,SVXY,0.5356885294600934,0.02792479366428202
2019-12-06,996773.8529981698,0.015853158484138933,0.007780965292748965,0.8402221255277861,SVXY,0.4782366891437049,0.0574518403163885
2019-12-13,1003004.9166606307,0.006251231052779685,0.01571554046861401,0.8265707025627689,SVXY,0.45539899906586273,0.022837690077842143
2019-12-20,991769.177395919,-0.011202077954033966,0.0010908394745681171,0.8165796656711601,SVXY,0.4696733221503451,0.014274323084482343
2019-12-30,1003634.9821037013,0.011964280578812153,0.005139189600080307,0.8884891740814653,SVXY,0.5081698396436212,0.038496517493276095
2020-01-07,1028082.5461926357,0.024359019489028022,0.014625322396959017,0.869482992456893,SVXY,0.5264863262184611,0.018316486574839974
2020-01-14,1027312.731362236,-0.0007487869852966579,0.011879562332990368,0.8463114790139867,SVXY,0.5509924817269927,0.024506155508531524
2020-01-22,1000784.3465092045,-0.025823085846365716,-0.014244873762249477,0.8618157704886557,SVXY,0.5534843316699788,0.002491849942986124
2020-01-29,1008107.838345655,0.007317752183070411,0.01910430675135144,0.9624191854848871,SVXY,0.4642871374258957,0.08919719424408307
2020-02-05,1019724.2717426409,0.011523006721234082,0.013700047937645232,0.9404096241185469,SVXY,0.4164870117050242,0.0478001257208715
2020-02-12,1009712.811049772,-0.009817811510713545,-0.001393192832632617,0.8945312550931704,SVXY,0.4123555979226752,0.004131413782349047
2020-02-20,919582.8611280859,-0.08926295569923529,-0.11704997730580569,0.9373494013280891,SVXY,0.4087722748524378,0.0035833230702373986
2020-02-27,951984.6226775068,0.03523528212528057,0.01663799308322944,1.308823520974492,VXX,0.16834889339349957,0.5771211682459374
2020-03-05,1061425.8322555958,0.11496111068504426,-0.17969323263461223,1.2164568407466358,VXX,0.14834121024577707,0.0200076831477225
2020-03-12,1099383.767697447,0.03576126968870553,-0.0306315268251125,1.3184835605812761,VXX,0.11579203237988274,0.03254917786589433
2020-03-19,1073977.3292293912,-0.023109708560885,0.09241168181412585,1.0364185797443588,VXX,0.08736504053507702,0.028426991844805724
2020-03-26,1077319.3794734175,0.0031118443127885957,-0.03587287889808466,1.225145589040886,VXX,0.08173507811247026,0.005629962422606757
2020-04-02,1066818.3811037831,-0.009747340082907658,0.10471319473273866,1.076321367200426,VXX,0.07971298670920536,0.0020220914032648973
2020-04-09,1061720.2234103652,-0.004778843131801984,0.03033802354850379,1.0261018848230097,VXX,0.07881715545476882,0.000895831254436541
2020-04-17,1066947.2769893403,0.0049231930067087344,-0.012803449367375208,1.023336984309806,VXX,0.07784954386898112,0.0009676115857877032
2020-04-24,1066091.739821881,-0.0008018551487130088,-0.000635759987842377,0.950277677867442,SVXY,0.15140617741270995,0.22925572128169108
2020-05-01,1079336.5869195932,0.012423740474647242,0.0341240721915399,0.9794573987643476,SVXY,0.15104845464804179,0.0003577227646681669
2020-05-08,1073421.4995079548,-0.005480299179443184,-0.021064158084131646,0.8843236435519799,SVXY,0.14995489540042206,0.0010935592476197242
2020-05-15,1077427.291339149,0.003731797651743106,0.03199643207763114,0.9240800040766747,SVXY,0.14656174185602408,0.003393153544397981
2020-05-22,1079090.4600980752,0.0015436482557064808,0.03422038581893694,0.892834465123581,SVXY,0.1493395989155608,0.0027778570595367313
2020-06-01,1088413.242891529,0.00863948217335411,0.05776457570219207,0.9130012766034883,SVXY,0.15374428699037473,0.004404688074813923
2020-06-08,1058066.7319017758,-0.027881423887432033,-0.04996921316385172,0.9191595276377739,SVXY,0.17121854133614164,0.01747425434576691
2020-06-15,1065131.7641852468,0.006677303113738585,0.016078629808103928,0.9442767290065472,SVXY,0.20471327991418778,0.033494738578046135
2020-06-22,1061509.8597881,-0.0034004284905701423,-0.019831483227749414,0.9413333468967013,SVXY,0.21996528643149185,0.015252006517304073
2020-06-29,1068836.4013336676,0.006902000464724823,0.03061178509154794,0.9371866950648436,SVXY,0.22567626772213475,0.0057109812906429025
2020-07-07,1068295.3273451822,-0.0005062271343024674,0.01638108450427711,0.9176800930847995,SVXY,0.22788796879194217,0.00221170106980742
2020-07-14,1082585.5941956544,0.01337670069753533,0.019095385070661663,0.9066338824536704,SVXY,0.22961475092731484,0.0017267821353726676
2020-07-21,1083574.1055614594,0.0009131022721020634,-0.01181493908643727,0.842891100487115,SVXY,0.23650754458259202,0.006892793655277174
2020-07-28,1090456.4637116226,0.00635153434807959,0.027680126408008654,0.84518273128392,SVXY,0.24237566958694137,0.005868125004349356
2020-08-04,1093205.0507037092,0.002520583887165232,0.008301254379867729,0.8167755278188993,SVXY,0.24856319985953243,0.0061875302725910575
2020-08-11,1108100.999982713,0.013625942607395754,0.017548195502782082,0.8237915880629139,SVXY,0.26968425072012997,0.02112105086059754
2020-08-18,1107598.395609221,-0.0004535727099785188,0.016182348638914323,0.7864716610188923,SVXY,0.2737459480279406,0.004061697307810641
2020-08-25,1090331.0609633406,-0.015589887737588003,0.02464268074401632,0.7893228522782736,SVXY,0.27603648526931296,0.002290537241372348
2020-09-01,1089276.8151497124,-0.0009669043205066997,-0.03632982304250876,0.8137072299330871,SVXY,0.2770516558043597,0.0010151705350467388
2020-09-09,1105163.641232884,0.014584746376877684,-0.0028550722418612118,0.8969489546695898,SVXY,0.40368011656570313,0.12662846076134343
2020-09-16,1089760.2567119224,-0.013937650449464743,-0.04394211262737413,0.8518155438495524,SVXY,0.3929382941263859,0.010741822439317206
2020-09-23,1105842.999196572,0.01475805562333067,0.03796811170886416,0.8587740676686972,SVXY,0.4189640900619432,0.02602579593555726
2020-09-30,1108723.090217982,0.0026044303065647363,0.01752802286791777,0.8334387278104939,SVXY,0.420506977624219,0.0015428875622758298
2020-10-07,1135697.0065698896,0.02432881265835677,0.021041133711173776,0.9140064745475825,SVXY,0.4532264517674567,0.03271947414323767
2020-10-14,1126820.6560865464,-0.00781577342547749,-0.014945250803929944,0.9348441867032269,SVXY,0.45930793777250445,0.006081486005047765
2020-10-21,1071851.2734254946,-0.048782725417868024,-0.0468884268657358,0.9675784879421557,SVXY,0.4592772428983413,3.069487416312855e-05
2020-10-28,1026100.2795531753,-0.04268408780828819,0.0516744655584227,1.0670198352131623,VXX,0.21652230408344003,0.6757995469817814
2020-11-04,1056226.284593285,0.029359708442169532,0.03821993849737959,0.9863242210249371,SVXY,0.36102568251509554,0.5775479865985356
2020-11-11,1054815.886670378,-0.0013353179555176508,-0.0010933595826003728,0.9153005462446786,SVXY,0.34910995326747607,0.011915729247619467
2020-11-18,1070302.9842336653,0.014682275607521967,0.017907182364664154,0.9033725162547449,SVXY,0.334875873303195,0.014234079964281054
2020-11-25,1069769.7111547159,-0.0004982449706344205,0.011112229541163865,0.8701883674696927,SVXY,0.3389269207792149,0.0040510474760198645
2020-12-03,1069419.2594147134,-0.0003275954968141746,0.00010909364870648197,0.8664495581994908,SVXY,0.38525638578568544,0.04632946500647056
2020-12-10,1076024.6711023783,0.006176634308306689,0.015024480842427801,0.8990020416625868,SVXY,0.39050625642284725,0.005249870637161813
2020-12-17,1073935.8000894333,-0.0019412854268526384,-0.004478416977533595,0.8719682162149208,SVXY,0.38435646393612166,0.0061497924867255915
2020-12-24,1056066.9246452223,-0.016638681234691043,-0.0005689671358241055,0.8486401251256749,SVXY,0.3729914554194769,0.011365008516644737
2021-01-04,1067852.6428173701,0.011160010693552533,0.02684455021462484,0.9543524095867149,SVXY,0.3688820860570517,0.00410936936242523
2021-01-11,1071280.4205047782,0.0032099725654697263,-0.00010570901588546899,0.9018726305480091,SVXY,0.3558360235222203,0.01304606253483137
2021-01-19,1067423.1784168861,-0.003600590484118662,0.01357462882057403,0.8707380781601297,SVXY,0.35310228319598913,0.0027337403262311932
2021-01-26,1045871.3010636707,-0.020190565268762006,-0.005836758975971579,0.8560803637141562,SVXY,0.36911299528555713,0.016010712089568002
2021-02-02,1063917.28561695,0.017254498268502044,0.022801717911455244,0.8705721707965701,SVXY,0.3367447427229498,0.032368252562607336
2021-02-09,1072457.2644466353,0.008026919897944157,0.005483865778816321,0.7978605191365248,SVXY,0.339155915955017,0.0024111732320671875
2021-02-17,1085228.2255900246,0.011908130577099472,-0.0015800267994791062,0.7812499870048015,SVXY,0.3509182907605055,0.011762374805488529
2021-02-24,1066567.153144489,-0.017195528097686465,-0.02641890965685567,0.8242564950047945,SVXY,0.3431153097035789,0.007802981056926617
2021-03-03,1076824.343620334,0.009617013280039834,0.021394013195400463,0.9263632937889205,SVXY,0.30062411378785114,0.04249119591572775
2021-03-10,1099773.448852735,0.021311837319023703,0.019713437480570084,0.8455771817051239,SVXY,0.29507776294144866,0.005546350846402481
2021-03-17,1097980.770416993,-0.00163004338540119,-0.021323029551973627,0.8052763910406687,SVXY,0.2939947634979827,0.0010829994434659596
2021-03-24,1113749.1275858479,0.014361232540408133,0.022734394766564803,0.8688525038680484,SVXY,0.28906274473001586,0.004932018767966839
2021-03-31,1129563.6817307111,0.014199386336798262,0.030757009204430474,0.875846498990483,SVXY,0.2870747568132702,0.0019879879167456482
2021-04-08,1135305.3110454213,0.005083050568616844,0.017991866259990275,0.8232151839401061,SVXY,0.29612093605321876,0.009046179239948549
2021-04-15,1126424.4505591851,-0.00782244247413808,-0.008656473800643605,0.7981695333399668,SVXY,0.30008681400461906,0.003965877951400298
2021-04-22,1139436.4899792564,0.011551630838279153,0.018895432570157578,0.8308169939677983,SVXY,0.2977877079268687,0.002299106077750357
2021-04-29,1136551.8311700195,-0.002531653878567113,-0.002356505966950473,0.8263726443773894,SVXY,0.35905465298029626,0.06126694505342756
2021-05-06,1104933.3484648317,-0.027819657527310648,-0.020975360640671292,0.8404936058052441,SVXY,0.3631122759039675,0.0040576229236712336
2021-05-13,1118301.2267532719,0.012098357160649595,0.012186835589063527,0.9156769180991602,SVXY,0.3065025362866037,0.05660973961736382
2021-05-20,1143977.3869541392,0.022959967839266418,0.00965608028408882,0.868122660223497,SVXY,0.2879734900607869,0.018529046225816803
2021-05-27,1146875.1883180682,0.002533093221050828,0.007894264776520554,0.8242245303447343,SVXY,0.31982232994887155,0.03184883988808468
2021-06-04,1161276.6595659482,0.012557139080670389,0.004046562208898097,0.7963142292919713,SVXY,0.325082736675879,0.0052604067270074495
2021-06-11,1137864.2667622855,-0.020160908781559097,-0.018930966023253393,0.7968431825297737,SVXY,0.3241556141303307,0.0009271225455482757
2021-06-18,1172108.6175121844,0.030095286186760092,0.028174130350425264,0.9027475136259387,SVXY,0.3410502133562898,0.016894599225959095
2021-06-25,1172987.4661402365,0.0007498013536642589,0.016666221468710773,0.8221052571346885,SVXY,0.32826254232133684,0.012787671034952985
2021-07-02,1170639.4453715365,-0.002001744124705998,0.007746987355887303,0.7808290305984192,SVXY,0.32995032419986237,0.0016877818785255294
2021-07-12,1135280.7518989432,-0.0302045976772731,-0.02770655288214119,0.7903226197388032,SVXY,0.31458885960397376,0.015361464595888608
2021-07-19,1162230.5002820091,0.02373839980814271,0.03776744945091948,0.9036144716747616,SVXY,0.31738928204304045,0.0028004224390666965
2021-07-26,1153466.7915022844,-0.007540422297985089,-0.007777564138491289,0.8086476590980136,SVXY,0.2907294012930774,0.02665988074996306
2021-08-02,1172588.4258072563,0.01657753343732392,0.010375087433446506,0.8442516151230162,SVXY,0.2936068539109705,0.002877452617893128
2021-08-09,1184102.8877570278,0.009819696064153496,0.01094687742441014,0.7860836367425463,SVXY,0.33951084296482215,0.045903989053851624
2021-08-16,1177662.9046150595,-0.005438702336219363,0.0006489202596586807,0.7810078156939312,SVXY,0.3821863995739786,0.04267555660915645
2021-08-23,1186667.2985713913,0.007645985893794477,0.01111209586140105,0.8089622170443906,SVXY,0.3672068669300418,0.01497953264393681
2021-08-30,1185765.0338402216,-0.0007603350427335557,-0.0017026008760874234,0.7936274920001215,SVXY,0.36457148758707897,0.002635379342962818
2021-09-07,1178105.5857193691,-0.006459499059477746,-0.016147652542533475,0.8425452304281719,SVXY,0.3753305013519507,0.010759013764871705
2021-09-14,1157709.4769554837,-0.017312632255648896,-0.02060215206163396,0.8629711637635212,SVXY,0.3712823341008653,0.004048167251085366
2021-09-21,1163727.8169900626,0.005198489046151644,0.00020753758494396202,0.9564193665909942,SVXY,0.36494762152560983,0.0063347125752554745
2021-09-28,1169873.6134915315,0.005281128810141168,-0.0014293483403777785,0.967540546635149,SVXY,0.34944899933047696,0.015498622195132872
2021-10-05,1185165.4568300599,0.01307136357481315,0.0012006066761125478,0.9216788695158983,SVXY,0.3493477989559602,0.00010120037451677444
2021-10-12,1206178.4840628838,0.01773003685833624,0.03925087494301027,0.8889386676798193,SVXY,0.3489803004416031,0.0003674985143570786
2021-10-19,1214162.3884421196,0.006619173268903575,0.011805708784186741,0.7857857942427091,SVXY,0.4044855053268495,0.055505204885246406
2021-10-26,1224019.5789475222,0.008118510834494079,0.013027375834653299,0.7946294906630024,SVXY,0.40669512379060463,0.002209618463755114
2021-11-02,1214925.3046692908,-0.00742984379878226,0.011863753844653546,0.7975124568367487,SVXY,0.41277408617177913,0.006078962381174502
2021-11-09,1227098.8498806767,0.010019994780419494,0.004065439516150127,0.8304530973079213,SVXY,0.4069682369744496,0.005805849197329516
2021-11-16,1217699.0307007553,-0.007660197204842466,-0.0023226887343250624,0.7832536429675097,SVXY,0.4384426033154452,0.031474366340995596
2021-11-23,1126057.1896137267,-0.07525820319844634,-0.037783925507039906,0.8632516036595944,SVXY,0.4529205687332511,0.014477965417805883
2021-12-01,1093443.6896531188,-0.028962560926230854,0.04221980977955386,1.0107177627117132,VXX,0.1340232679065019,0.586943836639753
2021-12-08,1099492.2843186758,0.005531692873435355,0.002300289270924738,0.8421498233301113,SVXY,0.2546185490127059,0.38864181691920785
2021-12-15,1098266.2616968306,-0.0011150806961822202,-0.002692139574901331,0.827897062109986,SVXY,0.2614207393663592,0.006802190353653259
2021-12-22,1110781.50591244,0.011395455411944623,0.018110332053036693,0.7907470111660045,SVXY,0.260389794645823,0.0010309447205361644
2021-12-30,1104606.6238621348,-0.0055590429057719,-0.01726314920465477,0.7920475588856865,SVXY,0.26591739706165574,0.005527602415832722
2022-01-06,1108956.757552372,0.003938174546724695,-0.007287450122311245,0.8344681110787899,SVXY,0.26279637705423536,0.003121020007420372
2022-01-13,1077279.9835535286,-0.02856448079071972,-0.057154375561140114,0.8675779409792512,SVXY,0.26360810312174854,0.0008117260675131743
2022-01-21,1077784.9387522305,0.0004687316263284046,0.009064253323967986,0.9632721083990461,SVXY,0.2577523469448156,0.005855756176932958
2022-01-28,1086713.3583999425,0.008284045663180842,0.015273277975831334,0.9597501783589389,SVXY,0.2533564130915043,0.0043959338533112735
2022-02-04,1071231.4466216147,-0.0142465459347285,-0.01836409327691524,0.8845714024135045,SVXY,0.23871372784844283,0.014642685243061476
2022-02-11,1067828.4581551338,-0.0031767070292915106,-0.014144260217334281,0.9490114700921052,SVXY,0.23269273110395688,0.006020996744485946
2022-02-18,1064569.9296568688,-0.0030515467848596708,0.005526958224991718,0.949692014103414,SVXY,0.21673270970046699,0.0159600214034899
2022-02-28,1091087.8391533473,0.02490950454051036,-0.03939254469108744,1.016863406625055,VXX,0.13502680808558976,0.35175951778605674
2022-03-07,1092807.7532558972,0.0015763296416945486,-0.005793588280499362,1.0198656701490987,VXX,0.1408622700941443,0.005835462008554532
2022-03-14,1125898.9420912548,0.030280887682912438,0.06899391458011839,0.9534814150283045,SVXY,0.28484251205429634,0.42570478214844065
2022-03-21,1139683.4755899084,0.012243135669929685,0.025923434874765894,0.8919636631998182,SVXY,0.2800583282827462,0.0047841837715501545
2022-03-28,1151059.7882658606,0.009981993175836788,0.001952156492512458,0.811827912035417,SVXY,0.2837692087566998,0.003710880473953626
2022-04-04,1129437.0320077615,-0.018785085256670435,-0.03695280874699092,0.8063395198069826,SVXY,0.28361275858764806,0.00015645016905174725
2022-04-11,1144295.2831080041,0.013155448846784771,0.01163844713789386,0.902592623675311,SVXY,0.27723095100317885,0.006381807584469212
2022-04-19,1104156.615873202,-0.035077193646889986,-0.06502778202190518,0.8527534435216628,SVXY,0.27851177567737706,0.001280824674198211
2022-04-26,1107913.7668705808,0.0034027337638216776,0.0006727760450699893,1.0114665381748296,VXX,0.14399315106078353,0.4225049267381606
2022-05-03,1087818.0415334443,-0.018138347891369717,-0.04152464818125867,0.9493671050638343,SVXY,0.27547834607807553,0.41947149713885906
2022-05-10,1109569.9514063383,0.019995908361872095,0.023127879470293378,0.9711510301142096,SVXY,0.2530190418689597,0.02245930420911585
2022-05-17,1097460.7684323494,-0.01091340204251283,-0.035339969302643603,0.9199858868306959,SVXY,0.27325988486433667,0.020240842995376984
2022-05-24,1110962.6785359746,0.012302863566514438,0.03985877709700092,0.9580351653290924,SVXY,0.26004818167181193,0.013211703192524737
2022-06-01,1118851.050200452,0.007100483046714684,0.003979640860561684,0.9267677189905666,SVXY,0.27257540968348654,0.012527228011674607
2022-06-08,1093717.3127278304,-0.02246388155788817,-0.07786587330111738,0.9027881785209266,SVXY,0.2787463313677263,0.006170921684239772
2022-06-15,1097450.8531701113,0.0034136247079869634,0.0013002405389572758,0.9623131961814608,SVXY,0.2701296136580712,0.008616717709655108
2022-06-23,1098956.2526961134,0.0013717238650401455,-0.002142453440021952,0.9622391097439358,SVXY,0.26427470659536406,0.0058549070627071376
2022-06-30,1109998.978798785,0.010048376425885817,0.03027166937476955,0.9663412981886415,SVXY,0.26773404719489846,0.0034593405995343995
2022-07-08,1113588.7503256442,0.003234031377888148,-0.00910794912231716,0.9025641054304103,SVXY,0.27477712514771,0.007043077952811561
2022-07-15,1119877.8611052488,0.005647606244015533,0.025861336803680413,0.8947562633124377,SVXY,0.28050501526879484,0.005727890121084822
2022-07-22,1133370.1440783383,0.012047995090976628,0.04277498756320752,0.8867925027168886,SVXY,0.2966046066273926,0.01609959135859773
2022-07-29,1137337.5926885325,0.0035005762512128696,0.0035924848589419245,0.8965951703593383,SVXY,0.3151347750497024,0.018530168422309812
2022-08-05,1148205.0107490767,0.009555138360330404,0.03296481770370008,0.8746897994870194,SVXY,0.3874520546293527,0.07231727957965034
2022-08-12,1143412.4403664896,-0.00417396748639899,-0.011613158152016578,0.8378378864907428,SVXY,0.3933524056740766,0.005900351044723862
2022-08-19,1120830.424471177,-0.01974966783470938,-0.03986823941275752,0.8470394999985883,SVXY,0.46721561314640897,0.07386320747233238
2022-08-26,1123135.3669790034,0.0020564596191382277,-0.032246941579271104,0.9623493968332986,SVXY,0.4398531656424222,0.027362447503986753
2022-09-02,1137179.2391278495,0.01250416696129968,0.04775134564848238,0.9618579967393558,SVXY,0.41267795996934953,0.02717520567307269
2022-09-12,1121867.8062455151,-0.01346439712887943,-0.05067021085502732,0.9408750512266312,SVXY,0.5005203748096193,0.08784241484026978
2022-09-19,1079250.8206046224,-0.03798752883685678,-0.06238557774112119,0.9537208445239711,SVXY,0.5048911116570644,0.004370736847445045
2022-09-26,1071416.057608468,-0.007259445947666832,0.006313151426305064,1.0154232879039757,VXX,0.3225420225039538,0.8274331341610182
2022-10-03,1054519.1036509774,-0.015770674554949887,-0.01797554075473906,0.9807754922671588,SVXY,0.4703779122271778,0.7929199347311315
2022-10-10,1060613.7571356033,0.005779557206241988,0.018887992769935025,0.991445194524505,SVXY,0.45627410173834876,0.014103810488829027
2022-10-17,1071874.0665547403,0.0106167861234871,0.03284992992158298,0.9883428186971367,SVXY,0.4657374272918187,0.009463325553469959
2022-10-24,1104011.0825957393,0.029982081891667556,0.019373197818692622,0.9841741001172519,SVXY,0.47837691395485554,0.012639486663036825
2022-10-31,1111845.6925688428,0.0070964957658604475,-0.01620886391840015,0.9613669794732587,SVXY,0.48130531411964,0.0029284001647844615
2022-11-07,1113053.0308799436,0.001085886575061794,0.03992653665774881,0.927265809948036,SVXY,0.48903154412607897,0.007726230006438961
2022-11-14,1129424.3034575055,0.014708438972237801,-0.0013413501659119698,0.9081515615915595,SVXY,0.4714091767878485,0.01762236733823047
2022-11-21,1138060.8464542879,0.007646854216208463,0.001621857833272733,0.9045307941522479,SVXY,0.5072400355034447,0.03583085871559616
2022-11-29,1146679.4637385933,0.007573072486552279,-0.0035421909632270543,0.8880324433430398,SVXY,0.5421914471834463,0.0349514116800016
2022-12-06,1155826.617291742,0.007977079770248821,0.020668687317687562,0.8968446881920842,SVXY,0.5491698450515083,0.006978397868062092
2022-12-13,1155663.0839473573,-0.00014148605157393427,-0.0489651191385021,0.928365516143126,SVXY,0.5889837740884163,0.03981392903690795
2022-12-20,1159850.2358546571,0.003623159695469526,-0.01019619867838828,0.8803278638547032,SVXY,0.5836779965056131,0.005305777582803151
2022-12-28,1174694.4304802096,0.012798371864462728,0.007221649135989994,0.9007322806496687,SVXY,0.5826722279715808,0.0010057685340323363
2023-01-05,1213708.0822405522,0.033211744899815356,0.04633869851705574,0.9331117311689139,SVXY,0.6246877503513875,0.04201552237980666
2023-01-12,1217481.4129711133,0.003108927744466595,-0.002720691899471328,0.8725671913937743,SVXY,0.6301078719746713,0.005420121623283869
2023-01-20,1247356.870337285,0.02453873796172749,0.02475474060139282,0.9139042821822282,SVXY,0.6002168813359319,0.029890990638739456
2023-01-27,1244952.841044467,-0.0019272987145756188,0.016441768412347235,0.9042501636434367,SVXY,0.60168662343073,0.00146974209479811
2023-02-03,1216479.9927767604,-0.02287062395377084,-0.010452212750490575,0.8820981384993903,SVXY,0.5885347116553612,0.013151911775368785
2023-02-10,1231638.5384968976,0.01246099057127609,-0.0019117222496983777,0.9104213472834534,SVXY,0.5889653112630885,0.0004305996077272889
2023-02-17,1226748.8588073985,-0.003970060644145212,-0.02340034760758425,0.9196141496002629,SVXY,0.5483209856630624,0.040644325600026066
2023-02-27,1257510.6829399706,0.025075893824329766,0.01694630995005597,0.9703566750752559,SVXY,0.5161723715116301,0.03214861415143233
2023-03-06,1179594.6349401867,-0.061960545589657884,-0.04724716818104702,0.9309655239335999,SVXY,0.5099018368075129,0.006270534704117203
2023-03-13,1180001.6516061102,0.00034504791211091926,0.02564536632646708,0.995495535486709,SVXY,0.4228246879120251,0.08707714889548779
2023-03-20,1201919.8864050163,0.01857474925486163,0.006984427119351322,0.9342359482455529,SVXY,0.37231529608473707,0.05050939182728803
2023-03-27,1221322.1266978804,0.016142706774655995,0.03647000520435295,0.9007433155022235,SVXY,0.3573791409372868,0.01493615514745028
2023-04-03,1228226.4672257754,0.005653169116457528,-0.002993008267696995,0.8905424534327193,SVXY,0.3542081269848631,0.0031710139524236958
2023-04-11,1246545.7483806093,0.01491523073608084,0.010958730410994821,0.9090909173438995,SVXY,0.3567751949051207,0.0025670679202576263
2023-04-18,1228517.4242827506,-0.01446262531582132,-0.01962785787191046,0.8491422897499352,SVXY,0.360264929632071,0.0034897347269503
2023-04-25,1246880.2099998537,0.014947110520491016,0.011721935691584084,0.8665127279182545,SVXY,0.3628336296861683,0.0025687000540972615
2023-05-02,1245842.4668330813,-0.0008322717438691007,0.00021893465114097843,0.8568675029708679,SVXY,0.34900825075497127,0.013825378931197008
2023-05-09,1252883.8405926605,0.005651897368275049,-0.0016547651037452926,0.8365611252077519,SVXY,0.3381276334450479,0.010880617309923346
2023-05-16,1258567.2629174958,0.004536272350792619,0.009360071908267598,0.8607655549987638,SVXY,0.3455706254954309,0.007442992050382957
2023-05-23,1271547.1434767179,0.010313219596331554,0.00908032015036997,0.879867101450391,SVXY,0.35301795571930794,0.007447330223877058
2023-05-31,1311677.544633428,0.03156029358611431,0.02082080842078926,0.8876794332880955,SVXY,0.3515144534058298,0.0015035023134781222
2023-06-07,1324050.739685768,0.009433107323490678,0.024920818937651745,0.8133022215159617,SVXY,0.3900231201122943,0.03850866670646447
2023-06-14,1340583.5120824291,0.01248650969417126,0.0021765655137273576,0.8232502735450076,SVXY,0.48255456087645215,0.09253144076415787
2023-06-22,1350842.0661721677,0.007652305132265276,0.0036653038008405137,0.7795893879080773,SVXY,0.52570838585787,0.0431538249814179
2023-06-29,1342210.2090268005,-0.006389982486869825,0.0010042269502295031,0.8409937665241842,SVXY,0.5253911761062398,0.0003172097516302985
2023-07-07,1370191.9092838923,0.020847479827605056,0.024467099688047833,0.8602088237002453,SVXY,0.5040756585059262,0.021315517600313583
2023-07-14,1373434.473513136,0.00236650370453461,0.006454767029719255,0.8316707849856949,SVXY,0.4990564942144505,0.005019164291475697
2023-07-21,1385568.6120927273,0.00883488714867714,0.010482524688767647,0.829268335232347,SVXY,0.5006781579759494,0.0016216637614989149
2023-07-28,1340041.5173807752,-0.03285805864437792,-0.022126411979192073,0.8373115489839354,SVXY,0.5391696047233451,0.038491446747395686
2023-08-04,1367843.4695234566,0.020747082670261437,-0.00259620823149731,0.9188608178743466,SVXY,0.5423210918928659,0.00315148716952085
2023-08-11,1339907.1681853342,-0.020423609835893853,-0.020531659019121018,0.8451025400866367,SVXY,0.5255687846713477,0.016752307221518214
2023-08-18,1360424.0252757636,0.01531214816785847,0.007949656433387853,0.899168370211219,SVXY,0.5050609266811862,0.020507857990161527
2023-08-25,1407251.7521491228,0.034421420089127845,0.025501504435909705,0.884875898011955,SVXY,0.5091514108750291,0.004090484193842947
2023-09-01,1415264.8009648563,0.005694111805862972,-0.006072683483559049,0.8316391577468226,SVXY,0.5245194919399103,0.01536808106488119
2023-09-11,1419853.9478926049,0.003242606560001933,-0.0072588324046970465,0.8614232082650819,SVXY,0.5232343366674217,0.001285155272488625
2023-09-18,1378812.922929439,-0.028905103249584414,-0.025697021323950464,0.8679479682833803,SVXY,0.5222497350522964,0.000984601615125258
2023-09-25,1369195.813834679,-0.006974919465018704,-0.011382858131054219,0.9378467918544996,SVXY,0.4935200217109622,0.02872971334133423
2023-10-02,1367980.7037120136,-0.000887462633458159,0.01165434750812211,0.9457572404210794,SVXY,0.4596480941561086,0.03387192755485363
2023-10-09,1367805.331080514,-0.00012819817635128215,0.008674586327351186,0.940988903002751,SVXY,0.43186732092874563,0.027780773227362943
2023-10-16,1337910.9899373169,-0.02185569866114043,-0.035730571253487,0.9159126261803939,SVXY,0.39158437535514334,0.04028294557360229
2023-10-23,1340289.9008835373,0.001778078634612108,-0.011582357945527977,0.9549930104122636,SVXY,0.36608653254924955,0.02549784280589379
2023-10-30,1392184.0303853862,0.03871858578329915,0.048364816575677816,0.9495192655973899,SVXY,0.36994895416094237,0.0038624216116928123
2023-11-06,1401687.2190143203,0.006826100875689179,0.010328444685911542,0.8743393859636842,SVXY,0.35438903556364526,0.015559918597297107
2023-11-13,1418842.1829253596,0.012238795986955436,0.031963571170879446,0.8886212935888285,SVXY,0.3605599035717013,0.006170868008056052
2023-11-20,1435558.8578059983,0.011781912803136573,0.0014746759736217196,0.8546845255609948,SVXY,0.3659051363866581,0.005345232814956802
2023-11-28,1437776.735984134,0.001544958025284709,0.0036711309461858743,0.8326771503259827,SVXY,0.3705966044174197,0.004691468030761592
2023-12-05,1458651.7435413075,0.01451894931578837,0.01642561618528582,0.8253051145364714,SVXY,0.37132680479700514,0.0007302003795854328
2023-12-12,1450513.1067526897,-0.0055795612795545855,0.027289773631173686,0.8138907455778257,SVXY,0.3752899298661068,0.003963125069101681
2023-12-19,1464961.1848747078,0.009960667059647293,0.0035170339885275403,0.8011508604806823,SVXY,0.3896843980581094,0.014394468192002574
2023-12-27,1455817.2099325466,-0.0062417864968506345,-0.019370073617931083,0.8140144029174564,SVXY,0.4048102644495878,0.015125866391478393
2024-01-04,1485428.9021696823,0.020340254281310283,0.019410233749261874,0.8809226501204579,SVXY,0.4300413288091839,0.0252310643595961
2024-01-11,1475596.8104427778,-0.006619025462977851,0.012763768837425582,0.8543955509522432,SVXY,0.48902145044719386,0.058980121638009975
2024-01-19,1489047.2529369006,0.00911525587405333,0.010322673055226383,0.871559632454174,SVXY,0.55493109937539,0.06590964892819612
2024-01-26,1474765.4720855472,-0.009591220710548245,0.014238682352504028,0.8822355598445872,SVXY,0.6003189848496023,0.04538788547421235
2024-02-02,1508176.104463247,0.022654878358693682,0.013856525213353343,0.8872518056427585,SVXY,0.6545829716617764,0.054263986812174037
2024-02-09,1491912.6293000502,-0.010783538550350292,-0.003371890491715379,0.8574270802780024,SVXY,0.6845796500011331,0.029996678339356708
2024-02-16,1510128.9811273185,0.01221006610542255,0.012972605074469623,0.8978562471231175,SVXY,0.5911746517073595,0.09340499829377358
2024-02-26,1517869.1437275219,0.005125497687240812,0.012470648042874677,0.9027594960614568,SVXY,0.5847221209185829,0.0064525307887766115
2024-03-04,1494143.2655773826,-0.01563104319511645,-0.0019909220141922646,0.8857518172411798,SVXY,0.5825998692750302,0.0021222516435527305
2024-03-11,1508030.2529395956,0.009294280998446558,0.006206780019113234,0.9246659242761692,SVXY,0.5710083246382535,0.011591544636776696
2024-03-18,1533655.593114221,0.01699259025120619,0.013473508831570946,0.8834772213527571,SVXY,0.5589509981994136,0.012057326438839833
2024-03-25,1519820.7474059945,-0.009020829559349602,-0.0017891466116769505,0.8576072485200221,SVXY,0.591098157662284,0.03214715946287039
2024-04-02,1514698.8213605871,-0.003370085619734619,0.0009251109544190506,0.9080173721643748,SVXY,0.6086260133630159,0.017527855700731898
2024-04-09,1466793.687199629,-0.03162683794652141,-0.03040527369622581,0.9123020385282099,SVXY,0.5829547975263855,0.025671215836630457
2024-04-16,1503494.2324960327,0.02502093213018376,0.00421031194052035,0.9766454070863063,SVXY,0.5372318227132818,0.04572297481310361
2024-04-23,1507283.3259407526,0.0025201915396971253,-0.007257818190653298,0.940647439647511,SVXY,0.5135740289041725,0.023657793809109373
2024-04-30,1544310.3509055688,0.02456540474346871,0.030200136544000777,0.9433393293904832,SVXY,0.5117089223687402,0.0018651065354322593
2024-05-07,1557030.350902987,0.00823668635644336,0.011911681598009816,0.8849498134466294,SVXY,0.5035502583888112,0.008158663979929037
2024-05-14,1588133.3790580577,0.019975865041444257,0.01540233935598545,0.9129251871034426,SVXY,0.5565147127414704,0.052964454352659174
2024-05-21,1559982.509687873,-0.017725758894937046,-0.009899347939230307,0.8501791984828716,SVXY,0.5637290381902592,0.007214325448788861
2024-05-29,1584141.540548215,0.01548673187699749,0.01628972290207109,0.924271838787188,SVXY,0.5532688542870882,0.01046018390317105
2024-06-05,1601801.257826075,0.011147815284073982,0.012512530878041384,0.8686382494894661,SVXY,0.5545995655103659,0.0013307112232777696
2024-06-12,1580563.3227061278,-0.013258782895932275,0.010418263541693173,0.8526912223396454,SVXY,0.5764182352079832,0.021818669697617254
2024-06-20,1607851.4154147161,0.017264789278969107,0.0020705566026049116,0.8617780573957228,SVXY,0.5754302478905555,0.0009879873174276632
2024-06-27,1621945.824853762,0.008765990006241212,0.015136583176933893,0.8488210614672854,SVXY,0.5704799714280266,0.00495027646252888
2024-07-05,1637489.5170697586,0.009583360909972381,0.009645746970876612,0.8696863561308231,SVXY,0.5969524398569616,0.026472468428934914
2024-07-12,1561852.504649553,-0.046190837640021,-0.01964330164384631,0.8670842127610916,SVXY,0.7268281333319986,0.12987569347503702
2024-07-19,1543221.334484739,-0.011928892202912766,-0.008287807788231238,0.962703997940597,SVXY,0.7792774843120898,0.05244935098009118
2024-07-26,1412968.9957131958,-0.08440288885393925,-0.021196099988294415,0.9506960329028707,SVXY,0.5574148289264248,0.22186265538566496
2024-08-02,1372573.5399725318,-0.028589060243515308,0.00016895058705346244,1.0021422123707657,VXX,0.2523486872885815,0.8097635162150063
2024-08-09,1398729.2695630426,0.019055976841163825,0.04000064708515105,0.9617563997039017,SVXY,0.20056282359211605,0.4529115108806976
2024-08-16,1396504.7618767235,-0.0015903775910931282,0.014107525087947215,0.8309938593224854,SVXY,0.19225656009404346,0.008306263498072591
2024-08-23,1400292.0910956538,0.002712005946789972,0.002757490344782454,0.8719075970878698,SVXY,0.1917898925680688,0.00046666752597465666
2024-08-30,1374878.6702040252,-0.018148657021796053,-0.030638041942601446,0.8605851828669102,SVXY,0.19024408212776892,0.0015458104402998885
2024-09-09,1383123.5257807772,0.0059967877569360286,0.03006901153973396,0.9315134839414119,SVXY,0.1793105177544787,0.010933564373290211
2024-09-16,1387088.3894241673,0.0028666012611940693,0.015239257339304313,0.865219578582814,SVXY,0.1780213375524089,0.0012891802020698062
2024-09-23,1382357.566884896,-0.003410613610020379,0.0071797421993302635,0.8497326040122046,SVXY,0.17779248916225962,0.00022884839014927771
2024-09-30,1363364.5300458646,-0.013739597694561456,-0.010387617063297383,0.870447457852506,SVXY,0.17790332937432088,0.00011084021206125838
2024-10-07,1350971.3470657864,-0.009090146257260581,0.029094605462542056,1.0022133349589561,VXX,0.09140730179548934,0.26931063116981024
2024-10-14,1352553.446324735,0.0011710827638089223,-0.0011808177714727197,0.979125245587716,SVXY,0.1744021211333451,0.26580942292883447
2024-10-21,1348805.6466807493,-0.002770906875561578,-0.004797480391602327,0.9547817597591268,SVXY,0.17822176497505646,0.003819643841711351
2024-10-28,1344672.3132139058,-0.003064439622576549,-0.018972822782873044,0.9816558831019409,SVXY,0.1799881396793229,0.001766374704266438
2024-11-04,1306522.31333728,-0.028371224350892926,0.05080640876831932,1.0190078745114906,VXX,0.1555097861562114,0.3354979258355343
2024-11-11,1303937.7996732264,-0.0019781626671587123,-0.017719951426308667,0.8910714849322857,SVXY,0.3248879193599658,0.4803977055161772
2024-11-18,1307274.4917478848,0.0025589350009599067,0.015948167581629757,0.9063408632732876,SVXY,0.3235887409063646,0.001299178453601224
2024-11-25,1317914.1743042637,0.008138828244214625,0.010677417158985847,0.8654415918886923,SVXY,0.3271357743136134,0.003547033407248823
2024-12-03,1315022.127723044,-0.002194411925758616,-0.001838212162813102,0.818965540528399,SVXY,0.41720475639015814,0.09006898207654473
2024-12-10,1303874.8958656166,-0.008476839759897244,0.002472134240071977,0.8351001582717489,SVXY,0.4293612786708806,0.012156522280722448
2024-12-17,1301909.3915105432,-0.0015074332371193646,-0.0015990488787588353,0.8753447666948508,SVXY,0.43546749666581996,0.006106217994939378
2024-12-24,1281798.1757283031,-0.01544747730785307,-0.02770662321922457,0.8296511526040742,SVXY,0.3164846845339856,0.11898281213183437
2025-01-02,1269356.442397746,-0.009706468277260561,-0.007098474799511867,0.9275737390555634,SVXY,0.3223344268221093,0.005849742288123683
2025-01-10,1294020.358616825,0.01943025252425547,0.02944079063459215,0.9318074179946935,SVXY,0.32630460983879733,0.003970183016688056
2025-01-17,1289511.1948730396,-0.0034846157664823966,0.002995234655629675,0.8779549091891314,SVXY,0.31563176050113245,0.01067284933766488
2025-01-27,1286965.1480769026,-0.001974427834562269,-0.002669348858892695,0.9435951642828495,SVXY,0.31981394045489536,0.00418217995376291
2025-02-03,1297811.178845949,0.008427602554158906,0.011843888114435819,0.9524297476153263,SVXY,0.3218041829631613,0.0019902425082659603
2025-02-10,1303858.9752685437,0.004659997171524209,0.01097796565391862,0.8672518275706572,SVXY,0.3380038443518118,0.016199661388650477
2025-02-18,1287005.9951049737,-0.012925462402940407,-0.028209686050415517,0.8613917308835927,SVXY,0.3446997222902286,0.0066958779384168055
2025-02-25,1259447.2576978381,-0.021413060632159402,-0.029247541436593916,0.9700449145830653,SVXY,0.34481040584527917,0.00011068355505056138
2025-03-04,1285831.416221698,0.02094899835034624,-0.036300042411947286,1.0320456330216128,VXX,0.1710087213230448,0.5158191271683239
2025-03-11,1264295.9015693676,-0.016748318932516482,0.009174097805376924,1.0623520092419847,VXX,0.15517060741722286,0.015838113905821932
2025-03-18,1283639.4221920667,0.015299836532482458,0.02882448554222239,0.9877105799338409,SVXY,0.28644518749652187,0.4416157949137447
2025-03-25,1254688.794774387,-0.022553551189819977,-0.025179921499555724,0.9002624832218393,SVXY,0.35823899568638046,0.07179380818985859
2025-04-01,1142520.3540698597,-0.0893994121663428,-0.11496151120063336,0.9977085592227388,SVXY,0.3534023950025024,0.004836600683878034
2025-04-08,1111481.0949984961,-0.02716735764119768,0.08284314898811584,1.2609638995434864,VXX,0.13327857053497522,0.48668096553747764
2025-04-15,1111559.9943083718,7.098574166548743e-05,-0.004073683662760175,1.038620718594255,VXX,0.10875626012003227,0.024522310414942947
2025-04-23,1105084.8183218418,-0.005825304994499199,0.03571042141295888,1.0153461919397164,VXX,0.10646467060767094,0.0022915895123613306
2025-04-30,1107873.0497129718,0.0025230926575971636,0.011919711404472233,0.9671104102397583,SVXY,0.20815524788254927,0.3146199184902202
2025-05-07,1126762.3479608188,0.017050056640280902,0.04711766312344445,0.9534412352082029,SVXY,0.20789322368139532,0.0002620242011539542
2025-05-14,1120953.0980498963,-0.005155701130265735,-0.008049922115197061,0.9047619488951049,SVXY,0.20120390658606252,0.006689317095332797
2025-05-21,1124354.7638585009,0.003034619213348265,0.012335663070295766,0.9210062215254985,SVXY,0.2022775607980567,0.0010736542119941794
2025-05-29,1125627.907939076,0.0011323330691514204,0.005084309110888974,0.887141515294033,SVXY,0.200157413945555,0.0021201468525016975
2025-06-05,1129875.4519626403,0.003773488551239892,0.018042477124675438,0.875414448504299,SVXY,0.20856719125590628,0.00840977731035128
2025-06-12,1123102.3971204686,-0.005994514555039301,-0.012775408525208642,0.8726392634696917,SVXY,0.212734457114208,0.004167265858301711
2025-06-20,1135005.435267194,0.010598355214309615,0.03471429486724853,0.917259842487617,SVXY,0.20984263481907317,0.0028918222951348216
2025-06-27,1136074.374387963,0.0009417920721387918,0.009383418509256947,0.8390745015249963,SVXY,0.2103860941029204,0.0005434592838472196
2025-07-07,1142933.546245768,0.006037608111265077,0.006653954780071691,0.880257383544139,SVXY,0.2593487856215616,0.048962691518641216
2025-07-14,1148388.8842764255,0.0047731016808255184,0.006337964317369549,0.8669355156580439,SVXY,0.38872225621284406,0.12937347059128246
2025-07-21,1169298.0124481204,0.018207358550731162,0.012993587513907334,0.8534084788929048,SVXY,0.4286160657629575,0.03989380955011346
2025-07-28,1157360.1704223575,-0.010209409319672976,-0.00905896972676401,0.8276431640561408,SVXY,0.43495248984482476,0.006336424081867242
2025-08-04,1168661.3213088096,0.009764592885832547,0.007525693304165637,0.8934217191464727,SVXY,0.4226618162706475,0.012290673574177291
2025-08-11,1188366.3844412542,0.016861226407644404,0.011605249743006363,0.8441558441558441,SVXY,0.4599602207192402,0.037298404448592726
2025-08-18,1201507.278946226,0.011057948690757024,-0.001290155848984731,0.8124660786588476,SVXY,0.4586231503955885,0.0013370703236517123
2025-08-25,1190775.1220031697,-0.008932244632316094,-0.00342430457080789,0.8207546940145031,SVXY,0.5102696391709199,0.051646488775331456
2025-09-02,1214771.9268217124,0.020152255766121813,0.015712240594732307,0.8859649545833501,SVXY,0.5090353611242572,0.0012342780466627623
2025-09-09,1215758.1386998477,0.0008118494149890805,0.0148692746730692,0.8232074211832827,SVXY,0.5073370699963374,0.0016982911279197488
2025-09-16,1218292.2266266688,0.0020843684661911235,0.0076496944301776,0.8651507531656843,SVXY,0.6060453478611123,0.09870827786477487
2025-09-23,1230379.7239299365,0.00992167317420769,0.004478066207344478,0.8559670232774037,SVXY,0.6314531071962924,0.025407759335180136
2025-09-30,1223451.746455074,-0.0056307636903620666,0.004413206492484223,0.8673415178267485,SVXY,0.6077088001705263,0.02374430702576613
2025-10-07,1191584.2879005056,-0.02604717239311126,-0.010297088638399954,0.8746829310966162,SVXY,0.6169638777974386,0.009255077626912245
2025-10-14,1207808.669749433,0.013615807134813498,0.013681015505875749,0.9446209177177791,SVXY,0.48168618000722113,0.13527769779021742
2025-10-21,1212942.741243647,0.004250732440328385,0.023492114946741527,0.8939470257049342,SVXY,0.40587931163777374,0.07580686836944739
2025-10-28,1198621.2728468655,-0.011807208955385179,-0.017203682166793133,0.8398977348892616,SVXY,0.4261120954668188,0.02023278382904503
2025-11-04,1215231.5803805443,0.013857844767119392,0.011492104293485017,0.8924377258313226,SVXY,0.44011565907005923,0.014003563603240454
2025-11-11,1178023.1572885914,-0.03061838063844703,-0.03355777264727289,0.8558692535691933,SVXY,0.42020769369772615,0.01990796537233308
2025-11-18,1151326.466964812,-0.02266227973414887,0.02263365047257615,1.0061124536647985,VXX,0.21472381291766623,0.6349315066153924
2025-11-25,1166520.3907235623,0.013196885674664795,0.013140354322417336,0.8953207851320653,SVXY,0.38618085461722407,0.6009046675348904
2025-12-03,1177151.9024617237,0.009113867037992314,0.005381008866723436,0.815829562182665,SVXY,0.3875491806401007,0.0013683260228766203
2025-12-10,1178551.06943322,0.0011886035851196633,-0.023517657150754046,0.8149870876935799,SVXY,0.3881158069708689,0.0005666263307682051
2025-12-17,1200855.1398964343,0.018924992765855127,0.03130772603168652,0.8774900849691524,SVXY,0.3887548674007821,0.0006390604299131852
2025-12-24,1208406.0413216506,0.006287936966208657,-0.010443595739656364,0.7580191288708604,SVXY,0.3881249629411284,0.0006299044596536629
2026-01-02,1213026.030279202,0.003823209086656336,0.015955073375985007,0.8052164184396787,SVXY,0.3880310348386256,9.392810250280492e-05
2026-01-09,1205247.9330331972,-0.006412143723094333,-0.003472297735142793,0.8104027098006256,SVXY,0.4476174852277123,0.059586450389086665
2026-01-16,1199061.5927608109,-0.005132836242927474,0.0015469844404663036,0.8351764006231677,SVXY,0.5483083127732933,0.10069082754558101
2026-01-26,1201735.1441055029,0.00222970309518136,0.0038688392800121374,0.8468799096474836,SVXY,0.44328115827869624,0.10502715449459704
2026-02-02,1195826.02540284,-0.004917155607578869,-0.002099463981098615,0.8435725061762349,SVXY,0.44593311251992307,0.002651954241226828
2026-02-09,1179010.8622593048,-0.014061546400840884,-0.015995472862596505,0.8641115220755903,SVXY,0.4320030455512661,0.013930066968656951
2026-02-17,1177064.2870599732,-0.0016510239741145693,0.006590004037318797,0.9393518776478259,SVXY,0.4361036398364387,0.004100594285172565
2026-02-24,1156668.7417115262,-0.01732746934272404,-0.010212987650163874,0.9161199202095474,SVXY,0.4750739833675473,0.03897034353110862
2026-03-03,1185347.6324043446,0.024794385512988106,-0.004630215452300135,1.0012743746019606,VXX,0.24072774165115352,0.7158017250187008
2026-03-10,1193775.2352546083,0.007109815399191524,-0.009436252312489346,0.9772638213052859,SVXY,0.36834536911778554,0.6090731107689391
2026-03-17,1173215.3409746143,-0.01722258401147769,-0.023593215080031094,0.9194410566946644,SVXY,0.344830688712271,0.02351468040551452
2026-03-24,1176583.2980707437,0.0028707066627100507,-0.004347959688227765,1.0146837840677356,VXX,0.1718736734517752,0.5167043621640462
2026-03-31,1196175.074823785,0.016651414978579224,0.03947170206866124,0.988258346535471,SVXY,0.3165338723539895,0.48840754580576473
2026-04-08,1209964.379481531,0.011527831458766399,0.035398823675095725,0.927689622240694,SVXY,0.302839567165921,0.013694305188068523
2026-04-15,1209038.094437222,-0.0007655473665315742,0.01610144960605764,0.8743984348360052,SVXY,0.29033189184064967,0.012507675325271306
2026-04-22,1212440.0535223105,0.002813773280379554,0.0005201968625916376,0.890772141251201,SVXY,0.31536162142243196,0.02502972958178229
2026-04-29,1218314.396328148,0.004845058350531793,0.03126842176367539,0.8876828217021524,SVXY,0.3134371702650032,0.001924451157428786
2026-05-06,1216432.2721790336,-0.001544859155228594,0.01155578437141025,0.8454059138379119,SVXY,0.32683672507605677,0.013399554811053593
2026-05-13,1226285.3641179104,0.008099992218412996,-0.0014279408000573701,0.8437205184962384,SVXY,0.3332785856776547,0.00644186060159796
2026-05-20,1242134.36620835,0.012924399617082654,0.012424966563979067,0.8400770877542982,SVXY,0.3375680806056435,0.004289494927988746
2026-05-27,1247216.8797146725,0.004091758222451303,0.0050368796590851694,0.8375321478941401,SVXY,0.34165795509027935,0.00408987448463588
2026-06-03,1223970.825155772,-0.018638341844939215,-0.03819738150666163,0.8127529999958494,SVXY,0.41084266935285346,0.06918471426257411
2026-06-10,1255769.7231539749,0.025980111081615007,0.02140801815012594,0.9707295721206117,SVXY,0.4338547358802704,0.02301206652741694
2026-06-17,1256560.6113065567,0.0006298034886487016,-0.0064352935172034,0.894277390084877,SVXY,0.44463503507165536,0.010780299191384957
2026-06-25,1267095.7004053793,0.008384067592145952,0.00912435287813218,0.9291686896477316,SVXY,0.4776253186163717,0.03299028354471634
