date,capital,period_return,borrow_cost,benchmark_return,turnover,ic,n_long,n_short,ret_value,ret_momentum,ret_quality,ret_low_vol,ret_size
2016-01-04,1023910.3268200863,0.02596225132273173,0.0008333333333333333,-0.04956199956917513,1.9999999999999998,0.023452803427436494,73,73,-0.005330385759019713,0.01472990140788639,0.0429776211023524,0.07349598204833822,-0.0037168402995398087
2016-02-03,1031651.3040686978,0.007859844160747668,0.0008333333333333333,0.046622370958892004,0.2972972972972971,0.066583046122152,74,74,0.04443724418670904,-0.0893848322956188,-0.014961354967090258,-0.07036638170063844,0.06785505507238229
2016-03-04,1038723.3454725476,0.007317891248059089,0.0008333333333333333,0.02373042341027934,0.45945945945945954,-0.0033605777359639625,74,74,-0.018760368687507682,0.028121284503956373,0.022589963170855272,0.037525979464588265,-0.008287961649350152
2016-04-05,1062001.5646562607,0.02260387861688317,0.0008333333333333333,0.004007603771783742,0.1891891891891892,0.12259728529701878,74,74,0.031043971697516395,-0.04077242637087577,0.018142939465331902,-0.02056909653539656,0.03659286002930451
2016-05-04,1053567.2678259022,-0.007544905348235953,0.0008333333333333333,0.025381844045538747,0.4,-0.10041900227196976,75,75,-0.010111089081679844,-0.015541407827199148,-0.010618906499566493,-0.026398838512727594,0.02625807954722177
2016-06-03,1057958.3919926798,0.004432187386261334,0.0008333333333333333,-0.0037461220345684537,0.26315789473684237,0.009087014885613424,76,76,-0.003962522885555268,0.07668155309535479,0.014552197995248753,0.06435353316643665,-0.02365258975677613
2016-07-05,1058567.5289234598,0.0007864583200584338,0.0008333333333333333,0.036603910259633596,0.21052631578947367,0.07755119368041123,76,76,0.02349678176773684,-0.05661703148486971,-0.006009548012371413,-0.06774551330147888,0.015590697370738921
2016-08-03,1056257.5932160942,-0.0018450942194142667,0.0008333333333333335,0.005581863416368381,0.33766233766233744,0.04500928053229996,77,77,0.00965416596644287,-0.04287541437258909,0.006983220325396448,-0.02508994885453322,0.014725338195894607
2016-09-01,1056191.31352634,0.00011909028355938894,0.0008333333333333335,-0.0023950039699854324,0.18181818181818182,-0.00872796382855574,77,77,0.015414574973483315,-0.010967752288339475,-0.004675266617691083,-0.023924789830385505,0.007219417051882725
2016-10-03,1043664.8352352596,-0.011706026849162767,0.0008333333333333335,-0.022353918534419575,0.15584415584415584,-0.057125071676456855,77,77,-0.0006487237250739925,-0.034175276802785225,-0.025560814131225653,-0.0056680601479800335,-0.01060764645450004
2016-11-01,1084826.630716661,0.0396557011932738,0.0008333333333333335,0.039765622854363136,0.2077922077922078,0.19986171049954118,77,77,0.08793307042843326,-0.052637225694271816,0.009898287734657327,-0.0289858273494275,0.028216585826619227
2016-12-01,1078509.2317144459,-0.005539286435785485,0.0008333333333333335,0.03137212779830142,0.2857142857142857,-0.027411023723015227,77,77,0.01146883902586589,-0.016428035906215874,-0.013575835243599507,-0.001406331624090859,0.005218758973843271
2017-01-03,1060632.478070729,-0.016319928097630367,0.0008333333333333335,0.011169633691827526,0.2597402597402597,-0.05922046289115436,77,77,-0.00786703987963231,0.008597685071589659,-0.014629457597974719,0.004880458611363239,0.012900781260466336
2017-02-02,1064404.0445416288,0.00371037679641946,0.000833333333333333,0.04271538920182697,0.15384615384615402,0.0791814358534864,78,78,-0.006302169437773625,0.009690667890860847,0.016400992692612942,0.02936074787228251,-0.03261542958304051
2017-03-06,1055787.4041187032,-0.0072552573722864475,0.000833333333333333,-0.00508434082324484,0.8461538461538461,-0.09284259860783363,78,78,-0.011420858224639244,0.010587770183801762,-0.012093436921791035,0.009942059817123344,0.008262696377867643
2017-04-04,1037726.0521078361,-0.016932782609424903,0.000833333333333333,0.013832431303224818,0.17721518987341767,-0.11729521416791126,79,79,-0.02081335611586584,-0.013628221142533127,-0.012880841668964124,0.02407570191257617,-0.007720772762125202
2017-05-04,1028743.4182489278,-0.00817899588936908,0.000833333333333333,0.021668675194156124,0.4810126582278481,-0.15883976759525253,79,79,-0.02461968899254237,0.04129160093305481,-0.009894036627573762,0.018896808663242236,-0.010274094533318522
2017-06-05,1032735.324730928,0.004312607151066047,0.000833333333333333,-0.00014800280626504772,0.430379746835443,0.11401860564442709,79,79,0.024355529797717317,-0.014588332403963799,0.004513566586341938,-0.034352923230140636,0.001861608759686887
2017-07-05,1029964.4470419539,-0.002556788631119995,0.000833333333333333,0.017111864569741803,0.12658227848101267,-0.02099489044070996,79,79,0.009147352201211288,0.015481455396998405,-0.0037313151596231825,0.0032142671865243574,-0.004287819140513521
2017-08-03,1026366.6188524129,-0.003089345741480634,0.000833333333333333,0.0035569889673235534,0.40506329113924056,-0.07915607987424532,79,79,-0.022871429259485453,0.004581001903998176,-2.030558732205078e-05,0.00480322925385076,-0.011446139256223328
2017-09-01,1043484.1502215139,0.016957457623737,0.0008333333333333332,0.02500286099522892,0.2749999999999999,0.17744597774070325,80,80,0.0306904856647812,-0.012521647551997177,0.02090611339505857,-0.012785640886477767,0.014873409446709021
2017-10-03,1041875.562808457,-0.0014167313284549868,0.0008333333333333332,0.018144979074255642,0.125,-0.026937603789631195,80,80,-0.00268138702311288,0.04874203188688182,0.0038174132865940354,0.0361414012722026,-0.02056251473486557
2017-11-01,1069212.6752068528,0.026443654783718844,0.0008333333333333332,0.02670927866889832,0.2,0.16985454355868349,80,80,0.005876362290658021,-0.02748480087209689,0.04193435892621449,-0.008183345243605117,0.018276189169757002
2017-12-01,1069189.5482181583,0.00027845361228002183,0.0008333333333333332,0.02756971240181523,0.30000000000000004,0.07661747402966039,80,80,0.003631579737453216,-0.026461289783769975,-0.005125030749472679,-0.03670351858489246,0.008776938450272415
2018-01-03,1076584.554176277,0.007017160982317914,0.0008333333333333332,0.018244804593074423,0.1,0.0649459900292464,80,80,-0.013607272867306598,0.021504489029269314,0.014335010502195279,0.011131823704664699,-0.012126846355818836
2018-02-02,1088233.1993457165,0.010971646019294129,0.0008333333333333332,-0.009373849823279544,0.15000000000000002,0.10210175137927029,80,80,0.02142294787105361,-0.0040241593765565215,0.020064633650526534,-0.04869513327546247,0.03636919035234118
2018-03-06,1096057.3759297787,0.007895324455001018,0.0008333333333333332,-0.02289306993606361,0.7,0.024939123762622674,80,80,-0.010011297902748299,0.03540046483040911,0.012372903511200383,0.028867410983471592,-0.012062511807817419
2018-04-05,1106811.2949013752,0.010060853973631241,0.0008333333333333333,0.001429410061334839,0.2469135802469138,0.04843679977830088,81,81,0.002738430865212336,-0.003559177999441043,0.011271279423471968,-0.005418308121763769,0.02467486482602187
2018-05-04,1111832.7638056343,0.004933889904523079,0.0008333333333333333,0.03356309747355012,0.3950617283950617,0.07575736180749046,81,81,-0.0056083188408174445,0.013043354867838433,0.03525349388536468,-0.026980298720265965,0.0021747617755267564
2018-06-05,1098745.633777386,-0.011502291197808266,0.0008333333333333333,-0.0027799676700999403,0.2716049382716049,-0.023656613529449415,81,81,-0.009381439603764231,-0.0496073439239485,-0.012247308227969454,-0.0006576601763455567,0.01679559518920058
2018-07-05,1110616.5354484175,0.010953819940987977,0.0008333333333333333,0.037690446841609326,0.14814814814814814,0.10240995930269911,81,81,0.027347034513014342,0.004528357956637522,0.016471257951467092,0.02034648841867829,-0.016289436011609593
2018-08-03,1104285.0937402262,-0.005455268481857162,0.0008333333333333333,0.02166055207971211,0.24691358024691357,0.02175869770079255,81,81,-0.028632946976037903,0.053247878561652306,0.03183155595668294,0.0007629494068112741,-0.014094265467525114
2018-09-04,1099408.4493379018,-0.004244003986447631,0.0008333333333333333,0.01108553242834015,0.1728395061728395,-0.018566888692514338,81,81,0.005503523020742782,-0.016526983515163882,-0.004043659679008238,0.029719909403495365,-0.030529030796435125
2018-10-03,1119931.6318154454,0.018818413548731122,0.0008333333333333333,-0.06445625894699426,0.14814814814814814,0.04299304318903309,81,81,0.007560302809963093,0.005072418747489945,0.015107179056803633,0.014766489761937663,0.0005103789061325324
2018-11-01,1121066.2377486494,0.0012603276269026822,0.0008333333333333333,0.020948352556069284,0.24691358024691357,-0.009878874430261076,81,81,-0.014265721029829325,-0.008824264457315996,0.0011647062958859353,0.03285317553430357,-0.006447637100285649
2018-12-03,1111668.641670141,-0.007995606776204079,0.0008333333333333332,-0.09548822526630193,0.39024390243902424,-0.031671537517261164,82,82,-0.016757672209951988,0.011489824342986019,0.010615994807400747,0.026155017946403337,-0.03609080244296591
2019-01-04,1095437.5174802917,-0.014480500170505414,0.0008333333333333332,0.07886246987352455,0.12195121951219513,-0.06093299116241723,82,82,-0.005239570161507194,-0.028141855888806137,-0.017057932186546745,-0.02415581219425156,0.03618942116377893
2019-02-05,1080055.1069527133,-0.013825775513423566,0.0008333333333333332,0.006969470514844964,0.21951219512195125,-0.08422937999764743,82,82,-0.030601169472038385,0.023698087018353062,0.0038598893908423585,0.02141548305029305,-0.010110553799104959
2019-03-07,1082760.6448270674,0.0032786122678489012,0.0008333333333333333,0.052525760584850596,0.7710843373493976,-0.019367455631978826,83,83,-0.00549773966971159,-0.019801039132081193,-0.005578000226752799,-0.02037391204549365,0.024100170002185853
2019-04-05,1070340.7117801264,-0.011184694859969783,0.0008333333333333333,-0.002220544596573941,0.28915662650602414,-0.098863105261287,83,83,-0.018248706006222675,0.009310064552353255,-0.0064818680695374695,0.019800832228504827,-0.014766368757470262
2019-05-07,1039502.319929211,-0.02843717422224654,0.0008333333333333333,-0.010930678943805032,0.3855421686746988,-0.16707352027392203,83,83,-0.05123287264604088,0.07748117062174012,0.002816377852862156,0.06857938892573018,-0.037946909160017916
2019-06-06,1046950.4756619236,0.007404975316536206,0.0008333333333333331,0.04619105355238753,0.23809523809523828,0.025894519753323218,84,84,0.017723577603945793,-0.017106643021300477,-0.015544094509656856,-0.015506932529304511,0.0008556242489567659
2019-07-08,1049585.1379843557,0.00263587235030944,0.0008333333333333331,-0.03086040106245813,0.11904761904761904,-0.012458434692577961,84,84,-0.002284579329690313,0.01724296295582203,0.008818263414611956,0.034450131875536874,-0.015165750500580453
2019-08-06,1056046.791266606,0.006635738288479137,0.0008333333333333331,0.034223542423606694,0.47619047619047616,-0.041423618141204294,84,84,-0.015741723743810082,0.034718044279381605,0.017627653709710513,0.03358557715279137,-0.023436479235559714
2019-09-05,1062089.1505278887,0.006076763508143049,0.0008333333333333331,-0.007112189459422602,0.35294117647058815,0.07121472071508664,85,85,0.024997159767964926,-0.030048236805137955,-0.0024382354994172076,-0.0010900332513511888,0.01882081453687863
2019-10-04,1086025.146079741,0.02263295815832327,0.0008333333333333331,0.04328265328912061,0.09411764705882353,0.18528448497794517,85,85,0.0744039872480483,-0.11748890973486034,-0.010175779829014034,-0.0827758365269326,0.04185730327023593
2019-11-04,1071196.857532672,-0.013375148441872523,0.0008333333333333331,0.013218647292894596,0.2823529411764706,-0.09630850944664154,85,85,-0.035154244607390216,0.009170713711972698,0.011455777061241365,0.009225500318834807,-0.014150533844099132
2019-12-04,1066791.6472662808,-0.0036489998897903386,0.0008333333333333333,0.043265346650498596,0.46511627906976744,-0.023641016271428446,86,86,-0.0051976793056469255,-0.01640790965682764,-0.011195575505396264,-0.03809139336524736,-0.0016855178430375687
2020-01-06,1052379.9727962832,-0.013279892140452167,0.0008333333333333333,0.028089935894654805,0.23255813953488372,-0.09989413801458276,86,86,-0.023832699855784574,0.03363594014701088,-0.004643768373734543,0.01944985985858897,-0.0039005298079651425
2020-02-05,1056787.825579209,0.004373173602062233,0.0008333333333333332,-0.11244204893626582,0.1839080459770115,-0.0570424918093784,87,87,-0.05236004389587508,0.07257905371038423,0.04497025374197747,0.08549460484418683,-0.05852713166541727
2020-03-06,1057993.2251012933,0.0017393666305714748,0.0008333333333333332,-0.11021511151729256,0.5977011494252873,0.032269142918035704,87,87,-0.07178781248892477,0.06497687859061986,0.048789229195102736,0.07511139121149638,-0.10562667979722193
2020-04-06,1057619.296861083,0.00012938948280691862,0.0008333333333333332,0.07065258319568207,0.48275862068965514,-0.008562615672888269,87,87,-0.03461060206578319,0.012591633856930039,0.009326851525850666,-0.008268578059043914,0.027544788985655638
2020-05-06,1131369.24174307,0.07022409116139917,0.0008333333333333332,0.1164021762408559,0.45977011494252873,0.11657655846636869,87,87,0.1801766001414958,-0.23878263744232373,-0.054285386178629866,-0.2421943374582399,0.15680433632780647
2020-06-05,1087976.0233440523,-0.0379343906874073,0.0008333333333333332,-0.013173421925581878,0.4367816091954023,-0.126340591565882,87,87,-0.07272542630603272,0.1589881115254108,0.0051726603275340476,0.11190512416691048,-0.06684319649979703
2020-07-07,1076627.653824782,-0.010183262371633705,0.0008333333333333335,0.05677399382407736,0.2499999999999999,-0.053339944836668735,88,88,-0.001310614313855974,0.004795686968749097,-0.015386378522506839,-0.002732208214362375,0.018972856616198835
2020-08-05,1089179.3376611536,0.012141400608398615,0.0008333333333333335,0.039208318400019135,0.4772727272727273,0.07637622550785782,88,88,0.0167950132239898,-0.050583478534872404,-0.0070777744699482325,-0.032046231202578615,-0.008433376166434147
2020-09-03,1080543.7533104157,-0.007590202323625095,0.0008333333333333335,-0.012439632178271088,0.34090909090909094,0.006762496154055556,88,88,-0.009693086172899842,0.007151002815248423,-0.0020866584405275614,-0.015307297633206443,-0.0006904431421838669
2020-10-05,1090498.6197479914,0.009442249184198205,0.0008333333333333335,-0.011039228275396693,0.22727272727272727,0.06866271944620145,88,88,0.027453157958091008,-0.022657039241799567,-0.008443584335825266,-0.046244256964689354,0.027918575196664228
2020-11-03,1125170.2408863243,0.03216961686597264,0.0008333333333333335,0.08731630811684274,0.36363636363636365,0.07706758464566946,88,88,0.09250721169748635,-0.19225361763225984,-0.024080283630043407,-0.1801590737958234,0.08376404660710542
2020-12-03,1110985.5829363517,-0.012140496246662358,0.0008333333333333333,0.01682809069911203,0.4719101123595506,-0.04953564355640201,89,89,-0.00768716035039794,0.019365476869027565,0.006924153329577934,-0.011340199573021806,0.01249004522162212
2021-01-05,1125024.7844662685,0.012796025242330736,0.0008333333333333333,0.03923832182042921,0.15730337078651685,0.05968783622929469,89,89,0.025562105585803206,-0.003584862799790541,-0.0068118699677738245,-0.045266556641419986,0.0247806796689704
2021-02-04,1180206.6107628136,0.049332397713219796,0.0008333333333333333,-0.011642064445317176,0.2696629213483146,0.14931557776211307,89,89,0.11039659247503096,-0.12888101781112943,-0.00739456066035088,-0.09713250295904363,0.06978698793595176
2021-03-08,1172527.474565443,-0.0059481471767260305,0.0008333333333333333,0.06638798220479242,0.5617977528089888,-0.03972109059879944,89,89,0.0028077743851549963,0.023052248552481107,7.413860595257248e-05,0.02750369132712329,-0.02048757417280346
2021-04-07,1208734.260095329,0.031110974412799246,0.0008333333333333333,0.030232318760119697,0.2247191011235955,0.16957361880474114,89,89,0.03862139593013497,-0.028118587522494395,0.009499155615892369,0.031974261886014266,0.01996049968080973
2021-05-06,1215696.664865847,0.006257554597285235,0.0008333333333333333,0.007417415565969767,0.4943820224719101,0.03733709101843095,89,89,-0.005397970117377179,0.019531610077478983,0.0055765718777183795,-0.043050789807055775,0.008043174511375088
2021-06-07,1186676.3158581909,-0.023520279551073074,0.0008333333333333333,0.03191489865716473,0.3595505617977528,-0.12198538047319288,89,89,-0.06642771140082425,-0.008854297229191137,0.022167414315593124,0.07014297195149914,-0.02965012116425106
2021-07-07,1207236.7343487928,0.0175069445966726,0.0008333333333333333,0.016662820514976424,0.17777777777777765,0.016989057327237298,90,90,-0.01886341731212392,0.013867001994362194,0.01657284537040295,0.013131969207186841,-0.019308938630854432
2021-08-05,1204892.2615711745,-0.0015204355105888883,0.0008333333333333333,0.025302016276648038,0.4222222222222223,-0.04231267929514402,90,90,-0.015337512291248294,-0.0011017071295208044,0.010030493395105828,0.002365877394852888,0.008327060343574104
2021-09-03,1211143.1898738178,0.005590192296748692,0.0008333333333333333,-0.041901570631091054,0.4,0.07352018001185356,90,90,0.04182840814157279,0.011056778157063527,-0.022218911244853833,-0.05261897294429832,0.02799922245371862
2021-10-05,1237833.653878784,0.022287306548849663,0.0008333333333333333,0.07046651467012635,0.24444444444444444,0.0691871988140472,90,90,-0.009606063414602205,0.024223880802211606,0.019405288726481923,-0.01677099995102284,-0.013249733503960403
2021-11-03,1273042.6992208338,0.028924249387369566,0.0008333333333333333,-0.024616315562405434,0.4666666666666667,0.10943280229830542,90,90,0.02358516277674541,-0.04335144439188631,0.02590868276372651,0.07132603816745131,-0.028230809616748637
2021-12-03,1296157.283966592,0.018609674922258457,0.0008333333333333333,0.055357069285549995,0.4444444444444444,0.05957829158464861,90,90,0.030688004572175298,-0.049783213670505075,-0.0141642144595311,-0.022289322510571433,0.030932330533887477
2022-01-04,1329049.0170043595,0.025490287304866445,0.0008333333333333333,-0.06700546192595644,0.1111111111111111,0.1100057302551154,90,90,0.05419693503165268,-0.038909283928077174,-0.027710869762600666,0.030670848793522228,-0.0006797903360491265
2022-02-03,1353826.1789660344,0.01886919050635661,0.0008333333333333333,-0.06276687712727887,0.22222222222222224,0.06452057391773973,90,90,0.035448115978819916,0.012647302152930839,-0.0041640304539226755,0.034395594321150434,0.008949834307057168
2022-03-07,1304740.5288277275,-0.035684750039201026,0.0008333333333333333,0.07573910514776606,0.5934065934065933,-0.14166593579546552,91,91,-0.03634717919633079,-0.027556626504983018,-0.02492571425661151,-0.06909970934433071,0.023517813499890787
2022-04-05,1364999.5220950732,0.04639163515855476,0.0008333333333333333,-0.08612684632297132,0.19780219780219782,0.18134097814745548,91,91,0.07676738684510936,-0.008732420839397556,-0.01421659234612811,0.040854611114797525,0.014389462364037096
2022-05-05,1371345.8119121697,0.0052679246122292476,0.0008333333333333333,-0.004893409089569147,0.6153846153846154,0.06905535986438145,91,91,0.013317506736299787,0.003120443029053792,0.01348334474250642,0.015014727648394077,0.0012033662309938638
2022-06-06,1388456.0451738932,0.012917363535482755,0.0008333333333333333,-0.05264968773133395,0.4347826086956524,-0.014884369867495978,92,92,-0.02138848662331318,0.037787079885499356,0.05243099999484654,0.07650718113509739,-0.016784616317974402
2022-07-07,1359350.8187027657,-0.020770707565972765,0.0008333333333333333,0.06103153057463959,0.1956521739130435,-0.07664341999060031,92,92,-0.01763604512653339,-0.024667288837280456,-0.01693744018616833,-0.0713067911031077,-0.005357798439071203
2022-08-05,1361216.1560866798,0.0018077952299847403,0.0008333333333333333,-0.056491387616180666,0.4347826086956521,0.03064421323143616,92,92,0.018101878889106245,0.050127716580896264,-0.0016783188283487262,0.019192415793600905,0.002575650982952595
2022-09-06,1352003.4758126743,-0.0064872021124669655,0.0008333333333333333,-0.03151028040433511,0.28260869565217395,-0.04985010899988244,92,92,-0.016896353157146292,0.02133756255399649,0.00902463584647082,-0.0015120828564577048,0.010485779713566068
2022-10-05,1360246.246928695,0.006271712300463467,0.0008333333333333333,-0.016255063989838642,0.17391304347826086,0.014029328305988738,92,92,0.008719982620734434,0.0521864241543421,-0.00563938887978381,0.039268194008773336,-0.028411738490252112
2022-11-03,1373484.7923900445,0.01014520991128205,0.0008333333333333335,0.07420998186360862,0.40860215053763427,0.042649095544695356,93,93,-0.0064654619759774035,-0.07360138987616632,0.018364814940278838,-0.020967788224240537,0.018788166201216316
2022-12-05,1405450.6453546581,0.023779925558148472,0.0008333333333333335,-0.04731902486803128,0.4946236559139785,0.11263320668169964,93,93,0.02990105943818116,-0.029751734813730096,0.0010903694863060214,0.02006543150547582,0.017719838370938375
2023-01-05,1421047.291465973,0.01127123850748388,0.0008333333333333335,0.077204066414719,0.17204301075268819,0.08514983090405236,93,93,0.006411372888060647,-0.10126748964694628,0.0027829542196087667,-0.12482284419399459,0.039950359629498486
2023-02-06,1389313.789317388,-0.022162836860838482,0.0008333333333333335,-0.026981519840372448,0.17204301075268819,-0.11759935623193783,93,93,-0.018239038865134557,0.04135424723230427,-0.005277024053980876,0.004182836239147395,-0.019436501270892796
2023-03-08,1379475.0182399384,-0.006675874294428042,0.0008333333333333335,0.029228106341838256,0.40860215053763443,-0.03707332549256861,93,93,-0.030074677999141028,0.008616563850479712,0.017770304134345695,0.06356434897563315,-0.046159672766687636
2023-04-06,1350191.02182406,-0.020954651382118043,0.0008333333333333335,0.008637982224242315,0.2795698924731183,-0.09728061504035405,93,93,-0.026583487030205164,0.008507964377213116,-0.015393801808990408,0.006041378136249306,0.0072312447788231765
2023-05-08,1370866.7545047652,0.015918418754947233,0.0008333333333333331,0.032911777682735587,0.595744680851064,0.0800487480546677,94,94,0.0572110468287596,-0.04714882823597208,-0.031043906880364035,-0.06510088891643386,0.030146256943826638
2023-06-07,1349569.773917707,-0.015242080407201064,0.0008333333333333331,0.033979918417658544,0.2978723404255319,-0.10570401107104355,94,94,-0.021189891810395604,0.0006311516909724198,-0.003273747295693886,-0.029425047006521925,0.008728312215194822
2023-07-10,1381223.9639923575,0.0235639127685481,0.0008333333333333331,0.020464221134791554,0.10638297872340424,0.12583914502411067,94,94,0.05155694481455726,-0.013862920264074551,-0.0021447552488627845,-0.013029124288973435,0.007586443639425356
2023-08-08,1354279.1459253882,-0.019194905405553023,0.0008333333333333331,-0.00872865877696315,0.3191489361702128,-0.07853334049621503,94,94,-0.01922578025319624,0.03589272190570428,0.0018467550869239353,0.03946996862716362,-0.040124787274080184
2023-09-07,1362214.0394921324,0.0061374203713609465,0.0008333333333333331,-0.031501350114319274,0.276595744680851,0.04337534329125292,94,94,0.004278025677018209,0.006775676900818239,0.016531630135054112,0.0583825260271504,-0.02226553061726927
2023-10-06,1387905.39793545,0.019033453720261155,0.0008333333333333331,0.014216119727637078,0.1702127659574468,0.10542856166836964,94,94,0.01900235574110125,0.030134884476566252,0.002186732556999647,0.04294761004972799,-0.03006559389726149
2023-11-06,1401571.4565426637,0.010250634915148497,0.0008333333333333336,0.04283897075462169,0.39999999999999997,0.022825155799472887,95,95,-0.0004930978555866532,-0.030198614295513227,0.008240310154555886,-0.06565708412565803,0.046838537723022364
2023-12-06,1453220.4117435322,0.037200119709997495,0.0008333333333333336,0.0467487583935577,0.3368421052631579,0.15319515379974577,95,95,0.04135864839639815,-0.0297320602130918,0.0027876671373813283,-0.05765376653928558,0.03359843601290703
2024-01-08,1455425.8584801473,0.0016652409645379748,0.0008333333333333336,0.048328505983173675,0.1473684210526316,-0.053610668203027304,95,95,-0.022044929655479408,0.09845072491381202,0.008855730047317507,0.03036383823247451,-0.03651349493745741
2024-02-07,1465175.0195369562,0.007037706478744386,0.0008333333333333336,0.026976672674189774,0.3368421052631579,0.022094138406015543,95,95,0.013030210205333745,0.0051215376733572985,0.004116770777694101,-0.026143211819634218,0.01632901626975311
2024-03-08,1483357.1023515584,0.012899952321029135,0.0008333333333333336,0.01784490936049522,0.4842105263157895,0.05406335483727439,95,95,0.037701948933357925,-0.010919516024644547,-0.019020363875815037,-0.028552941127681038,0.01214411189871912
2024-04-09,1490879.417387569,0.005219279937603095,0.0008333333333333336,-0.004109856343219612,0.1473684210526316,0.03344350569750932,95,95,-0.0021154601328627048,0.006534999587763017,0.003380245586031926,0.0167560888195828,-0.023710832548714308
2024-05-08,1483059.9701946625,-0.004825834853071275,0.0008333333333333336,0.032004254522753704,0.42105263157894735,-0.06771642792115318,95,95,0.00034973460532570534,0.0043092252407711815,-0.0029584876432763533,0.01003202418195882,-0.03376869903149676
2024-06-07,1488773.4480495364,0.004082595059837829,0.0008333333333333333,0.053097299960389255,0.22916666666666669,0.021974815047060958,96,96,0.0007678456896902464,0.03685193746243691,0.008562516112160672,0.004593043353148378,-0.025584249735233325
2024-07-10,1481411.3197356677,-0.004654787443820084,0.0008333333333333333,-0.05618823517705206,0.29166666666666663,-0.018061332022023573,96,96,0.0023763827608509138,-0.02629820865072244,-0.006136155280962936,0.05862157586400056,0.031402856994613496
2024-08-08,1454797.7579522114,-0.017494220992602998,0.0008333333333333333,0.029266676159438298,0.47916666666666663,-0.0964691009773713,96,96,-0.011400061016889628,0.002174060606681147,-0.01235717460960309,0.02300385559526131,-0.011853064074349044
2024-09-09,1443142.464339302,-0.007722210318414685,0.0008333333333333333,0.05087538077651148,0.29166666666666663,0.012708055944830102,96,96,0.0007977040275991918,0.017903112381007884,-0.01911579789860761,-0.07495451649527862,0.02012939969594483
2024-10-08,1409623.9364070834,-0.023083603050044865,0.0008333333333333333,0.03070149157422855,0.14583333333333331,-0.038529260110004473,96,96,-0.0025205008122265093,0.007882824640282947,-0.012070344144711299,-0.013578148579140397,-0.004343825788030737
2024-11-06,1396135.171007123,-0.009197501525632501,0.0008333333333333333,0.02797858596625389,0.375,-0.09285284478649647,96,96,-0.04171562133103701,0.0435319697792529,-0.001206114509428641,-0.01717777000725736,-0.009885447758864383
2024-12-06,1405015.1844216988,0.006716970858521139,0.0008333333333333333,-0.027244711160682316,0.35416666666666663,0.06267321079576312,96,96,0.005436111987162439,0.009208331362922508,0.012231219616013988,-0.004563417939832578,-0.005831930423472999
2025-01-08,1385086.9283581267,-0.014000689912027126,0.0008333333333333335,0.025722758405871928,0.18556701030927825,-0.04649725778801708,97,97,-0.028539459883289722,0.05097501884650961,-0.011262771973516165,0.00972416365658581,-0.04195903569400701
2025-02-10,1411981.4165951607,0.019669473710333535,0.0008333333333333335,-0.07906344822985266,0.24742268041237112,0.04149824088260318,97,97,0.027798960906808313,-0.07313994437298993,-0.015570339066604875,0.09091419813207147,-0.002708844630732337
2025-03-12,1374209.9117572804,-0.026469690542978597,0.0008333333333333335,-0.06031523038695897,0.28865979381443296,-0.1116150133755827,97,97,-0.026973116739420964,0.050644421950485304,-0.003566022010867392,0.04158042284943833,-0.025131634888999273
2025-04-10,1421118.0075398663,0.034369192014945586,0.0008333333333333335,0.10557194845896763,0.22680412371134018,0.08007720231134675,97,97,0.04435852413973916,-0.041682516595577854,0.004713451773158654,-0.1277633602399722,0.046185110008010906
2025-05-12,1417427.947797703,-0.002061611970384831,0.0008333333333333335,0.03102383304968392,0.536082474226804,-0.06325449090939281,97,97,-0.0005491263088514262,0.0031076673736288984,-0.010284705409462561,-0.02130346483064706,-0.024921332990479703
2025-06-11,1426652.789983467,0.006778014012195036,0.0008333333333333335,0.04120571658393816,0.26804123711340205,0.06643261124473268,97,97,0.021147706007874172,-0.005175520599996303,-0.014521304142051165,-0.07044739882693701,0.005228013119849812
2025-07-14,1404008.3540428486,-0.015710065465525787,0.0008333333333333335,0.028214890104772877,0.16494845360824742,-0.01844065037571561,97,97,-0.004377795366696703,0.01730752662274209,-0.0016326560987268376,0.0019744830945007457,-0.010733740109113522
2025-08-12,1445241.5759572964,0.02983058984887791,0.0008333333333333332,0.022979953858193486,0.44897959183673475,0.16466785241913162,98,98,0.036295905374109566,-0.014690015830749168,-0.00969636897447553,-0.026776870464949056,0.029408500353483052
2025-09-11,1404792.0055871776,-0.027789692928611658,0.0008333333333333332,-0.0042661123517870984,0.20408163265306123,-0.06396933183194592,98,98,-0.00463978449712675,0.03937824492171818,-0.012249684741858325,-0.013445010524876129,-0.041686932074381094
2025-10-10,1407585.6011291887,0.0022136053494920837,0.0008333333333333332,0.04260054195489153,0.22448979591836735,0.03279764695004496,98,98,0.020329044602239898,0.041691474801162975,-0.01822620715913288,-0.01186389671618502,-0.011752611779496627
2025-11-10,1461224.6727467866,0.03870069039394303,0.0008333333333333335,0.00895540994523397,0.5714285714285715,0.22553092350713227,97,97,0.03932039321580777,-0.04064487239140114,0.013306891570660197,-0.047372850110408996,0.023936759734462562
2025-12-10,1446600.228814167,-0.009745626700272255,0.0008333333333333332,0.013928865139107427,0.2653061224489797,0.045879059544294803,98,98,-0.0013608845760931959,0.004067804486811813,1.3476552847524817e-05,-0.018008296581327778,-0.005226004999966457
2026-01-12,1442105.6282354959,-0.002923873016697522,0.0008333333333333332,-0.004613795532993699,0.18367346938775508,0.07962322317094399,98,98,0.057625741190676705,0.054992982369884515,-0.031157941371988053,0.0006464930661244208,-0.009460368303815487
2026-02-11,1396728.155490926,-0.031189319717938695,0.0008333333333333332,-0.04382468450725018,0.2857142857142857,-0.11039654739882222,98,98,-0.02647303433229398,-0.005777554634562004,-0.014212315018193727,0.029835890236629165,-0.023561402388740604
2026-03-13,1401481.8531575357,0.0037107106903669453,0.0008333333333333332,0.05015835713481844,0.30612244897959184,0.08945739104355051,98,98,0.02224456581130721,0.11737495135893328,-0.005684784556115057,-0.08039780067901436,-0.015711142790902473
2026-04-14,1384659.377863986,-0.01182184652837102,0.0008333333333333332,0.0666323456027546,0.1836734693877551,-0.012885240344474774,98,98,0.015748697832247645,0.0802732080545982,-0.04267048093603091,-0.08265296652998003,-0.019557938787061795
2026-05-13,1449977.8524803484,0.047900069401798466,0.0008333333333333332,-0.000754683215090435,0.6938775510204082,0.16708517456277325,98,98,0.061888703026308174,0.006840196388233058,0.0326484299698052,-0.03228526921925219,0.03676557939162785
2026-06-12,1441720.567003613,-0.00543090135078563,3.9682539682539676e-05,0.0,0.26530612244897955,-0.06873917888205566,98,98,-0.004455533089511896,-0.0003225150893311655,-0.00443085154015811,-0.008575558332060834,-0.004969348160842547
