date,capital,period_return,borrow_cost,benchmark_return,turnover,ic,n_long,n_short,ret_value,ret_momentum,ret_quality,ret_low_vol,ret_size
2016-01-04,990584.1836400791,-0.007430677715351599,0.0008333333333333333,-0.04956199956917513,2.0,-0.030860908607617463,74,74,-0.024276816644548154,0.012421371360046306,0.04361077378151974,0.0745063527060454,-0.014320069119446485
2016-02-03,1008255.9600377318,0.01822502656291833,0.0008333333333333333,0.046622370958892004,0.3783783783783784,0.12809052017280323,74,74,0.056234552784932015,-0.09139700572505408,-0.01592523641951479,-0.07139004840818147,0.08868166161291259
2016-03-04,1001821.2413644377,-0.00581776330395417,0.0008333333333333333,0.02373042341027934,0.5675675675675675,-0.04117793214410321,74,74,-0.022835003761344955,0.028991745756696476,0.021674829486934263,0.036415910567454836,-0.01374091628673663
2016-04-05,1031539.0550624711,0.029883497258298322,0.0008333333333333333,0.004007603771783742,0.21333333333333335,0.12871738863549848,75,75,0.035694002225140936,-0.042399918147031666,0.01823945718881689,-0.019755840339599057,0.01564957946539689
2016-05-04,1015325.4528187151,-0.01537653917583695,0.0008333333333333333,0.025381844045538747,0.3466666666666667,-0.14019042667562256,75,75,-0.018176782674115904,-0.015554089794817778,-0.010312400690118297,-0.02428017896050248,0.02845031430668468
2016-06-03,1004567.6160878689,-0.010282914323642528,0.0008333333333333333,-0.0037461220345684537,0.31578947368421073,-0.0662714297652643,76,76,-0.022910110776354457,0.07582343748669057,0.015593066652775663,0.06435353316643665,-0.026395814000385067
2016-07-05,1018020.432543096,0.013575935079536654,0.0008333333333333335,0.036603910259633596,0.1818181818181816,0.12584714066713273,77,77,0.029690120184516035,-0.06162763486138209,-0.004315583447800329,-0.06683462742801029,0.01473438091620741
2016-08-03,1028074.5983379306,0.010269804145506628,0.0008333333333333335,0.005581863416368381,0.38961038961038963,0.050734497894392196,77,77,0.013477849093720622,-0.042875414372589085,0.007104846669110557,-0.025089948854533223,0.008950029410257805
2016-09-01,1020028.8271076997,-0.007619848938342872,0.0008333333333333335,-0.0023950039699854324,0.2077922077922078,-0.045346111341528356,77,77,0.007050411698600888,-0.010967752288339475,-0.0060888777576837095,-0.02463946875038032,0.009790725645482477
2016-10-03,1016128.2711439686,-0.0036451334770433367,0.000833333333333333,-0.022353918534419575,0.17948717948717968,-0.00021419942438170866,78,78,0.029768495144596105,-0.032785761073968266,-0.025353398260252957,-0.006051149468857431,-0.006481725023731089
2016-11-01,1082399.2824709157,0.06543769068468203,0.000833333333333333,0.039765622854363136,0.20512820512820515,0.23204582984385438,78,78,0.09036002632151968,-0.054920837524549404,0.00949889429231051,-0.031394009143373605,0.016941011429738754
2016-12-01,1080071.4906536173,-0.0017410430082974758,0.000833333333333333,0.03137212779830142,0.41025641025641024,-0.02301047855754882,78,78,0.0043914312316354915,-0.018888164471122397,-0.011927880302805118,-0.0018434025214968204,0.0038004470360545866
2017-01-03,1050744.5096097586,-0.026903302722069252,0.000833333333333333,0.011169633691827526,0.2564102564102564,-0.11134365120785666,78,78,-0.021770448237034022,0.009662152751654144,-0.014141874279542232,0.003619848029000157,0.014117573149593636
2017-02-02,1059263.17963162,0.008391688721971463,0.000833333333333333,0.04271538920182697,0.28205128205128205,0.08000297231449507,78,78,-0.0028983924917019856,0.00774437827224233,0.015840917718810497,0.02871872760280924,-0.03300071830143189
2017-03-06,1035609.4113248261,-0.021427099861747102,0.000833333333333333,-0.00508434082324484,0.923076923076923,-0.14597151218838492,78,78,-0.016485443879454567,0.010278781075078978,-0.011543883844516253,0.010736805806206163,0.00259099172105527
2017-04-04,1001431.411407945,-0.032708929414742606,0.000833333333333333,0.013832431303224818,0.30379746835443033,-0.16058608062823257,79,79,-0.021056485427441974,-0.013232498642950681,-0.013751666148455861,0.022611199499225104,-0.013618350693507432
2017-05-04,978640.1658804726,-0.022387423227419184,0.000833333333333333,0.021668675194156124,0.379746835443038,-0.19177070249793257,79,79,-0.03622002754805086,0.04129160093305481,-0.010952880852152413,0.017540537213780762,-0.011065714822643137
2017-06-05,1000315.0240207455,0.022613935631072928,0.000833333333333333,-0.00014800280626504772,0.45569620253164556,0.14625564092865426,79,79,0.04343069353260958,-0.014295154139639617,0.006633531812546366,-0.03318542333269778,0.01292511562972494
2017-07-05,990593.9556719878,-0.009542482826169311,0.000833333333333333,0.017111864569741803,0.17721518987341772,-0.05135008473052599,79,79,-0.0008116873676227258,0.013546057987651156,-0.0009124135998055975,0.004358474585707942,-0.006857141773791346
2017-08-03,983511.1168373805,-0.006727952305344852,0.0008333333333333332,0.0035569889673235534,0.42499999999999993,-0.0760241777283482,80,80,-0.012227131450880419,0.0037177890464397843,-0.0008304540679687066,0.006069592673823809,-0.014446410377807237
2017-09-01,1007815.8167826715,0.02494278825755382,0.0008333333333333332,0.02500286099522892,0.22500000000000003,0.18837524190365557,80,80,0.025099028514255606,-0.011809895450572117,0.02090611339505857,-0.013463116383045017,0.008552051062282677
2017-10-03,1000219.2235081904,-0.0074384239898809225,0.0008333333333333332,0.018144979074255642,0.1,-0.03144025901134499,80,80,-0.01861639651533061,0.04874203188688182,0.004932189211659532,0.03801322114770083,-0.026202049375143078
2017-11-01,1034435.9180982563,0.034390213417645296,0.0008333333333333332,0.02670927866889832,0.175,0.15739864802921869,80,80,0.0168906838532544,-0.027742953016749887,0.04341579413335782,-0.008183345243605117,0.023545973603660966
2017-12-01,1042198.6736512175,0.007806678828332995,0.0008333333333333332,0.02756971240181523,0.3,0.093056671551648,80,80,0.015546470086209858,-0.026461289783769975,-0.009160192324736631,-0.03733219804400459,0.003369158843953754
2018-01-03,1050594.3701120156,0.008230016291632372,0.0008333333333333333,0.018244804593074423,0.1728395061728397,0.035241550275599144,81,81,-0.014767252659184377,0.021504489029269314,0.014335010502195277,0.015203047862312864,-0.011170655874938894
2018-02-02,1056168.6147242833,0.005479587550388335,0.0008333333333333333,-0.009373849823279544,0.1728395061728395,0.02386823570555673,81,81,-0.005593279237162016,-0.0040241593765565215,0.01882600435580916,-0.04679689697171491,0.021660018659704506
2018-03-06,1053232.298430205,-0.0020902457183047786,0.0008333333333333333,-0.02289306993606361,0.691358024691358,0.037925349396748444,81,81,-0.016044167196199936,0.03540046483040911,0.015721466002212504,0.030633883884968127,-0.007677505659683732
2018-04-05,1041306.6435308077,-0.011103155501883942,0.0008333333333333333,0.001429410061334839,0.2222222222222222,-0.018945477410296972,81,81,-0.016107817265747518,-0.003559177999441044,0.011271279423471971,-0.0054183081217637685,0.007262685154788632
2018-05-04,1048298.433743421,0.007037685928067531,0.0008333333333333333,0.03356309747355012,0.32098765432098764,0.033199927646869305,81,81,-0.01125518814313218,0.013158241913534235,0.035253493885364674,-0.026980298720265965,-0.006967564957062971
2018-06-05,1047039.318274892,-0.0009544261058620459,0.0008333333333333333,-0.0027799676700999403,0.24691358024691357,-0.00032154270726589355,81,81,-0.0024499477568895736,-0.04972676013591386,-0.012247432069078829,-0.0006576601763455567,0.019934205747608784
2018-07-05,1056987.4846007582,0.009625879892140704,0.0008333333333333333,0.037690446841609326,0.12345679012345678,0.07114272567027323,81,81,0.016988460264472476,0.0037145562281395055,0.016331856702058598,0.02034648841867829,-0.015438222168969472
2018-08-03,1043885.9755366377,-0.01210243075789359,0.0008333333333333333,0.02166055207971211,0.2962962962962963,-0.03016253926004889,81,81,-0.03813796433997635,0.05202440307764184,0.03212165140100272,0.0007629494068112764,-0.0063389698841091295
2018-09-04,1046106.6265983025,0.0024243073539142075,0.0008333333333333333,0.01108553242834015,0.2962962962962963,-0.011386032444237948,81,81,0.005906239529959889,-0.01734644598952846,-0.0036902715613669136,0.029719909403495365,-0.029014793917297013
2018-10-03,1059952.8500888026,0.013433701273376562,0.0008333333333333332,-0.06445625894699426,0.19512195121951204,0.03278225411361548,82,82,0.010565794997650028,0.004528861489021738,0.015107179056803631,0.01444645785902055,-0.003604750038034765
2018-11-01,1046014.3697086605,-0.012813006480895872,0.0008333333333333332,0.020948352556069284,0.34146341463414637,-0.04806603671059766,82,82,-0.018080565494557145,-0.008715471006319355,0.001164706295885937,0.03324980402260541,-0.013586663016128804
2018-12-03,1044171.3524788497,-0.001449143490252694,0.0008333333333333333,-0.09548822526630193,0.3132530120481928,-0.04204049165396884,83,83,-0.012472536907388065,0.011175197167161985,0.010615994807400749,0.026232440201959285,-0.0395694660163792
2019-01-04,1027196.7351346562,-0.016066869960764747,0.0008333333333333333,0.07886246987352455,0.1927710843373494,-0.033467243367565576,83,83,-0.007428336540899956,-0.030124692954136594,-0.017642157667899394,-0.02398348152119467,0.04236770831597574
2019-02-05,1008311.26405693,-0.018148856309748433,0.0008333333333333333,0.006969470514844964,0.24096385542168677,-0.10685096447853867,83,83,-0.03316103903462565,0.02172213532659685,0.0038598893908423568,0.021389835818880147,-0.015089007326545206
2019-03-07,1004362.9934916667,-0.003195144109523684,0.0008333333333333333,0.052525760584850596,0.7228915662650603,-0.05254220265696093,83,83,-0.014562819551327388,-0.019801039132081193,-0.006449050433674437,-0.02037391204549365,0.014947683458175164
2019-04-05,983466.9448489344,-0.020502097439515685,0.0008333333333333331,-0.002220544596573941,0.3095238095238097,-0.12890867196504716,84,84,-0.019452388893775745,0.009310064552353255,-0.006481868069537468,0.019347890197900917,-0.008264580198626043
2019-05-07,939554.5471821213,-0.04414992526954256,0.0008333333333333331,-0.010930678943805032,0.5238095238095237,-0.20801227821244753,84,84,-0.07233760578707163,0.07748117062174012,0.00034214309179457416,0.06965710968041952,-0.03592858793157352
2019-06-06,954233.0495632509,0.015864704054379047,0.0008333333333333331,0.04619105355238753,0.23809523809523808,0.047268039708835446,84,84,0.02368022854115299,-0.01675648165450563,-0.015557537207697241,-0.015506932529304511,0.010097608840785562
2019-07-08,950060.8555411169,-0.0041826214000676015,0.0008333333333333331,-0.03086040106245813,0.19047619047619047,-0.026154316504800587,84,84,-0.011165698549869964,0.01638363755449087,0.00999931406545317,0.034450131875536874,-0.01653529311473633
2019-08-06,943345.2677260406,-0.006554332774775013,0.0008333333333333331,0.034223542423606694,0.5176470588235293,-0.09526810512077545,85,85,-0.02701342704919011,0.034718044279381605,0.017560357791281688,0.032374742999148165,-0.04227908443127286
2019-09-05,948780.8721137252,0.006259262354198918,0.0008333333333333331,-0.007112189459422602,0.49411764705882355,0.09377508291373113,85,85,0.023228182723418683,-0.03049995765296471,-0.003322977872026911,-0.0010900332513511888,0.02103534856097717
2019-10-04,985094.3424905122,0.038539495063252036,0.0008333333333333333,0.04328265328912061,0.2558139534883721,0.22881591729829642,86,86,0.08471639035775996,-0.11883263900934962,-0.00966162310048972,-0.083889533749753,0.04611057802469978
2019-11-04,977189.0057041028,-0.00774804648038452,0.0008333333333333333,0.013218647292894596,0.27906976744186046,-0.11419451701687165,86,86,-0.0315185619620307,0.009170713711972698,0.011455777061241363,0.008000486872401735,-0.007932393438964468
2019-12-04,969133.9774254055,-0.00771230215299848,0.0008333333333333333,0.043265346650498596,0.5348837209302326,-0.07339940587043373,86,86,-0.001998882815928969,-0.01640790965682764,-0.010865496952678806,-0.03809139336524736,-0.006136338883341747
2020-01-06,950435.9775483545,-0.01904545644224927,0.0008333333333333332,0.028089935894654805,0.2528735632183908,-0.1420672052289474,87,87,-0.03217328602522028,0.03363594014701088,-0.0047439626221461115,0.019196612172700824,-0.01516887954740679
2020-02-05,915727.4459350071,-0.03634131262542088,0.0008333333333333332,-0.11244204893626582,0.1839080459770115,-0.11582300860014698,87,87,-0.08739253650595984,0.07379632391093464,0.0433631917099371,0.08549460484418683,-0.06392397781991714
2020-03-06,879340.8998913139,-0.03913873000247937,0.0008333333333333332,-0.11021511151729256,0.6206896551724137,-0.05705272512757888,87,87,-0.11125956092421399,0.06497687859061987,0.048131251323737856,0.07511139121149638,-0.12854840428937286
2020-04-06,872694.4186443547,-0.007147645272905578,0.0008333333333333332,0.07065258319568207,0.41379310344827586,-0.008041599134453048,87,87,-0.037164862161001906,0.01259163385693004,0.009326851525850666,-0.010900357077312486,0.018877644041872914
2020-05-06,959128.762025644,0.09949804500614082,0.0008333333333333332,0.1164021762408559,0.41379310344827586,0.14943075786852383,87,87,0.19279233543550117,-0.2417805455725801,-0.05524209281560435,-0.23991870158158776,0.1632226937334474
2020-06-05,894969.2493431005,-0.06632059460425811,0.0008333333333333335,-0.013173421925581878,0.6136363636363635,-0.21177278068889033,88,88,-0.10019386965813837,0.16005601832070443,0.005172660327534052,0.11213682519541865,-0.08511037603698735
2020-07-07,876266.7395552332,-0.02054121014602623,0.0008333333333333335,0.05677399382407736,0.36363636363636365,-0.09785224507272255,88,88,-0.012135995000669402,0.005222770735913533,-0.016800741902525278,-0.0026780273153581913,0.01893407202228685
2020-08-05,886513.5023907062,0.012199757041263087,0.0008333333333333335,0.039208318400019135,0.5,0.0726018627651401,88,88,0.03522177020939139,-0.05290882634260946,-0.0073730268298674295,-0.034165470101857345,-0.008212356852901516
2020-09-03,893601.1194648532,0.008361611098867143,0.0008333333333333335,-0.012439632178271088,0.36363636363636365,0.03390014742945372,88,88,-0.003126832541810171,0.0069156470932697015,-0.0030549600726012325,-0.015582820566338909,-0.0007297820230095934
2020-10-05,908855.1313303971,0.017324600572678074,0.0008333333333333335,-0.011039228275396693,0.24999999999999997,0.07442585538000251,88,88,0.03415786088959287,-0.023246030245654796,-0.00918504965204199,-0.046291860947820715,0.03907160852572714
2020-11-03,950111.7820012642,0.04586414024523588,0.0008333333333333333,0.08731630811684274,0.44943820224719105,0.11204264462637867,89,89,0.11386338598500728,-0.19161954085474459,-0.023448305162594316,-0.18105118940589962,0.09690469643758891
2020-12-03,933762.0340845892,-0.016744227811330867,0.0008333333333333333,0.01682809069911203,0.47191011235955055,-0.09200525014151252,89,89,-0.01917249713669145,0.019790728968386358,0.006924153329577934,-0.011171109411371217,0.009760924928676869
2021-01-05,943519.8527783053,0.010608978022042656,0.0008333333333333333,0.03923832182042921,0.15730337078651685,0.06433062509547816,89,89,0.04075299218925171,-0.004282789145912161,-0.006811869967773824,-0.04492714312222532,0.031653446536019314
2021-02-04,1016260.7139141038,0.07740995892025762,0.0008333333333333333,-0.011642064445317176,0.29213483146067415,0.22888975884104545,89,89,0.1365461586214427,-0.1311491335381651,-0.006903811691054313,-0.09685064281342108,0.09482504642924945
2021-03-08,1002594.5308671667,-0.01293734961046192,0.0008333333333333333,0.06638798220479242,0.5168539325842697,-0.0828118149872495,89,89,-0.016737099651679247,0.023975341828758646,7.413860595257334e-05,0.030221690783830184,-0.028611920653140402
2021-04-07,1039007.5579237937,0.036598328950875926,0.0008333333333333333,0.030232318760119697,0.2696629213483146,0.19698843952015754,89,89,0.02785389815107548,-0.0281185875224944,0.00949915561589237,0.03316634007932444,0.02300132514946005
2021-05-06,1055243.2529222833,0.016077746892393503,0.0008333333333333333,0.007417415565969767,0.44444444444444425,0.051203025029329,90,90,0.004949322485258752,0.01947667840046646,0.004213726286748435,-0.04129002776401708,0.007325131025035911
2021-06-07,1000846.2449930866,-0.051190820143572506,0.0008333333333333333,0.03191489865716473,0.37777777777777777,-0.21068800474880536,90,90,-0.08558809092356087,-0.008298138536453455,0.019765665988124653,0.07181464079836683,-0.03393420979920389
2021-07-07,1009038.9295811135,0.008320200125135659,0.0008333333333333333,0.016662820514976424,0.13333333333333333,-0.00908805035911887,90,90,-0.0180812527572716,0.013658472870126438,0.017859459342868103,0.013814428391808704,-0.025046923395098914
2021-08-05,999998.4621563335,-0.008523669514630378,0.0008333333333333333,0.025302016276648038,0.4395604395604395,-0.07606757185248492,91,91,-0.012605855172624811,0.0007689213479708536,0.008466702728938869,0.0038022997099323302,0.002909792762615341
2021-09-03,1009478.141466415,0.009923616357097051,0.0008333333333333333,-0.041901570631091054,0.43956043956043955,0.09031979759866803,91,91,0.04695996400547921,0.008612952059752883,-0.023121232916237886,-0.054702941730311525,0.01937204407130594
2021-10-05,1018495.2460831224,0.009132050208313916,0.0008333333333333333,0.07046651467012635,0.1978021978021978,0.034483026587524654,91,91,-0.0062837044238455465,0.02319833062821912,0.01989910563177764,-0.013512206655590565,-0.016300669040841244
2021-11-03,1048544.7798685819,0.030024524505775304,0.0008333333333333333,-0.024616315562405434,0.5054945054945055,0.12079410073737058,91,91,0.018924992081305048,-0.04339220914882515,0.028560375047162037,0.07182718250412273,-0.02825405413829125
2021-12-03,1072030.956661457,0.022780968441333288,0.0008333333333333333,0.055357069285549995,0.37362637362637363,0.08863779942542797,91,91,0.03127884483766817,-0.04890051672627699,-0.012987754737744365,-0.02179066480507501,0.036878812972891355
2022-01-04,1109181.293350274,0.03474513070153034,0.0008333333333333333,-0.06700546192595644,0.08791208791208792,0.13361407646545478,91,91,0.06082384923032141,-0.038421057318385035,-0.02836972053375785,0.02900053424515083,0.0028947847701208318
2022-02-03,1132631.588830392,0.021366462239891353,0.0008333333333333333,-0.06276687712727887,0.2197802197802198,0.05417390078765367,91,91,0.029016271583264162,0.013858902788064476,-0.0012218077698665885,0.03461202149302586,0.011371797982666978
2022-03-07,1069567.2945050471,-0.05505640179494809,0.0008333333333333333,0.07573910514776606,0.6593406593406593,-0.22480331038905754,91,91,-0.045271940682685585,-0.030539614891568014,-0.026657741134068866,-0.07190197854554173,0.004397288695699163
2022-04-05,1153983.6491010122,0.07906645451145458,0.0008333333333333333,-0.08612684632297132,0.13043478260869587,0.2637781961793046,92,92,0.10848542906528783,-0.012140030087539486,-0.015495795663273318,0.0394662660117659,0.031838137792415636
2022-05-05,1169814.1309792367,0.014247288773844211,0.0008333333333333333,-0.004893409089569147,0.5217391304347827,0.06990665100990227,92,92,0.0007085227663606083,0.0021773493699258446,0.020075001178986487,0.015392498343560943,-0.005017837856538372
2022-06-06,1181585.329608129,0.010501800683356816,0.0008333333333333333,-0.05264968773133395,0.4347826086956522,-0.030077931034232827,92,92,-0.021648247724441322,0.03774945289658813,0.054601303355839265,0.07517380429993115,-0.007092120783976832
2022-07-07,1145109.1274154563,-0.03059954598713365,0.0008333333333333335,0.06103153057463959,0.2795698924731181,-0.12577555108103752,93,93,-0.01949410836192538,-0.02387891004005942,-0.016336969875460045,-0.07004727965706542,-0.00654510416330617
2022-08-05,1145658.599854483,0.0009964862079957738,0.0008333333333333335,-0.056491387616180666,0.5161290322580645,0.03631347983633592,93,93,0.004211683172919871,0.050700332977212784,-0.0004580135639953662,0.020883218720634686,-0.005014381306251875
2022-09-06,1146028.378693052,0.0005809797436705033,0.0008333333333333335,-0.03151028040433511,0.25806451612903225,-0.056821425644143365,93,93,-0.008817939441456632,0.020346382267806665,0.010558241148193967,-0.0017706228644448934,0.0026534017668839675
2022-10-05,1140797.4801152642,-0.004307417971685238,0.0008333333333333335,-0.016255063989838642,0.25806451612903225,0.01646014676885169,93,93,0.0074518288992567175,0.049824684077584364,-0.005356624614353501,0.03882028700568925,-0.04270466221645712
2022-11-03,1147210.3054761908,0.006010776547169879,0.0008333333333333335,0.07420998186360862,0.3870967741935484,0.03020495170322282,93,93,-0.0004220994747542693,-0.07425828975179422,0.018580751597604896,-0.01923959774281582,0.016924090453953163
2022-12-05,1174384.4321365596,0.024188334663514117,0.0008333333333333331,-0.04731902486803128,0.48936170212765984,0.14897536537376185,94,94,0.03968977168632411,-0.029456958746182982,1.9801008807811098e-06,0.01941630485731278,0.015065661098427696
2023-01-05,1179661.898786099,0.00460068764573302,0.0008333333333333331,0.077204066414719,0.10638297872340424,0.04132519234901529,94,94,-0.008991021605896921,-0.10059022197787895,-0.002179882116193174,-0.12473493298134843,0.04259194667458779
2023-02-06,1158375.3889717436,-0.017877415546328095,0.0008333333333333331,-0.026981519840372448,0.1702127659574468,-0.129215133752375,94,94,-0.02514148360560385,0.04283680061807694,-0.003778731251071101,0.00544620389764584,-0.0202798194311904
2023-03-08,1132156.8002119116,-0.022259477298256402,0.0008333333333333331,0.029228106341838256,0.3829787234042553,-0.0865095363252743,94,94,-0.04158706780433441,0.007595388900747406,0.022019619530465058,0.06363915557443944,-0.0591873096644016
2023-04-06,1111147.9498462917,-0.018326731403446005,0.0008333333333333331,0.008637982224242315,0.23404255319148934,-0.11412725542634272,94,94,-0.029634616401018807,0.008635526290106218,-0.014267000834623803,0.006189595253354586,0.0069400975473768705
2023-05-08,1113813.120525826,0.0029533993719480377,0.0008333333333333331,0.032911777682735587,0.553191489361702,0.0532487900172648,94,94,0.03815717184851791,-0.04860277023880036,-0.03118337449545982,-0.06500480680309338,0.022554222513650416
2023-06-07,1095419.6239094306,-0.0161790703352807,0.0008333333333333331,0.033979918417658544,0.34042553191489355,-0.11056725626754209,94,94,-0.022594033702433382,-0.0017070728487859586,-0.002958298043273762,-0.02934826785803618,0.00849485299146694
2023-07-10,1119924.7677673562,0.02247818329030256,0.0008333333333333336,0.020464221134791554,0.10526315789473684,0.11387509677705097,95,95,0.04477496035242709,-0.012711874090572926,-0.0016193349945981131,-0.01224065078109093,-0.006056102373117828
2023-08-08,1092333.7506530448,-0.024410565608378443,0.0008333333333333336,-0.00872865877696315,0.23157894736842105,-0.12001464148840303,95,95,-0.027886291389418026,0.0366160307321963,0.0022911149270746856,0.03848166116571588,-0.040685797046437044
2023-09-07,1098658.192572352,0.006065188071680222,0.0008333333333333336,-0.031501350114319274,0.27368421052631575,0.04461028485293233,95,95,0.00433019089149457,0.00552436290216384,0.016932498286358538,0.05758761600118671,-0.024206380567119705
2023-10-06,1106290.9184800517,0.007074525657619927,0.0008333333333333336,0.014216119727637078,0.12631578947368421,0.05967922522837848,95,95,0.006335112341939359,0.032085780492392565,0.002535977131469941,0.04257794332949248,-0.045366436423318925
2023-11-06,1122642.9527022103,0.015251174733914302,0.0008333333333333336,0.04283897075462169,0.4631578947368421,0.055682443130501365,95,95,0.011831335986082438,-0.030530671385861186,0.007719497858274783,-0.06425466534745622,0.03879472060776318
2023-12-06,1161402.606020953,0.03493933682611563,0.0008333333333333336,0.0467487583935577,0.39999999999999997,0.1578044193308627,95,95,0.042808097086275455,-0.03183976434645924,0.0021201574050358843,-0.05854068517134093,0.02724528951991823
2024-01-08,1137502.2189280568,-0.020455167163404047,0.0008333333333333336,0.048328505983173675,0.12631578947368421,-0.1252545830684722,95,95,-0.0369122941168532,0.09882997547577299,0.007739054409817193,0.0310418687000594,-0.04953797737385583
2024-02-07,1139952.5389728718,0.0024706930023909914,0.0008333333333333336,0.026976672674189774,0.3157894736842105,0.02267969324710767,95,95,0.013436547152638758,0.002660668628133885,0.0012232531108270755,-0.028371595396309433,0.01974749576649749
2024-03-08,1155674.0829390488,0.014298551486525085,0.0008333333333333333,0.01784490936049522,0.5000000000000001,0.035432538816780955,96,96,0.033452832676748354,-0.010983183741229353,-0.017147763310466697,-0.024646181082673843,0.006209384059634577
2024-04-09,1153193.833045474,-0.0019174227085033242,0.0008333333333333333,-0.004109856343219612,0.22916666666666666,0.01225580505903391,96,96,-0.015060182109471427,0.005654221526099577,0.0037456083404200273,0.01872772925875739,-0.03191790165227195
2024-05-08,1141858.0835652668,-0.009334540753372035,0.0008333333333333333,0.032004254522753704,0.49999999999999994,-0.08890398924797785,96,96,-0.005710381677521142,0.0031383186232025687,-0.0011630912441805558,0.010140577449769638,-0.02903255042451091
2024-06-07,1133510.763955044,-0.0071241309245021625,0.0008333333333333333,0.053097299960389255,0.1875,-0.00638189703153929,96,96,0.000797261782813123,0.03640100708872832,0.009737963527390257,0.0039095843486809095,-0.029267709037193605
2024-07-10,1143491.0797483937,0.009014994005885646,0.0008333333333333333,-0.05618823517705206,0.20833333333333331,0.009755739514293326,96,96,0.008040099143819472,-0.024828727045854412,-0.007570092396390739,0.060791013808672426,0.04465796696244609
2024-08-08,1119236.3651210882,-0.020823518916689803,0.0008333333333333333,0.029266676159438298,0.39583333333333326,-0.09203454055692732,96,96,-0.00306062004815205,0.001213116962658418,-0.010763582304114883,0.021347409376059723,-0.013840519596089682
2024-09-09,1107215.8349272767,-0.010495112964430226,0.0008333333333333335,0.05087538077651148,0.24742268041237106,-0.008170006440275407,97,97,-0.015829229578256273,0.01620118003423328,-0.018973238249406756,-0.07467462337686742,0.011258658669727447
2024-10-08,1096616.9463555543,-0.009307012124405292,0.0008333333333333333,0.03070149157422855,0.268041237113402,-0.044524168501810395,96,96,0.001282646294133315,0.007305756413208422,-0.015012131338751454,-0.01550255406361243,0.006494610288218239
2024-11-06,1077343.1812729079,-0.017207111283625627,0.0008333333333333333,0.02797858596625389,0.37499999999999994,-0.11254117381153125,96,96,-0.037602330085553415,0.04374029426603236,-0.00199773040247086,-0.01671650555553519,-0.01158713123533908
2024-12-06,1086484.202020724,0.008963258229170329,0.0008333333333333335,-0.027244711160682316,0.47422680412371127,0.06757327795744836,97,97,0.0024695523144959318,0.00939026774141167,0.012057271078208044,-0.005144651222703968,-0.0006295582640083669
2025-01-08,1065199.0779035583,-0.019408861705134915,0.0008333333333333335,0.025722758405871928,0.18556701030927836,-0.07358473640495738,97,97,-0.0291443780797337,0.04887219498199091,-0.010305512429862402,0.011727441599123587,-0.04723833690681856
2025-02-10,1085727.6425755448,0.019587381405546396,0.0008333333333333335,-0.07906344822985266,0.30927835051546393,0.040640328566901945,97,97,0.026642334299699696,-0.0735699149879298,-0.01604159101900604,0.08852556995486037,0.0018469321372186435
2025-03-12,1054609.4488208124,-0.02834059421491089,0.0008333333333333335,-0.06031523038695897,0.32989690721649484,-0.13776478734986494,97,97,-0.035347488591977685,0.05305656167937317,-0.0016028549219540855,0.04342322357454945,-0.032080155190415544
2025-04-10,1102744.1048672323,0.04592251306279294,0.0008333333333333335,0.10557194845896763,0.268041237113402,0.0809480115416613,97,97,0.0497385592905461,-0.04458095089220289,0.0015332342624361749,-0.13308189631264639,0.05260855477960452
2025-05-12,1093529.081630548,-0.007824559651780832,0.0008333333333333335,0.03102383304968392,0.5360824742268041,-0.07528348511181249,97,97,-0.007440803416172112,0.0023782527431125498,-0.010602485055028988,-0.02113482865724501,-0.01916063399176306
2025-06-11,1103603.3155142856,0.009503992118317294,0.0008333333333333335,0.04120571658393816,0.28865979381443296,0.06759324585801685,97,97,0.024491530019317954,-0.004643591079410781,-0.013171396424890344,-0.07042470215191005,0.0059840283625245206
2025-07-14,1082255.3911107539,-0.01924376142355471,0.0008333333333333332,0.028214890104772877,0.10204081632653073,-0.018990688202648726,98,98,-0.010285581748807199,0.01817443510996836,-0.0018968852668076925,0.0050171869423448895,-0.009949283954909065
2025-08-12,1109672.5244033108,0.025772947277952245,0.0008333333333333332,0.022979953858193486,0.4285714285714286,0.16729524145496572,98,98,0.04042495273260759,-0.015188459356505537,-0.009696368974475532,-0.024727806189352153,0.03147607058738491
2025-09-11,1079570.545383575,-0.026948179275930732,0.0008333333333333332,-0.0042661123517870984,0.18367346938775508,-0.06797041052744157,98,98,-0.01078542079134231,0.0402713113216992,-0.011643828658400069,-0.013490661544552994,-0.038697601234241395
2025-10-10,1075033.1316353965,-0.003959051917029234,0.0008333333333333332,0.04260054195489153,0.24489795918367346,0.044574630863841974,98,98,0.01870018005792504,0.04212853629298043,-0.018206284912743377,-0.013553940264264942,-0.00663838166205287
2025-11-10,1116508.9820983552,0.03908993941711477,0.0008333333333333332,0.00895540994523397,0.48979591836734687,0.22244372049009983,98,98,0.04543215689078015,-0.04038321199482721,0.010858450111121642,-0.05004202841246779,0.028825030414921488
2025-12-10,1109864.9208921655,-0.005749887254333714,0.0008333333333333331,0.013928865139107427,0.2020202020202017,0.05486265994274507,99,99,-0.0027116955088190807,0.0039863495205273245,0.00095613947196912,-0.020022596702941042,-0.004368558182209874
2026-01-12,1118409.8936805595,0.007902727322848515,0.0008333333333333331,-0.004613795532993699,0.20202020202020204,0.10825129373095094,99,99,0.06918277209983772,0.055178218195338066,-0.03180245158055438,0.0019414740908187973,-0.00016500111003352885
2026-02-11,1076441.6846801327,-0.03723314315176476,0.0008333333333333331,-0.04382468450725018,0.3030303030303031,-0.1323761288820496,99,99,-0.03657252835896933,-0.008514529518836573,-0.015282557182430868,0.03227594205314918,-0.032113941629730205
2026-03-13,1082908.4290680892,0.006353135706712186,0.0008333333333333331,0.05015835713481844,0.3434343434343434,0.07607671837408699,99,99,0.02035178551557345,0.11879109658650036,-0.0053389806265455465,-0.08357573717407901,-0.021985719462879062
2026-04-14,1073168.763197836,-0.008793744731415337,0.0008333333333333331,0.0666323456027546,0.20202020202020204,0.005856857288564973,99,99,0.017336914399330824,0.07996992255601051,-0.03931418111704153,-0.0821426893722207,-0.017714500787162333
2026-05-13,1122835.0292753165,0.0468933461004104,0.0008333333333333331,-0.000754683215090435,0.5858585858585859,0.16814425691296267,99,99,0.06469556052326758,0.005317238918850093,0.031463238856153444,-0.034785176103424555,0.03353972126709849
2026-06-12,1116376.0008957095,-0.005451050169649673,3.9682539682539676e-05,0.0,0.30303030303030304,-0.0785913951198783,99,99,-0.004661415408767253,-0.00031925736115610294,-0.004385638769340169,-0.008086263363928656,-0.005539304650821945
