date,capital,period_return,unlev_return,leverage,turnover,gross_exposure,n_long,n_short
2016-01-04,983874.4481522857,-0.0161255518477144,-0.0152505518477144,1.0,1.75,1.75,7,0
2016-02-03,1013507.7818357208,0.03011901949388604,0.03011901949388604,1.0,0.0,1.75,7,0
2016-03-04,1045483.452769091,0.03154950707477955,0.03154950707477955,1.0,0.0,1.75,7,0
2016-04-05,1033831.2470519939,-0.011145279904942434,-0.011145279904942434,1.0,0.0,1.75,7,0
2016-05-04,1062151.7678779475,0.027393755902339667,0.027393755902339667,1.0,0.0,1.75,7,0
2016-06-03,1076272.0611841804,0.013294044912662173,0.013294044912662173,1.0,0.0,1.75,7,0
2016-07-05,1118765.5335031163,0.039482091797665,0.024384186543159464,1.6422130015765524,1.1238727527589667,2.8738727527589667,7,0
2016-08-03,1122952.4590306305,0.003742451302020346,0.002190082711672925,1.753133019829607,0.19411003194284543,3.067982784701812,7,0
2016-09-01,1106825.2588401102,-0.014361427379073522,-0.00774741542921345,1.843499527704203,0.15814138878054318,3.226124173482355,7,0
2016-10-03,1049832.7758569606,-0.05149185251055299,-0.02804056735934468,1.8361033938300582,0.012943234279753468,3.213180939202602,7,0
2016-11-02,1053590.255262795,0.003579121829919222,0.002353712471982905,1.6061239099236768,0.40246409683616735,2.8107168423664346,7,0
2016-12-05,1093663.970806561,0.0380353893210321,0.022554939562327597,1.689581781099588,0.1460512745578444,2.9567681169242785,7,0
2017-01-05,1119274.838241602,0.023417492135316045,0.01360810346824226,1.7229977068491131,0.05847787006166916,3.0152459869859483,7,0
2017-02-06,1160743.856123901,0.03704989736698394,0.02069789618349263,1.7929909960931205,0.12248825617701292,3.137734243162961,7,0
2017-03-08,1176747.4803320705,0.013787386531263338,0.0075291377421380645,1.8362288072738155,0.0756661695662163,3.213400412729177,7,0
2017-04-06,1217437.904290264,0.034578721975857485,0.018181961721677936,1.9051305653605044,0.1205780766517055,3.3339784893808826,7,0
2017-05-08,1239444.8976858954,0.01807648120538923,0.009512173350832043,1.9550116590414686,1.0398571966219397,3.42127040332257,6,1
2017-06-07,1231507.6000106614,-0.0064039133083313325,-0.0031438397907348203,2.019127144281838,0.11220209917064677,3.5334725024932165,6,1
2017-07-07,1258195.4287004021,0.021670859919589315,0.010590106711656333,2.048780755486858,0.051893819608784364,3.585366322102001,6,1
2017-08-07,1263767.9429323375,0.0044289735162136405,0.002250905783058449,2.1075051301761056,0.6296439382502101,4.215010260352211,7,1
2017-09-06,1311901.010224743,0.03808695066336452,0.017687789504437224,2.156034238304696,0.0970582162571807,4.312068476609392,7,1
2017-10-05,1311391.1160730426,-0.00038866815996524114,-0.00015968502714047705,2.194304779932015,0.0765410832546376,4.38860955986403,7,1
2017-11-03,1355265.662250705,0.03345649184283361,0.015014371588428749,2.23072343027595,0.07283730068787087,4.4614468605519,7,1
2017-12-05,1321931.0917976184,-0.024596336630950646,-0.010550537184380204,2.274299349400104,1.2025135533862825,4.548598698800208,6,2
2018-01-05,1274449.8530791341,-0.035918089084293475,-0.015970091776786904,2.2474003657788186,0.0537979672425708,4.494800731557637,6,2
2018-02-06,1209549.01161682,-0.050924594094864085,-0.023250802966510276,2.187660094889582,0.119480541778473,4.375320189779164,6,2
2018-03-08,1229641.2454278902,0.016611343251161734,0.00801704498385572,2.084829717463913,0.20566075485133783,4.169659434927826,6,2
2018-04-09,1161132.5634491616,-0.055714365660277564,-0.026193745578174304,2.125459150582445,0.08125886623706347,4.25091830116489,6,2
2018-05-08,1108679.0641037389,-0.04517442796506272,-0.022013842655541238,2.0245150188440637,1.2141457728987943,4.049030037688127,5,3
2018-06-07,1074135.8987557716,-0.031157046675082834,-0.015739683500266527,1.9764692814273788,0.09609147483336988,3.9529385628547575,5,3
2018-07-09,1056620.2494248613,-0.0163067348844774,-0.008277305879342889,1.9691718117452535,0.014594939364250603,3.938343623490507,5,3
2018-08-07,1050555.1520241075,-0.005740091962135915,-0.002629133915099141,1.9886206984312127,1.023483679244545,3.9772413968624254,4,4
2018-09-06,1015038.1710357213,-0.03380782143608122,-0.016736554672787424,2.01822974049372,0.0592180841250145,4.03645948098744,4,4
2018-10-05,1128140.5511388502,0.11142672594048542,0.055425015109086456,2.0105436473815037,0.015372186224432483,4.021087294763007,4,4
2018-11-05,1220527.4840521077,0.08189310526954602,0.04567951142149457,1.797440597852794,0.42620609905741924,3.594881195705588,4,4
2018-12-06,1325838.4539158759,0.08628316137063921,0.05053990202646344,1.708978839798076,0.17692351610943602,3.417957679596152,4,4
2019-01-08,1215146.1588016113,-0.08348852364881551,-0.05146853896763476,1.6204064251089632,0.17714482937822584,3.2408128502179263,4,4
2019-02-07,1161841.677303434,-0.04386672427187427,-0.029183868437663213,1.4989538409251828,0.2429051683675607,2.9979076818503656,4,4
2019-03-11,1115290.6088615966,-0.04006661953277453,-0.02685287654542662,1.4775254989514417,0.7816194334232031,2.9550509979028834,3,5
2019-04-09,1121490.6238821112,0.0055591026870055495,0.004053373656204617,1.4649345833979899,0.7576491228058987,2.9298691667959798,2,6
2019-05-09,1147599.4986140055,0.023280510934203545,0.015700109082538383,1.4840418005278155,0.03821443425965132,2.968083601055631,2,6
2019-06-10,1077182.997799668,-0.06135982187111601,-0.04072155511370573,1.4973759499436596,0.768689199095596,2.9947518998873193,1,7
2019-07-10,1114259.7508306294,0.03442010606062017,0.023715800113671498,1.4532194727815484,0.08831295432422248,2.906438945563097,1,7
2019-08-08,1118775.9031755112,0.004053051670864961,0.003034015092323983,1.4567920746808418,0.7337549401893609,2.9135841493616836,2,6
2019-09-09,1135969.880128837,0.01536856210839259,0.010437916214763365,1.4740298300116406,0.034475510661597486,2.948059660023281,2,6
2019-10-08,1116817.6179025518,-0.016859832783694118,-0.011063360769392683,1.4892495963301355,0.7674544476428102,2.978499192660271,3,5
2019-11-06,1108631.5900156144,-0.0073297804007705315,-0.00413444882515121,1.5000817151247463,2.255538632084425,3.0001634302494926,6,2
2019-12-06,1095512.8968404687,-0.011833230527880632,-0.0077993618394303355,1.5152590024492694,0.030354574649046118,3.0305180048985387,6,2
2020-01-08,1118398.9998105967,0.02089076544523836,0.013677207355422438,1.5283733948314397,0.026228784764340762,3.0567467896628795,6,2
2020-02-07,1177542.0709301278,0.05288190630494759,0.03483249061590399,1.5404635797942807,1.552553764757122,3.0809271595885614,4,4
2020-03-10,1066426.6923189058,-0.09436213053810738,-0.060885355821146514,1.524531896158757,3.080927159588561,3.049063792317514,8,0
2020-04-08,1165783.1128634384,0.09316760473097829,0.06536284823335331,1.4306339453077843,0.685409427315784,2.36365436500173,8,0
2020-05-08,1258910.7115365332,0.07988415481877359,0.058959106210252715,1.3562829213446956,0.16214798388032153,2.2015063811214084,8,0
2020-06-09,1257905.9197926128,-0.0007981437720027968,-0.0005497635028589212,1.3105168300362917,0.1553388979329513,2.265313096437552,8,0
2020-07-09,1383897.3756191407,0.10015968113680539,0.07586652936643318,1.3226651869733796,0.37267222533872235,2.6379853217762745,8,0
2020-08-07,1356396.0855026084,-0.019872347907465587,-0.015833000510992873,1.2508160592880306,0.136353203200213,2.5016321185760613,8,0
2020-09-08,1406706.4566442557,0.03709120932990963,0.02954269540740634,1.2556765490802817,0.009720979584502132,2.5113530981605634,8,0
2020-10-07,1460803.0881865004,0.03845623320112838,0.0305673469729158,1.2581634965803477,0.0049738950001319004,2.5163269931606953,8,0
2020-11-05,1588085.092948121,0.08713152771304297,0.06914535143285055,1.260149994252814,0.003972995344932784,2.520299988505628,8,0
2020-12-07,1670060.1675231438,0.05161881749223156,0.0424596339340603,1.2167375262919997,0.08682493592162865,2.4334750525839994,8,0
2021-01-07,1759196.6770230883,0.05337323243398029,0.044067870268238135,1.2112835515714377,0.010907949441123943,2.4225671031428755,8,0
2021-02-08,1697030.055047478,-0.03533807378536466,-0.02931629924012019,1.2051995193439822,0.012168064454911143,2.4103990386879643,8,0
2021-03-10,1760744.5650210648,0.03754471512397825,0.03132786084285791,1.1986538432493634,0.013091352189237515,2.397307686498727,8,0
2021-04-09,1769207.7853717485,0.00480661449639764,0.004001957565081066,1.2018693052547684,0.006430924010810024,2.403738610509537,8,0
2021-05-10,1831944.692326805,0.035460451549999446,0.029281356269880016,1.2113486325700187,0.018958654630500504,2.4226972651400374,8,0
2021-06-09,1886400.124771779,0.02972547843450921,0.024457070654346297,1.2155878379748106,0.008478410809583892,2.4311756759496213,8,0
2021-07-09,1906240.1218030867,0.010517385347240607,0.008612106621668614,1.2219741487576266,0.012772621565631859,2.443948297515253,8,0
2021-08-09,1944468.5349896867,0.020054353462270046,0.016294245925814577,1.2313375504003086,0.018726803285364024,2.462675100800617,8,0
2021-09-08,1851390.544710638,-0.04786808765694034,-0.03859941253546165,1.2399028688461389,0.01713063689166061,2.4798057376922777,8,0
2021-10-07,2035303.669938991,0.09933783325932334,0.08118586569041233,1.223783862142888,0.032238013406501675,2.447567724285776,8,0
2021-11-05,1971325.2138412814,-0.03143435401933292,-0.026671633390153826,1.1768074784355982,0.0939527674145797,2.3536149568711964,8,0
2021-12-07,1897330.6131874963,-0.03753546098545588,-0.03199261538002665,1.1731392482111014,0.007336460448993609,2.3462784964222028,8,0
2022-01-06,1737844.2481909601,-0.08405828899192262,-0.07207098936059622,1.1662304196044497,0.013817657213303303,2.3324608392088995,8,0
2022-02-07,1660697.5829944892,-0.044392163035771585,-0.03961160480888737,1.1195062424915752,0.09344835422574915,2.2390124849831503,8,0
2022-03-09,1651172.4747605326,-0.005735606730264177,-0.0051574370071274245,1.1103236152126548,0.01836525455784077,2.2206472304253095,8,0
2022-04-07,1548842.8124567282,-0.06197393904512911,-0.05523203041935934,1.116920041623035,0.5683546604270876,2.23384008324607,7,1
2022-05-09,1592542.5976590877,0.028214473961398437,0.02575363189269661,1.0963518568493333,0.041136369547403184,2.1927037136986667,7,1
2022-06-08,1599929.7960657217,0.004638619034425041,0.004467646106834311,1.100560733192025,0.5565936811100501,2.20112146638405,6,2
2022-07-11,1471667.4915386867,-0.08016745787373668,-0.07186499787016268,1.107771091740958,1.114981450289891,2.215542183481916,4,4
2022-08-09,1487241.0710628259,0.010582267810955344,0.009887573608687444,1.0737046951736384,0.06813279313463916,2.147409390347277,4,4
2022-09-08,1564174.1067451073,0.05172869226056463,0.047886728644421894,1.0803694143293021,0.01332943831132738,2.1607388286586042,4,4
2022-10-07,1434288.0726315603,-0.08303809246902001,-0.07724342318203806,1.074948102199048,0.010842624260508416,2.149896204398096,4,4
2022-11-07,1437172.85506226,0.0020112991844148448,0.0022158804246151798,1.040583855303044,0.5890204214435298,2.081167710606088,3,5
2022-12-07,1454029.0835903585,0.011728741235770208,0.011954096138484971,1.046968652361183,1.5736453770708438,2.093937304722366,0,8
2023-01-09,1366231.525333134,-0.06038225730700692,-0.05733917583128037,1.0529669828902675,0.01199666105816899,2.105933965780535,0,8
2023-02-08,1469655.7834839514,0.07570038916032129,0.07294630906682403,1.0379606110407869,0.03001274369896123,2.0759212220815737,0,8
2023-03-10,1342567.8462991978,-0.08647462801356136,-0.08489227156474788,1.018409274286735,0.0391026735081037,2.03681854857347,0,8
2023-04-11,1341515.0478954338,-0.0007841677473998599,-0.000762390373352767,0.9858250702722651,0.06516840802893986,1.9716501405445301,0,8
2023-05-10,1308906.972342762,-0.024306902560524684,-0.024510355594617894,0.9914690344862594,0.011287928427988758,1.982938068972519,0,8
2023-06-09,1259930.3054175065,-0.03741798917733176,-0.03765580895027751,0.9936270706745172,0.004316072376515434,1.9872541413490343,0,8
2023-07-12,1280230.6034390223,0.01611223885498082,0.01624765435907155,0.9917792628223884,0.003695615704257582,1.9835585256447767,0,8
2023-08-10,1305801.5646040265,0.019973714966908265,0.020049369627902908,0.9964600443408765,0.009361563036976328,1.992920088681753,0,8
2023-09-11,1361370.9240421285,0.04255574579201314,0.04253512239669746,1.000581757066803,0.00824342545185286,2.001163514133606,0,8
2023-10-10,1358046.6252127588,-0.002441875884567488,-0.002442878889855671,0.9989016664072587,0.00336018131908844,1.9978033328145175,0,8
2023-11-08,1247955.435650229,-0.0810658393597366,-0.08072342171600855,1.004176517612312,0.010549702410106665,2.008353035224624,0,8
2023-12-07,1174553.3426036185,-0.0588178799897333,-0.06003616568772341,0.9792929943643573,0.04976704649590946,1.9585859887287147,0,8
2024-01-09,1147258.7840780634,-0.023238245157134917,-0.023974951133355543,0.968835669489391,0.020914649749932623,1.937671338978782,0,8
2024-02-08,1124457.8273487643,-0.019874292570897276,-0.020457923593255878,0.9713487956932405,0.005026252407698939,1.942697591386481,0,8
2024-03-11,1147271.9233247864,0.02028897431379259,0.020822486631531106,0.9745308889436359,0.006364186500790847,1.9490617778872719,0,8
2024-04-10,1126626.9709411184,-0.017994820551207106,-0.018396084363408616,0.9779990169529826,0.00693625601869341,1.9559980339059653,0,8
2024-05-09,1118080.6422572231,-0.007585766100341244,-0.007725609428956309,0.9814518042573628,0.00690557460876029,1.9629036085147256,0,8
2024-06-10,1041877.1587836534,-0.06815562365852905,-0.06911226924434372,0.9860909682132992,0.009278327911872886,1.9721819364265984,0,8
2024-07-11,1070629.323029459,0.02759650118385583,0.028404711893659063,0.9720412243941347,0.028099487638329146,1.9440824487882693,0,8
2024-08-09,1033801.2319070362,-0.034398545164272015,-0.03531951016566737,0.9738728916587033,0.003663334529137252,1.9477457833174066,0,8
2024-09-10,993850.9084491328,-0.0386441050995921,-0.03968224245364543,0.9738378599191925,7.006347902160925e-05,1.947675719838385,0,8
2024-10-09,968461.3029281265,-0.02554669448421175,-0.026262797479094352,0.9726894515394529,0.0022968167594792366,1.9453789030789057,0,8
2024-11-07,952326.8637909596,-0.01665986972157257,-0.017087169187846363,0.9748656072150963,0.004352311351286886,1.9497312144301926,0,8
2024-12-09,1005761.0890993681,0.05610912318035544,0.05734676591856164,0.9784813143105011,0.007231414190809637,1.9569626286210022,0,8
2025-01-09,987702.7898661745,-0.017954859686771418,-0.017733113508842907,0.9710157383508558,1.4714547594455742,1.9420314767017115,3,5
2025-02-10,1078828.0441149122,0.09225979230157333,0.09493312278125976,0.9744329559974056,0.49234230446852767,1.9488659119948113,2,6
2025-03-12,1131827.7233043155,0.04912708700753617,0.05208422418997741,0.9482777637347759,0.5264492663926474,1.8965555274695518,1,7
2025-04-10,1012417.7750393788,-0.10550187613033998,-0.11148799119816416,0.9441529256161776,0.4803261390452854,1.8883058512323552,2,6
2025-05-12,988420.5374672734,-0.023702900288541332,-0.025993750496914245,0.910574537468869,0.06730590546491985,1.8209999457674353,2,6
2025-06-11,945503.9070394948,-0.04341940378712495,-0.04731810055069366,0.9127482169828035,0.4597837569326061,1.825496433965607,1,7
2025-07-11,944937.4645967127,-0.0005990905363422856,-0.00040554817864923987,0.9105995706758533,0.4595970779518271,1.8211991413517066,2,6
2025-08-11,915522.0473984145,-0.031129485601306347,-0.033782139161954494,0.9146198608195557,0.4633403656253315,1.8292397216391114,1,7
2025-09-10,881767.3835247832,-0.03686930748369188,-0.04026877673052001,0.9155572405558757,0.0018747594726400418,1.8311144811117515,1,7
2025-10-09,885601.5790771882,0.00434830730195327,0.005001301925480733,0.9152474710444203,0.4582432745451211,1.8304949420888406,2,6
2025-11-07,866469.4635333418,-0.02160352465019591,-0.02350141398982264,0.9190805122755015,0.007666082462162382,1.838161024551003,2,6
2025-12-09,842412.0067305207,-0.027764921691202045,-0.029874139944150363,0.9216202338552856,0.4646196992973189,1.8432404677105712,3,5
2026-01-09,845001.8087323874,0.003074270049779931,0.003331537990665545,0.9232746043782734,0.0033087410459755606,1.8465492087565467,3,5
2026-02-10,881076.6550587621,0.042692034447229986,0.04605404402472496,0.9270812586752405,0.007613308593934276,1.854162517350481,3,5
2026-03-12,840360.5202499697,-0.04621179618710569,-0.0497184893696285,0.9247725529494725,0.4670036879262723,1.849545105898945,4,4
2026-04-13,773344.7728176082,-0.07974642527522266,-0.08646786670668341,0.9222372776985377,0.005070550501869553,1.8444745553970754,4,4
2026-05-12,765007.930378208,-0.010780240240100901,-0.011864964988793997,0.907320269560905,0.029834016275265496,1.81464053912181,4,4
2026-06-11,741591.0718294815,-0.030609955294384525,-0.03360530558716465,0.9107642608315936,0.0068879825413772355,1.8215285216631871,4,4
